participant,participant_id,segment_id,text,start_time,end_time,audio_path,speaker
667_P,667,667_0,what are not perfect I'll show you later but there's an etc etc out,0.2,5.7,D:\NCKH_DATATEAM\dataset\E-DAIC\667_P\667_AUDIO.wav,Ellie
667_P,667,667_1,absolutely,10.8,11.6,D:\NCKH_DATATEAM\dataset\E-DAIC\667_P\667_AUDIO.wav,Participant
667_P,667,667_2,Ellen,19.8,20.5,D:\NCKH_DATATEAM\dataset\E-DAIC\667_P\667_AUDIO.wav,Ellie
667_P,667,667_3,Ally or alley,22.3,23.5,D:\NCKH_DATATEAM\dataset\E-DAIC\667_P\667_AUDIO.wav,Participant
667_P,667,667_4,I'm out of its container and eyes,33.1,35.2,D:\NCKH_DATATEAM\dataset\E-DAIC\667_P\667_AUDIO.wav,Ellie
667_P,667,667_5,Okay so,37.5,38.3,D:\NCKH_DATATEAM\dataset\E-DAIC\667_P\667_AUDIO.wav,Participant
667_P,667,667_6,ding dong,49.2,50.0,D:\NCKH_DATATEAM\dataset\E-DAIC\667_P\667_AUDIO.wav,Ellie
667_P,667,667_7,obviously,64.8,65.7,D:\NCKH_DATATEAM\dataset\E-DAIC\667_P\667_AUDIO.wav,Participant
667_P,667,667_8,yeah,79.4,80.2,D:\NCKH_DATATEAM\dataset\E-DAIC\667_P\667_AUDIO.wav,Ellie
667_P,667,667_9,okay,83.6,84.1,D:\NCKH_DATATEAM\dataset\E-DAIC\667_P\667_AUDIO.wav,Participant
667_P,667,667_10,so how are you doing today could be worse,86.8,90.3,D:\NCKH_DATATEAM\dataset\E-DAIC\667_P\667_AUDIO.wav,Ellie
667_P,667,667_11,Georgia,95.2,96.6,D:\NCKH_DATATEAM\dataset\E-DAIC\667_P\667_AUDIO.wav,Participant
667_P,667,667_12,nothing really,106.5,107.7,D:\NCKH_DATATEAM\dataset\E-DAIC\667_P\667_AUDIO.wav,Ellie
667_P,667,667_13,everything from traffic to smell pollution,114.7,120.9,D:\NCKH_DATATEAM\dataset\E-DAIC\667_P\667_AUDIO.wav,Participant
667_P,667,667_14,do you,126.6,127.2,D:\NCKH_DATATEAM\dataset\E-DAIC\667_P\667_AUDIO.wav,Ellie
667_P,667,667_15,not lately,133.6,134.8,D:\NCKH_DATATEAM\dataset\E-DAIC\667_P\667_AUDIO.wav,Participant
667_P,667,667_16,gas and getting a cheaper Tuesdays,140.4,142.4,D:\NCKH_DATATEAM\dataset\E-DAIC\667_P\667_AUDIO.wav,Ellie
667_P,667,667_17,try my first threesome,158.5,159.7,D:\NCKH_DATATEAM\dataset\E-DAIC\667_P\667_AUDIO.wav,Participant
667_P,667,667_18,how to say Plumbing electrical and HVAC,167.6,169.9,D:\NCKH_DATATEAM\dataset\E-DAIC\667_P\667_AUDIO.wav,Ellie
667_P,667,667_19,self-employment handyman student,175.5,178.7,D:\NCKH_DATATEAM\dataset\E-DAIC\667_P\667_AUDIO.wav,Participant
667_P,667,667_20,okay,182.5,183.1,D:\NCKH_DATATEAM\dataset\E-DAIC\667_P\667_AUDIO.wav,Ellie
667_P,667,667_21,what's your dream job,185.7,186.7,D:\NCKH_DATATEAM\dataset\E-DAIC\667_P\667_AUDIO.wav,Participant
667_P,667,667_22,probably a firework producer make fireworks in a work in a factory and be fun,191.9,196.9,D:\NCKH_DATATEAM\dataset\E-DAIC\667_P\667_AUDIO.wav,Ellie
667_P,667,667_23,outgoing,203.8,204.8,D:\NCKH_DATATEAM\dataset\E-DAIC\667_P\667_AUDIO.wav,Participant
667_P,667,667_24,distance but decent,212.2,214.6,D:\NCKH_DATATEAM\dataset\E-DAIC\667_P\667_AUDIO.wav,Ellie
667_P,667,667_25,sometimes,218.2,218.9,D:\NCKH_DATATEAM\dataset\E-DAIC\667_P\667_AUDIO.wav,Participant
667_P,667,667_26,I turn on the fish tank screensaver hey I know it's not Hawaii but it's the best I've got,220.4,226.4,D:\NCKH_DATATEAM\dataset\E-DAIC\667_P\667_AUDIO.wav,Ellie
667_P,667,667_27,very good,237.5,238.2,D:\NCKH_DATATEAM\dataset\E-DAIC\667_P\667_AUDIO.wav,Participant
667_P,667,667_28,when was the last time you argue with them,241.7,243.6,D:\NCKH_DATATEAM\dataset\E-DAIC\667_P\667_AUDIO.wav,Ellie
667_P,667,667_29,this weekend,244.7,245.6,D:\NCKH_DATATEAM\dataset\E-DAIC\667_P\667_AUDIO.wav,Participant
667_P,667,667_30,my check was annoying me. Checking in,247.3,249.9,D:\NCKH_DATATEAM\dataset\E-DAIC\667_P\667_AUDIO.wav,Ellie
667_P,667,667_31,how to call in for probation and cheetah noises shit out of me for it and I don't do it on time,255.7,261.7,D:\NCKH_DATATEAM\dataset\E-DAIC\667_P\667_AUDIO.wav,Participant
667_P,667,667_32,I was just one time couple years ago I have to beat the hell out of somebody for it still and everything that I had kind of wish I would have,272.6,279.9,D:\NCKH_DATATEAM\dataset\E-DAIC\667_P\667_AUDIO.wav,Ellie
667_P,667,667_33,that little bit differently ecstasy,281.3,283.3,D:\NCKH_DATATEAM\dataset\E-DAIC\667_P\667_AUDIO.wav,Participant
667_P,667,667_34,nothing really,298.7,299.4,D:\NCKH_DATATEAM\dataset\E-DAIC\667_P\667_AUDIO.wav,Ellie
667_P,667,667_35,to be or not to be I could say,311.3,313.8,D:\NCKH_DATATEAM\dataset\E-DAIC\667_P\667_AUDIO.wav,Participant
667_P,667,667_36,all right,318.6,319.3,D:\NCKH_DATATEAM\dataset\E-DAIC\667_P\667_AUDIO.wav,Ellie
667_P,667,667_37,tell me about Nevada or something that you wish you could raise for me now,322.2,325.9,D:\NCKH_DATATEAM\dataset\E-DAIC\667_P\667_AUDIO.wav,Participant
667_P,667,667_38,told last year I was locked up,326.8,329.8,D:\NCKH_DATATEAM\dataset\E-DAIC\667_P\667_AUDIO.wav,Ellie
667_P,667,667_39,it sucked,335.2,336.2,D:\NCKH_DATATEAM\dataset\E-DAIC\667_P\667_AUDIO.wav,Participant
667_P,667,667_40,yes,341.6,342.3,D:\NCKH_DATATEAM\dataset\E-DAIC\667_P\667_AUDIO.wav,Ellie
667_P,667,667_41,have you,343.6,344.2,D:\NCKH_DATATEAM\dataset\E-DAIC\667_P\667_AUDIO.wav,Participant
667_P,667,667_42,18,349.5,350.4,D:\NCKH_DATATEAM\dataset\E-DAIC\667_P\667_AUDIO.wav,Ellie
667_P,667,667_43,boys want to be in the military ever since I was little,356.3,359.7,D:\NCKH_DATATEAM\dataset\E-DAIC\667_P\667_AUDIO.wav,Participant
667_P,667,667_44,are you happy,363.6,364.3,D:\NCKH_DATATEAM\dataset\E-DAIC\667_P\667_AUDIO.wav,Ellie
667_P,667,667_45,absolutely,365.2,366.1,D:\NCKH_DATATEAM\dataset\E-DAIC\667_P\667_AUDIO.wav,Participant
667_P,667,667_46,I barely missed it unfortunately,374.9,377.7,D:\NCKH_DATATEAM\dataset\E-DAIC\667_P\667_AUDIO.wav,Ellie
667_P,667,667_47,red Sparrow,383.6,385.2,D:\NCKH_DATATEAM\dataset\E-DAIC\667_P\667_AUDIO.wav,Participant
667_P,667,667_48,how is the weather,388.8,389.5,D:\NCKH_DATATEAM\dataset\E-DAIC\667_P\667_AUDIO.wav,Ellie
667_P,667,667_49,not that easy at all actually,391.7,394.0,D:\NCKH_DATATEAM\dataset\E-DAIC\667_P\667_AUDIO.wav,Participant
667_P,667,667_50,bounce around from job to job smoke weed and,403.5,406.4,D:\NCKH_DATATEAM\dataset\E-DAIC\667_P\667_AUDIO.wav,Ellie
667_P,667,667_51,just try to live around the California,408.3,410.4,D:\NCKH_DATATEAM\dataset\E-DAIC\667_P\667_AUDIO.wav,Participant
667_P,667,667_52,I think it made me a better person give me a better skills may be disciplined Give Me A Step Above normal people and it gave me education. He's able to access finally,420.2,435.1,D:\NCKH_DATATEAM\dataset\E-DAIC\667_P\667_AUDIO.wav,Ellie
667_P,667,667_53,how do you concealing lately,441.6,443.0,D:\NCKH_DATATEAM\dataset\E-DAIC\667_P\667_AUDIO.wav,Participant
667_P,667,667_54,pretty good pretty determined,445.0,447.8,D:\NCKH_DATATEAM\dataset\E-DAIC\667_P\667_AUDIO.wav,Ellie
667_P,667,667_55,can you tell me about that,451.8,452.8,D:\NCKH_DATATEAM\dataset\E-DAIC\667_P\667_AUDIO.wav,Participant
667_P,667,667_56,get my life back on track going to find a job going to have my own business eventually got a lot to do in a little bit of time,454.0,463.1,D:\NCKH_DATATEAM\dataset\E-DAIC\667_P\667_AUDIO.wav,Ellie
667_P,667,667_57,and stay out of trouble at the same time I guess,464.6,466.8,D:\NCKH_DATATEAM\dataset\E-DAIC\667_P\667_AUDIO.wav,Participant
667_P,667,667_58,have you noticed any changes in her behavior,473.4,475.2,D:\NCKH_DATATEAM\dataset\E-DAIC\667_P\667_AUDIO.wav,Ellie
667_P,667,667_59,I guess,478.4,479.8,D:\NCKH_DATATEAM\dataset\E-DAIC\667_P\667_AUDIO.wav,Participant
667_P,667,667_60,can you tell me about that,483.8,484.8,D:\NCKH_DATATEAM\dataset\E-DAIC\667_P\667_AUDIO.wav,Ellie
667_P,667,667_61,little bit more of an asshole lately,486.0,488.4,D:\NCKH_DATATEAM\dataset\E-DAIC\667_P\667_AUDIO.wav,Participant
667_P,667,667_62,way more happier,491.5,492.9,D:\NCKH_DATATEAM\dataset\E-DAIC\667_P\667_AUDIO.wav,Ellie
667_P,667,667_63,not much like an,495.8,497.1,D:\NCKH_DATATEAM\dataset\E-DAIC\667_P\667_AUDIO.wav,Participant
667_P,667,667_64,I sleep pretty good but I always wake up tired,500.6,502.7,D:\NCKH_DATATEAM\dataset\E-DAIC\667_P\667_AUDIO.wav,Ellie
667_P,667,667_65,probably not too happy of a camper,510.6,514.8,D:\NCKH_DATATEAM\dataset\E-DAIC\667_P\667_AUDIO.wav,Participant
667_P,667,667_66,I have a mild case of it,523.9,525.7,D:\NCKH_DATATEAM\dataset\E-DAIC\667_P\667_AUDIO.wav,Ellie
667_P,667,667_67,how long ago was,532.8,533.7,D:\NCKH_DATATEAM\dataset\E-DAIC\667_P\667_AUDIO.wav,Participant
667_P,667,667_68,April 2012,536.8,538.3,D:\NCKH_DATATEAM\dataset\E-DAIC\667_P\667_AUDIO.wav,Ellie
667_P,667,667_69,withdrawn always on alert,543.8,546.3,D:\NCKH_DATATEAM\dataset\E-DAIC\667_P\667_AUDIO.wav,Participant
667_P,667,667_70,paranoid,547.8,549.9,D:\NCKH_DATATEAM\dataset\E-DAIC\667_P\667_AUDIO.wav,Ellie
667_P,667,667_71,how to sponge a small little details,551.1,554.7,D:\NCKH_DATATEAM\dataset\E-DAIC\667_P\667_AUDIO.wav,Participant
667_P,667,667_72,I don't think so,561.3,562.2,D:\NCKH_DATATEAM\dataset\E-DAIC\667_P\667_AUDIO.wav,Ellie
667_P,667,667_73,I was always surprising him,564.3,565.7,D:\NCKH_DATATEAM\dataset\E-DAIC\667_P\667_AUDIO.wav,Participant
667_P,667,667_74,I just ignore them it was easier to ignore him.,572.1,575.0,D:\NCKH_DATATEAM\dataset\E-DAIC\667_P\667_AUDIO.wav,Ellie
667_P,667,667_75,Tanakh knowledge,576.5,577.5,D:\NCKH_DATATEAM\dataset\E-DAIC\667_P\667_AUDIO.wav,Participant
667_P,667,667_76,a lot of weed are you so let me know just take a Zoloft just kind of sucks,583.5,589.9,D:\NCKH_DATATEAM\dataset\E-DAIC\667_P\667_AUDIO.wav,Ellie
667_P,667,667_77,it's a drug,596.1,596.8,D:\NCKH_DATATEAM\dataset\E-DAIC\667_P\667_AUDIO.wav,Participant
667_P,667,667_78,kind of makes me Twitch a little bit more,598.0,599.8,D:\NCKH_DATATEAM\dataset\E-DAIC\667_P\667_AUDIO.wav,Ellie
667_P,667,667_79,turn it doesn't I don't know don't like it too much,601.3,604.4,D:\NCKH_DATATEAM\dataset\E-DAIC\667_P\667_AUDIO.wav,Participant
667_P,667,667_80,my girl did she pointed out that I had PTSD after she Googled it and just told me more about the signs,610.8,618.3,D:\NCKH_DATATEAM\dataset\E-DAIC\667_P\667_AUDIO.wav,Ellie
667_P,667,667_81,you still got it,627.7,628.5,D:\NCKH_DATATEAM\dataset\E-DAIC\667_P\667_AUDIO.wav,Participant
667_P,667,667_82,yeah I want every once in awhile,630.0,631.6,D:\NCKH_DATATEAM\dataset\E-DAIC\667_P\667_AUDIO.wav,Ellie
667_P,667,667_83,you feel therapy in Hughesville,641.5,643.1,D:\NCKH_DATATEAM\dataset\E-DAIC\667_P\667_AUDIO.wav,Participant
667_P,667,667_84,probably haven't been to it in a while I could sing,647.3,651.2,D:\NCKH_DATATEAM\dataset\E-DAIC\667_P\667_AUDIO.wav,Ellie
667_P,667,667_85,can you tell me about that,654.8,655.8,D:\NCKH_DATATEAM\dataset\E-DAIC\667_P\667_AUDIO.wav,Participant
667_P,667,667_86,no,658.1,659.2,D:\NCKH_DATATEAM\dataset\E-DAIC\667_P\667_AUDIO.wav,Ellie
667_P,667,667_87,I haven't been to therapy in a little bit,668.0,670.1,D:\NCKH_DATATEAM\dataset\E-DAIC\667_P\667_AUDIO.wav,Participant
667_P,667,667_88,okay,673.5,674.1,D:\NCKH_DATATEAM\dataset\E-DAIC\667_P\667_AUDIO.wav,Ellie
667_P,667,667_89,when was the last time,676.8,677.9,D:\NCKH_DATATEAM\dataset\E-DAIC\667_P\667_AUDIO.wav,Participant
667_P,667,667_90,couple of weeks ago I guess,682.3,683.7,D:\NCKH_DATATEAM\dataset\E-DAIC\667_P\667_AUDIO.wav,Ellie
667_P,667,667_91,I was just hanging out with my check,691.4,693.4,D:\NCKH_DATATEAM\dataset\E-DAIC\667_P\667_AUDIO.wav,Participant
667_P,667,667_92,just got out and just have fun and hang it out,695.0,699.3,D:\NCKH_DATATEAM\dataset\E-DAIC\667_P\667_AUDIO.wav,Ellie
667_P,667,667_93,definitely my check,706.7,707.8,D:\NCKH_DATATEAM\dataset\E-DAIC\667_P\667_AUDIO.wav,Participant
667_P,667,667_94,that's about it for now,710.5,711.7,D:\NCKH_DATATEAM\dataset\E-DAIC\667_P\667_AUDIO.wav,Ellie
667_P,667,667_95,wow,718.4,720.5,D:\NCKH_DATATEAM\dataset\E-DAIC\667_P\667_AUDIO.wav,Participant
667_P,667,667_96,open weather for 4 years,721.6,723.5,D:\NCKH_DATATEAM\dataset\E-DAIC\667_P\667_AUDIO.wav,Ellie
667_P,667,667_97,stick around when I was in trouble,724.9,727.0,D:\NCKH_DATATEAM\dataset\E-DAIC\667_P\667_AUDIO.wav,Participant
667_P,667,667_98,help me get through it,728.1,729.3,D:\NCKH_DATATEAM\dataset\E-DAIC\667_P\667_AUDIO.wav,Ellie
667_P,667,667_99,annoy the hell out of me when I need it sometimes and sometimes when it don't,731.2,736.3,D:\NCKH_DATATEAM\dataset\E-DAIC\667_P\667_AUDIO.wav,Participant
667_P,667,667_100,how do your best,739.9,740.7,D:\NCKH_DATATEAM\dataset\E-DAIC\667_P\667_AUDIO.wav,Ellie
667_P,667,667_101,crazy funny,744.5,745.8,D:\NCKH_DATATEAM\dataset\E-DAIC\667_P\667_AUDIO.wav,Participant
667_P,667,667_102,Cheryl pretty good guy,747.6,750.5,D:\NCKH_DATATEAM\dataset\E-DAIC\667_P\667_AUDIO.wav,Ellie
667_P,667,667_103,fun to be around,752.4,753.4,D:\NCKH_DATATEAM\dataset\E-DAIC\667_P\667_AUDIO.wav,Participant
667_P,667,667_104,guess I'm going fishing at the beach,765.5,766.8,D:\NCKH_DATATEAM\dataset\E-DAIC\667_P\667_AUDIO.wav,Ellie
667_P,667,667_105,nice,770.7,771.2,D:\NCKH_DATATEAM\dataset\E-DAIC\667_P\667_AUDIO.wav,Participant
667_P,667,667_106,is it didn't catch anything,772.3,774.2,D:\NCKH_DATATEAM\dataset\E-DAIC\667_P\667_AUDIO.wav,Ellie
667_P,667,667_107,going overseas twice not get shot,783.2,786.0,D:\NCKH_DATATEAM\dataset\E-DAIC\667_P\667_AUDIO.wav,Participant
667_P,667,667_108,finishing school courses going to go back to another school for another course,786.9,793.5,D:\NCKH_DATATEAM\dataset\E-DAIC\667_P\667_AUDIO.wav,Ellie
667_P,667,667_109,being a jack-of-all-trades,795.7,796.5,D:\NCKH_DATATEAM\dataset\E-DAIC\667_P\667_AUDIO.wav,Participant
667_P,667,667_110,pretty handy guy,799.4,800.5,D:\NCKH_DATATEAM\dataset\E-DAIC\667_P\667_AUDIO.wav,Ellie
667_P,667,667_111,next,807.7,808.3,D:\NCKH_DATATEAM\dataset\E-DAIC\667_P\667_AUDIO.wav,Participant
667_P,667,667_112,thanks for sharing your thoughts with me,814.6,816.1,D:\NCKH_DATATEAM\dataset\E-DAIC\667_P\667_AUDIO.wav,Ellie
667_P,667,667_113,goodbye,818.0,818.5,D:\NCKH_DATATEAM\dataset\E-DAIC\667_P\667_AUDIO.wav,Participant
667_P,667,667_114,perfect,819.6,820.7,D:\NCKH_DATATEAM\dataset\E-DAIC\667_P\667_AUDIO.wav,Ellie
667_P,667,667_115,ding dong,821.8,822.7,D:\NCKH_DATATEAM\dataset\E-DAIC\667_P\667_AUDIO.wav,Participant
667_P,667,667_116,knock knock,834.4,835.2,D:\NCKH_DATATEAM\dataset\E-DAIC\667_P\667_AUDIO.wav,Ellie
667_P,667,667_117,I think I should have probably put some velcro thing on this bad boy,841.8,845.5,D:\NCKH_DATATEAM\dataset\E-DAIC\667_P\667_AUDIO.wav,Participant
667_P,667,667_118,I should all this down and then I'll pay you and then I'll,855.9,858.7,D:\NCKH_DATATEAM\dataset\E-DAIC\667_P\667_AUDIO.wav,Ellie
667_P,667,667_119,the next part,860.7,861.3,D:\NCKH_DATATEAM\dataset\E-DAIC\667_P\667_AUDIO.wav,Participant
667_P,667,667_120,surveys you can,0.2,863.0,D:\NCKH_DATATEAM\dataset\E-DAIC\667_P\667_AUDIO.wav,Ellie
669_P,669,669_0,I just say I don't feel like I'm not,0.0,1.2,D:\NCKH_DATATEAM\dataset\E-DAIC\669_P\669_AUDIO.wav,Ellie
669_P,669,669_1,I'm ready to rock and roll,4.8,8.3,D:\NCKH_DATATEAM\dataset\E-DAIC\669_P\669_AUDIO.wav,Participant
669_P,669,669_2,are we on camera,11.4,12.5,D:\NCKH_DATATEAM\dataset\E-DAIC\669_P\669_AUDIO.wav,Ellie
669_P,669,669_3,is it a she or he,17.7,18.6,D:\NCKH_DATATEAM\dataset\E-DAIC\669_P\669_AUDIO.wav,Participant
669_P,669,669_4,oh there she has where's your face we're not going to see your face wow,21.9,25.3,D:\NCKH_DATATEAM\dataset\E-DAIC\669_P\669_AUDIO.wav,Ellie
669_P,669,669_5,her seen this before,30.0,31.1,D:\NCKH_DATATEAM\dataset\E-DAIC\669_P\669_AUDIO.wav,Participant
669_P,669,669_6,so once again I ministered her up and then went to after she's done she'll tell you the environment,36.1,40.0,D:\NCKH_DATATEAM\dataset\E-DAIC\669_P\669_AUDIO.wav,Ellie
669_P,669,669_7,pretty cool,44.4,45.6,D:\NCKH_DATATEAM\dataset\E-DAIC\669_P\669_AUDIO.wav,Participant
669_P,669,669_8,I'm not a therapist but I'm here,53.6,55.4,D:\NCKH_DATATEAM\dataset\E-DAIC\669_P\669_AUDIO.wav,Ellie
669_P,669,669_9,and please,60.8,61.5,D:\NCKH_DATATEAM\dataset\E-DAIC\669_P\669_AUDIO.wav,Participant
669_P,669,669_10,I'm fine,70.9,71.7,D:\NCKH_DATATEAM\dataset\E-DAIC\669_P\669_AUDIO.wav,Ellie
669_P,669,669_11,oh I'm feeling pretty good I had a little I was a little bit,81.1,85.0,D:\NCKH_DATATEAM\dataset\E-DAIC\669_P\669_AUDIO.wav,Participant
669_P,669,669_12,I wasn't sure what to expect when I got here but I feel pretty comfortable now,86.4,91.3,D:\NCKH_DATATEAM\dataset\E-DAIC\669_P\669_AUDIO.wav,Ellie
669_P,669,669_13,I feel fine,92.5,93.3,D:\NCKH_DATATEAM\dataset\E-DAIC\669_P\669_AUDIO.wav,Participant
669_P,669,669_14,I'm very upbeat and in a good mood and happy,94.6,97.5,D:\NCKH_DATATEAM\dataset\E-DAIC\669_P\669_AUDIO.wav,Ellie
669_P,669,669_15,Feeling Good,98.5,99.2,D:\NCKH_DATATEAM\dataset\E-DAIC\669_P\669_AUDIO.wav,Participant
669_P,669,669_16,great,102.5,103.2,D:\NCKH_DATATEAM\dataset\E-DAIC\669_P\669_AUDIO.wav,Ellie
669_P,669,669_17,where are you from originally I'm from New Jersey born and raised in New Jersey,106.3,111.3,D:\NCKH_DATATEAM\dataset\E-DAIC\669_P\669_AUDIO.wav,Participant
669_P,669,669_18,went to basic training in New Jersey at Fort Dix drafted into the army when I was 17,112.3,118.0,D:\NCKH_DATATEAM\dataset\E-DAIC\669_P\669_AUDIO.wav,Ellie
669_P,669,669_19,well,125.8,126.6,D:\NCKH_DATATEAM\dataset\E-DAIC\669_P\669_AUDIO.wav,Participant
669_P,669,669_20,I don't like it's just too crowded in La there's just too many people and it's just everybody to rush rush and,130.2,137.3,D:\NCKH_DATATEAM\dataset\E-DAIC\669_P\669_AUDIO.wav,Ellie
669_P,669,669_21,I like a little more slow-paced,139.0,140.7,D:\NCKH_DATATEAM\dataset\E-DAIC\669_P\669_AUDIO.wav,Participant
669_P,669,669_22,but I do like the weather here so that's where I'm here and my family is here,142.1,146.2,D:\NCKH_DATATEAM\dataset\E-DAIC\669_P\669_AUDIO.wav,Ellie
669_P,669,669_23,that's what brought me here,147.8,148.9,D:\NCKH_DATATEAM\dataset\E-DAIC\669_P\669_AUDIO.wav,Participant
669_P,669,669_24,do you travel a lot,156.2,157.0,D:\NCKH_DATATEAM\dataset\E-DAIC\669_P\669_AUDIO.wav,Ellie
669_P,669,669_25,I traveled when I was younger when I got out of the military because I wasn't sure exactly what I was,158.2,163.8,D:\NCKH_DATATEAM\dataset\E-DAIC\669_P\669_AUDIO.wav,Participant
669_P,669,669_26,looking to do with my life and but now I'm kind of settled in and going to school for culinary arts,165.0,171.6,D:\NCKH_DATATEAM\dataset\E-DAIC\669_P\669_AUDIO.wav,Ellie
669_P,669,669_27,in Hollywood and I have a fiance who graduated from USC and I'm pretty happy with my life,172.8,180.3,D:\NCKH_DATATEAM\dataset\E-DAIC\669_P\669_AUDIO.wav,Participant
669_P,669,669_28,but traveling not too much anymore now,182.0,183.8,D:\NCKH_DATATEAM\dataset\E-DAIC\669_P\669_AUDIO.wav,Ellie
669_P,669,669_29,what do you enjoy about,187.2,188.1,D:\NCKH_DATATEAM\dataset\E-DAIC\669_P\669_AUDIO.wav,Participant
669_P,669,669_30,going to new places and meeting new people and seeing other parts of the country I haven't been to Europe but I hope to get there someday,189.7,199.0,D:\NCKH_DATATEAM\dataset\E-DAIC\669_P\669_AUDIO.wav,Ellie
669_P,669,669_31,especially about it,200.5,201.7,D:\NCKH_DATATEAM\dataset\E-DAIC\669_P\669_AUDIO.wav,Participant
669_P,669,669_32,for credit number years I lived in Louis in New Orleans Louisiana took a trip there,210.2,216.2,D:\NCKH_DATATEAM\dataset\E-DAIC\669_P\669_AUDIO.wav,Ellie
669_P,669,669_33,and enjoyed the food was fantastic and the music was fantastic and the weather was great,217.4,223.8,D:\NCKH_DATATEAM\dataset\E-DAIC\669_P\669_AUDIO.wav,Participant
669_P,669,669_34,and I loved it there,224.9,226.1,D:\NCKH_DATATEAM\dataset\E-DAIC\669_P\669_AUDIO.wav,Ellie
669_P,669,669_35,and I took a truck back taking a trip to Las Vegas,227.1,230.0,D:\NCKH_DATATEAM\dataset\E-DAIC\669_P\669_AUDIO.wav,Participant
669_P,669,669_36,because I used to be a gambler at one time but,231.9,234.2,D:\NCKH_DATATEAM\dataset\E-DAIC\669_P\669_AUDIO.wav,Ellie
669_P,669,669_37,not anymore,235.2,235.9,D:\NCKH_DATATEAM\dataset\E-DAIC\669_P\669_AUDIO.wav,Participant
669_P,669,669_38,that's about it,237.1,237.8,D:\NCKH_DATATEAM\dataset\E-DAIC\669_P\669_AUDIO.wav,Ellie
669_P,669,669_39,I'd rather not talk about that,246.0,247.8,D:\NCKH_DATATEAM\dataset\E-DAIC\669_P\669_AUDIO.wav,Participant
669_P,669,669_40,well I'm currently enrolled in a culinary arts school,253.7,256.8,D:\NCKH_DATATEAM\dataset\E-DAIC\669_P\669_AUDIO.wav,Ellie
669_P,669,669_41,but I got my GED in the military,258.0,261.0,D:\NCKH_DATATEAM\dataset\E-DAIC\669_P\669_AUDIO.wav,Participant
669_P,669,669_42,and so now I'm taking a culinary arts to be a chef,262.2,265.4,D:\NCKH_DATATEAM\dataset\E-DAIC\669_P\669_AUDIO.wav,Ellie
669_P,669,669_43,I hope to open up a restaurant someday,267.0,268.5,D:\NCKH_DATATEAM\dataset\E-DAIC\669_P\669_AUDIO.wav,Participant
669_P,669,669_44,I'm going to school I'm going to school in,273.8,276.6,D:\NCKH_DATATEAM\dataset\E-DAIC\669_P\669_AUDIO.wav,Ellie
669_P,669,669_45,and I work part-time,280.6,281.4,D:\NCKH_DATATEAM\dataset\E-DAIC\669_P\669_AUDIO.wav,Participant
669_P,669,669_46,my dream job is to own a bed and breakfast with my fiance that's my dream job,293.3,298.4,D:\NCKH_DATATEAM\dataset\E-DAIC\669_P\669_AUDIO.wav,Ellie
669_P,669,669_47,and I hope to make that come true within the next year or two,300.0,302.6,D:\NCKH_DATATEAM\dataset\E-DAIC\669_P\669_AUDIO.wav,Participant
669_P,669,669_48,do you consider yourself more shy or outgoing,307.2,309.7,D:\NCKH_DATATEAM\dataset\E-DAIC\669_P\669_AUDIO.wav,Ellie
669_P,669,669_49,probably more shy than not going I was much I was very shy when I was growing up but I'm still shy but I'm trying to break out of my shell so to speak,311.1,323.3,D:\NCKH_DATATEAM\dataset\E-DAIC\669_P\669_AUDIO.wav,Participant
669_P,669,669_50,well my mom and dad are no longer with us they passed on,330.9,336.9,D:\NCKH_DATATEAM\dataset\E-DAIC\669_P\669_AUDIO.wav,Ellie
669_P,669,669_51,and I have a sister in Northern California,338.0,340.1,D:\NCKH_DATATEAM\dataset\E-DAIC\669_P\669_AUDIO.wav,Participant
669_P,669,669_52,we were never close so we don't communicate very much and,342.3,346.7,D:\NCKH_DATATEAM\dataset\E-DAIC\669_P\669_AUDIO.wav,Ellie
669_P,669,669_53,which is probably partially my fault parsley her fault we just don't seem to have a lot in common to show,347.7,354.1,D:\NCKH_DATATEAM\dataset\E-DAIC\669_P\669_AUDIO.wav,Participant
669_P,669,669_54,my mom passed away and that was pretty rough she was pretty sick by dad passed away about 9 years ago from Alzheimer's so,356.8,366.8,D:\NCKH_DATATEAM\dataset\E-DAIC\669_P\669_AUDIO.wav,Ellie
669_P,669,669_55,we had a good relationship.,369.6,371.0,D:\NCKH_DATATEAM\dataset\E-DAIC\669_P\669_AUDIO.wav,Participant
669_P,669,669_56,to relax I just like to go take walks take long walks on the beach,383.0,386.6,D:\NCKH_DATATEAM\dataset\E-DAIC\669_P\669_AUDIO.wav,Ellie
669_P,669,669_57,read a book,389.1,389.9,D:\NCKH_DATATEAM\dataset\E-DAIC\669_P\669_AUDIO.wav,Participant
669_P,669,669_58,watch live sports on TV,391.6,393.2,D:\NCKH_DATATEAM\dataset\E-DAIC\669_P\669_AUDIO.wav,Ellie
669_P,669,669_59,I love the outdoors so I love to get out and exercise whenever I can that's what I do,396.3,402.4,D:\NCKH_DATATEAM\dataset\E-DAIC\669_P\669_AUDIO.wav,Participant
669_P,669,669_60,how are you,406.4,407.2,D:\NCKH_DATATEAM\dataset\E-DAIC\669_P\669_AUDIO.wav,Ellie
669_P,669,669_61,very good very good,409.4,410.7,D:\NCKH_DATATEAM\dataset\E-DAIC\669_P\669_AUDIO.wav,Participant
669_P,669,669_62,very good,412.6,413.3,D:\NCKH_DATATEAM\dataset\E-DAIC\669_P\669_AUDIO.wav,Ellie
669_P,669,669_63,I don't have a temper I don't get mad very out it takes a lot for me to get very very mad at somebody I'm cutting easygoing guy,414.6,422.2,D:\NCKH_DATATEAM\dataset\E-DAIC\669_P\669_AUDIO.wav,Participant
669_P,669,669_64,no,427.5,428.0,D:\NCKH_DATATEAM\dataset\E-DAIC\669_P\669_AUDIO.wav,Ellie
669_P,669,669_65,no not really and I I try to avoid trouble whenever I can sometimes you can't avoid it but I try,428.9,436.7,D:\NCKH_DATATEAM\dataset\E-DAIC\669_P\669_AUDIO.wav,Participant
669_P,669,669_66,I'm fine,439.9,440.7,D:\NCKH_DATATEAM\dataset\E-DAIC\669_P\669_AUDIO.wav,Ellie
669_P,669,669_67,probably arguing about with my roommate about making too much noise when he gets up in the morning and you know silly things like that but,445.0,454.3,D:\NCKH_DATATEAM\dataset\E-DAIC\669_P\669_AUDIO.wav,Participant
669_P,669,669_68,when you live in that kind of environment you have to learn to live with other people and,456.2,460.1,D:\NCKH_DATATEAM\dataset\E-DAIC\669_P\669_AUDIO.wav,Ellie
669_P,669,669_69,it's kind of rough but you do the best you can,463.1,465.4,D:\NCKH_DATATEAM\dataset\E-DAIC\669_P\669_AUDIO.wav,Participant
669_P,669,669_70,I like you. I don't really want to discuss that later would rather not I'd rather avoid that question,477.9,483.2,D:\NCKH_DATATEAM\dataset\E-DAIC\669_P\669_AUDIO.wav,Ellie
669_P,669,669_71,all right,487.2,487.9,D:\NCKH_DATATEAM\dataset\E-DAIC\669_P\669_AUDIO.wav,Participant
669_P,669,669_72,what's something you feel guilty about,491.2,492.9,D:\NCKH_DATATEAM\dataset\E-DAIC\669_P\669_AUDIO.wav,Ellie
669_P,669,669_73,probably,494.8,496.9,D:\NCKH_DATATEAM\dataset\E-DAIC\669_P\669_AUDIO.wav,Participant
669_P,669,669_74,not getting enough education when I was younger and I had problems in school and,499.3,505.9,D:\NCKH_DATATEAM\dataset\E-DAIC\669_P\669_AUDIO.wav,Ellie
669_P,669,669_75,running away from home when,506.7,508.6,D:\NCKH_DATATEAM\dataset\E-DAIC\669_P\669_AUDIO.wav,Participant
669_P,669,669_76,disappointing my family things like that I had a bad childhood due to my fault though she not theirs but I made the wrong decision which I'm paying for now so,509.8,521.5,D:\NCKH_DATATEAM\dataset\E-DAIC\669_P\669_AUDIO.wav,Ellie
669_P,669,669_77,but we have to move ahead,523.1,524.5,D:\NCKH_DATATEAM\dataset\E-DAIC\669_P\669_AUDIO.wav,Participant
669_P,669,669_78,the hardest decision I had to make was,528.7,532.3,D:\NCKH_DATATEAM\dataset\E-DAIC\669_P\669_AUDIO.wav,Ellie
669_P,669,669_79,putting my mom to rest,534.6,536.1,D:\NCKH_DATATEAM\dataset\E-DAIC\669_P\669_AUDIO.wav,Participant
669_P,669,669_80,thought that was the hardest and it's been about 2 years now but,537.7,541.3,D:\NCKH_DATATEAM\dataset\E-DAIC\669_P\669_AUDIO.wav,Ellie
669_P,669,669_81,I'm still not over that one so that was the hardest,542.6,545.6,D:\NCKH_DATATEAM\dataset\E-DAIC\669_P\669_AUDIO.wav,Participant
669_P,669,669_82,she was my best friend so,546.6,548.0,D:\NCKH_DATATEAM\dataset\E-DAIC\669_P\669_AUDIO.wav,Ellie
669_P,669,669_83,now she's gone,550.0,550.8,D:\NCKH_DATATEAM\dataset\E-DAIC\669_P\669_AUDIO.wav,Participant
669_P,669,669_84,my early years before I went into the military I didn't have many friends I was very shy very bad in school I wish I would have paid more attention,559.2,569.8,D:\NCKH_DATATEAM\dataset\E-DAIC\669_P\669_AUDIO.wav,Ellie
669_P,669,669_85,I probably in better better position now but,571.5,574.5,D:\NCKH_DATATEAM\dataset\E-DAIC\669_P\669_AUDIO.wav,Participant
669_P,669,669_86,it's too late to worry about that now so we have to move on,575.3,578.7,D:\NCKH_DATATEAM\dataset\E-DAIC\669_P\669_AUDIO.wav,Ellie
669_P,669,669_87,and with the acquisition support and help with my fiance that's what I'm doing,580.4,583.8,D:\NCKH_DATATEAM\dataset\E-DAIC\669_P\669_AUDIO.wav,Participant
669_P,669,669_88,have you ever served in the middle,590.3,591.5,D:\NCKH_DATATEAM\dataset\E-DAIC\669_P\669_AUDIO.wav,Ellie
669_P,669,669_89,yes I was in the Army in Vietnam back in the day when I was 17,592.1,596.7,D:\NCKH_DATATEAM\dataset\E-DAIC\669_P\669_AUDIO.wav,Participant
669_P,669,669_90,how is your food service worker in the military,598.8,601.3,D:\NCKH_DATATEAM\dataset\E-DAIC\669_P\669_AUDIO.wav,Ellie
669_P,669,669_91,many years ago,602.8,603.7,D:\NCKH_DATATEAM\dataset\E-DAIC\669_P\669_AUDIO.wav,Participant
669_P,669,669_92,17 I was drafted,610.1,612.2,D:\NCKH_DATATEAM\dataset\E-DAIC\669_P\669_AUDIO.wav,Ellie
669_P,669,669_93,19,613.7,614.4,D:\NCKH_DATATEAM\dataset\E-DAIC\669_P\669_AUDIO.wav,Participant
669_P,669,669_94,7 / 70 or 71 I can remember it's been a long time,616.7,620.3,D:\NCKH_DATATEAM\dataset\E-DAIC\669_P\669_AUDIO.wav,Ellie
669_P,669,669_95,I was drafted I didn't have a choice and really so,626.0,628.8,D:\NCKH_DATATEAM\dataset\E-DAIC\669_P\669_AUDIO.wav,Participant
669_P,669,669_96,how was drafted,630.6,631.5,D:\NCKH_DATATEAM\dataset\E-DAIC\669_P\669_AUDIO.wav,Ellie
669_P,669,669_97,so I went in the army,632.8,633.7,D:\NCKH_DATATEAM\dataset\E-DAIC\669_P\669_AUDIO.wav,Participant
669_P,669,669_98,which was a good experience actually,635.1,636.8,D:\NCKH_DATATEAM\dataset\E-DAIC\669_P\669_AUDIO.wav,Ellie
669_P,669,669_99,yes I am,641.5,642.4,D:\NCKH_DATATEAM\dataset\E-DAIC\669_P\669_AUDIO.wav,Participant
669_P,669,669_100,yeah and now I'm getting help from the military so that's a good thing,645.3,648.9,D:\NCKH_DATATEAM\dataset\E-DAIC\669_P\669_AUDIO.wav,Ellie
669_P,669,669_101,no I was Stateside all the time I was in the military I was stationed in New Jersey,657.0,663.8,D:\NCKH_DATATEAM\dataset\E-DAIC\669_P\669_AUDIO.wav,Participant
669_P,669,669_102,Georgia Texas,666.2,669.1,D:\NCKH_DATATEAM\dataset\E-DAIC\669_P\669_AUDIO.wav,Ellie
669_P,669,669_103,that's right I'm respected Fort Hood Texas,670.8,672.6,D:\NCKH_DATATEAM\dataset\E-DAIC\669_P\669_AUDIO.wav,Participant
669_P,669,669_104,"it was well do the fact that I didn't go overseas or she combat it was fairly easy you know it was hard leaving home at that young age but it was fairly easy I didn't have much, I had some problems in the military but",680.5,693.5,D:\NCKH_DATATEAM\dataset\E-DAIC\669_P\669_AUDIO.wav,Ellie
669_P,669,669_105,I missed him a lot and miss my family but it was okay it was a good experience I'm glad I did it,696.0,703.0,D:\NCKH_DATATEAM\dataset\E-DAIC\669_P\669_AUDIO.wav,Participant
669_P,669,669_106,that's when I started traveling traveling a lot because I didn't know,710.4,714.1,D:\NCKH_DATATEAM\dataset\E-DAIC\669_P\669_AUDIO.wav,Ellie
669_P,669,669_107,are we still young and I wanted to see the country and travel around work here work there good job you got a job there just thought I should have been going to the school and while I was young and getting it having a decent job now instead of starting at the age of 60 but they say it's never too late so here I am,715.4,738.4,D:\NCKH_DATATEAM\dataset\E-DAIC\669_P\669_AUDIO.wav,Participant
669_P,669,669_108,I'll be okay I'll be alright,740.9,742.4,D:\NCKH_DATATEAM\dataset\E-DAIC\669_P\669_AUDIO.wav,Ellie
669_P,669,669_109,well it turned me into a man that's for sure,753.3,755.6,D:\NCKH_DATATEAM\dataset\E-DAIC\669_P\669_AUDIO.wav,Participant
669_P,669,669_110,yeah and maybe become no more responsible,759.1,762.0,D:\NCKH_DATATEAM\dataset\E-DAIC\669_P\669_AUDIO.wav,Ellie
669_P,669,669_111,learn to take learn to be on my own,765.0,766.7,D:\NCKH_DATATEAM\dataset\E-DAIC\669_P\669_AUDIO.wav,Participant
669_P,669,669_112,well I have my good days and bad days because I'm on this new medication for depression so some days I don't feel good and,773.0,780.3,D:\NCKH_DATATEAM\dataset\E-DAIC\669_P\669_AUDIO.wav,Ellie
669_P,669,669_113,I have other medical issues I have breathing problems and I have,781.7,787.9,D:\NCKH_DATATEAM\dataset\E-DAIC\669_P\669_AUDIO.wav,Participant
669_P,669,669_114,some other medical issues but most of the time I feel pretty good but there are they there are good days and bad days,789.0,795.0,D:\NCKH_DATATEAM\dataset\E-DAIC\669_P\669_AUDIO.wav,Ellie
669_P,669,669_115,I just take it one day at a time,799.1,800.4,D:\NCKH_DATATEAM\dataset\E-DAIC\669_P\669_AUDIO.wav,Participant
669_P,669,669_116,have you noticed any changes,805.0,806.3,D:\NCKH_DATATEAM\dataset\E-DAIC\669_P\669_AUDIO.wav,Ellie
669_P,669,669_117,well I just know I don't sleep well matter fact I hardly sleep at all which is not good,808.9,814.0,D:\NCKH_DATATEAM\dataset\E-DAIC\669_P\669_AUDIO.wav,Participant
669_P,669,669_118,and then like I say I have my depressing days and days where I just don't have any energy and don't feel like doing anything and then,815.1,822.4,D:\NCKH_DATATEAM\dataset\E-DAIC\669_P\669_AUDIO.wav,Ellie
669_P,669,669_119,I have my good days with my fiance to go to the best because she's my,824.2,827.6,D:\NCKH_DATATEAM\dataset\E-DAIC\669_P\669_AUDIO.wav,Participant
669_P,669,669_120,pride and joy,829.3,830.1,D:\NCKH_DATATEAM\dataset\E-DAIC\669_P\669_AUDIO.wav,Ellie
669_P,669,669_121,without her I don't know where I'd be,832.8,834.3,D:\NCKH_DATATEAM\dataset\E-DAIC\669_P\669_AUDIO.wav,Participant
669_P,669,669_122,how easy is it for you to get a good night sleep very difficult very difficult about 3 to 4 hours a night last night I woke up at about 3 in the morning and I never could go back to sleep,838.2,849.7,D:\NCKH_DATATEAM\dataset\E-DAIC\669_P\669_AUDIO.wav,Ellie
669_P,669,669_123,that's not good but yeah my sleeping is very bad,851.6,854.5,D:\NCKH_DATATEAM\dataset\E-DAIC\669_P\669_AUDIO.wav,Participant
669_P,669,669_124,it seems to get worse and worse everyday,856.5,858.3,D:\NCKH_DATATEAM\dataset\E-DAIC\669_P\669_AUDIO.wav,Ellie
669_P,669,669_125,I'm not quite sure how I guess just I don't have the answer to that question I don't know,864.7,869.9,D:\NCKH_DATATEAM\dataset\E-DAIC\669_P\669_AUDIO.wav,Participant
669_P,669,669_126,never used to be that way,871.6,872.9,D:\NCKH_DATATEAM\dataset\E-DAIC\669_P\669_AUDIO.wav,Ellie
669_P,669,669_127,all right I don't know,873.9,874.8,D:\NCKH_DATATEAM\dataset\E-DAIC\669_P\669_AUDIO.wav,Participant
669_P,669,669_128,well,880.9,881.5,D:\NCKH_DATATEAM\dataset\E-DAIC\669_P\669_AUDIO.wav,Ellie
669_P,669,669_129,I have no energy and I get grouchy I'm very restless,883.7,889.0,D:\NCKH_DATATEAM\dataset\E-DAIC\669_P\669_AUDIO.wav,Participant
669_P,669,669_130,tired of course because I haven't slept,890.8,892.8,D:\NCKH_DATATEAM\dataset\E-DAIC\669_P\669_AUDIO.wav,Ellie
669_P,669,669_131,I do the best I can,894.8,895.9,D:\NCKH_DATATEAM\dataset\E-DAIC\669_P\669_AUDIO.wav,Participant
669_P,669,669_132,have you ever been diagnosed,902.3,903.3,D:\NCKH_DATATEAM\dataset\E-DAIC\669_P\669_AUDIO.wav,Ellie
669_P,669,669_133,I'm not sure what that is I don't know what that is,905.5,908.4,D:\NCKH_DATATEAM\dataset\E-DAIC\669_P\669_AUDIO.wav,Participant
669_P,669,669_134,well I don't know what that is I was never diagnosed with anything but you know they want to put me on some sleeping pills but I try and stay away from as much pills as I can I really don't like to take a lot of medications but there's some medications I have to take,914.4,927.4,D:\NCKH_DATATEAM\dataset\E-DAIC\669_P\669_AUDIO.wav,Ellie
669_P,669,669_135,such as I have medications for my anxiety and my depression things like that I have to have those but other than that I'd rather stay away from medications if possible,928.3,940.9,D:\NCKH_DATATEAM\dataset\E-DAIC\669_P\669_AUDIO.wav,Participant
669_P,669,669_136,well I have the I have anxiety,947.2,950.0,D:\NCKH_DATATEAM\dataset\E-DAIC\669_P\669_AUDIO.wav,Ellie
669_P,669,669_137,attacks that I've had for the last three or four years would you put me in the hospital but as long as I stay up on my medication I'm okay but I have stomach problems,951.4,961.9,D:\NCKH_DATATEAM\dataset\E-DAIC\669_P\669_AUDIO.wav,Participant
669_P,669,669_138,I'm just other issues,963.8,965.0,D:\NCKH_DATATEAM\dataset\E-DAIC\669_P\669_AUDIO.wav,Ellie
669_P,669,669_139,so it's just a day-to-day thing I deal with it the best I can,966.6,970.4,D:\NCKH_DATATEAM\dataset\E-DAIC\669_P\669_AUDIO.wav,Participant
669_P,669,669_140,I don't know I'm not an I really don't know I just like I started do some,978.2,982.7,D:\NCKH_DATATEAM\dataset\E-DAIC\669_P\669_AUDIO.wav,Ellie
669_P,669,669_141,problems when I was losing my I thought I was losing my eyesight because I had my iPod with popping out to do a thyroid problem I had and so they put me on this medication that I can't get off of now I've been on it for about 4 years 5 years and I'll probably out the rest of my life I have to take it twice a day or I will end up in the emergency room which I have before,984.7,1008.1,D:\NCKH_DATATEAM\dataset\E-DAIC\669_P\669_AUDIO.wav,Participant
669_P,669,669_142,but I'm okay,1010.4,1011.1,D:\NCKH_DATATEAM\dataset\E-DAIC\669_P\669_AUDIO.wav,Ellie
669_P,669,669_143,all right,1012.3,1013.1,D:\NCKH_DATATEAM\dataset\E-DAIC\669_P\669_AUDIO.wav,Participant
669_P,669,669_144,how do you cope with them,1015.1,1016.2,D:\NCKH_DATATEAM\dataset\E-DAIC\669_P\669_AUDIO.wav,Ellie
669_P,669,669_145,I just try and I just deal with it the best I can go out and,1017.6,1022.1,D:\NCKH_DATATEAM\dataset\E-DAIC\669_P\669_AUDIO.wav,Participant
669_P,669,669_146,take a walker,1024.1,1025.5,D:\NCKH_DATATEAM\dataset\E-DAIC\669_P\669_AUDIO.wav,Ellie
669_P,669,669_147,engaging some physical activities you know go to the beach like I said before and things like that keep my mind occupied,1026.8,1035.1,D:\NCKH_DATATEAM\dataset\E-DAIC\669_P\669_AUDIO.wav,Participant
669_P,669,669_148,how's the best way,1036.7,1037.5,D:\NCKH_DATATEAM\dataset\E-DAIC\669_P\669_AUDIO.wav,Ellie
669_P,669,669_149,okay,1041.1,1041.7,D:\NCKH_DATATEAM\dataset\E-DAIC\669_P\669_AUDIO.wav,Participant
669_P,669,669_150,well because I wasn't sure what was wrong with me and I was just because I was feeling sick every day,1047.8,1053.4,D:\NCKH_DATATEAM\dataset\E-DAIC\669_P\669_AUDIO.wav,Ellie
669_P,669,669_151,which is not natural so I had to go see a doctor psychiatrist not because I'm crazy just because I needed some help some medication and they gave me this medication that they did tell me that it was addictive,1054.4,1068.3,D:\NCKH_DATATEAM\dataset\E-DAIC\669_P\669_AUDIO.wav,Participant
669_P,669,669_152,and it's highly addictive and I've been on it for like I said about four years now and I'll probably be out of the rest of my life so but it keeps me,1069.4,1077.1,D:\NCKH_DATATEAM\dataset\E-DAIC\669_P\669_AUDIO.wav,Ellie
669_P,669,669_153,feeling okay,1079.0,1079.8,D:\NCKH_DATATEAM\dataset\E-DAIC\669_P\669_AUDIO.wav,Participant
669_P,669,669_154,I can deal with things,1082.6,1083.8,D:\NCKH_DATATEAM\dataset\E-DAIC\669_P\669_AUDIO.wav,Ellie
669_P,669,669_155,well I have an appointment tomorrow is a psychiatrist and yes I do,1090.8,1094.7,D:\NCKH_DATATEAM\dataset\E-DAIC\669_P\669_AUDIO.wav,Participant
669_P,669,669_156,not that often as long as I keep on my medication I'm okay,1095.6,1099.1,D:\NCKH_DATATEAM\dataset\E-DAIC\669_P\669_AUDIO.wav,Ellie
669_P,669,669_157,do you feel therapy is useful,1106.1,1107.9,D:\NCKH_DATATEAM\dataset\E-DAIC\669_P\669_AUDIO.wav,Participant
669_P,669,669_158,well the last time I was in therapy with the psychiatrist all they did was,1109.7,1114.0,D:\NCKH_DATATEAM\dataset\E-DAIC\669_P\669_AUDIO.wav,Ellie
669_P,669,669_159,it wasn't very much of a help because they were talking to me about my family and things like that and they weren't really helping me any so,1116.1,1122.5,D:\NCKH_DATATEAM\dataset\E-DAIC\669_P\669_AUDIO.wav,Participant
669_P,669,669_160,I don't go to therapy that often it's not a regular thing,1124.5,1130.0,D:\NCKH_DATATEAM\dataset\E-DAIC\669_P\669_AUDIO.wav,Ellie
669_P,669,669_161,I just go to see a psychiatrist and that was the first time I've gone and it just all session lasted about 10 minutes how's your family where they live blah blah blah blah blah blah,1131.8,1143.4,D:\NCKH_DATATEAM\dataset\E-DAIC\669_P\669_AUDIO.wav,Participant
669_P,669,669_162,nothing about me and my problems and I never went back so I do have an appointment tomorrow with a different psychiatrist to see if I can get some more help and because I find Working is very hard because of my problems with my stomach and my breathing and if so I'm trying to,1145.4,1162.6,D:\NCKH_DATATEAM\dataset\E-DAIC\669_P\669_AUDIO.wav,Ellie
669_P,669,669_163,hopefully get on some disability you know I'm 60 years old and,1163.7,1167.0,D:\NCKH_DATATEAM\dataset\E-DAIC\669_P\669_AUDIO.wav,Participant
669_P,669,669_164,finding a job especially in these times is not that easy so we'll see what happens,1168.2,1173.5,D:\NCKH_DATATEAM\dataset\E-DAIC\669_P\669_AUDIO.wav,Ellie
669_P,669,669_165,because I don't I need it I need some income you know and I can't be little bit too young to retire so I need to be put on disability,1175.6,1183.9,D:\NCKH_DATATEAM\dataset\E-DAIC\669_P\669_AUDIO.wav,Participant
669_P,669,669_166,so hopefully I get some help,1186.5,1187.7,D:\NCKH_DATATEAM\dataset\E-DAIC\669_P\669_AUDIO.wav,Ellie
669_P,669,669_167,none actually none,1195.2,1198.3,D:\NCKH_DATATEAM\dataset\E-DAIC\669_P\669_AUDIO.wav,Participant
669_P,669,669_168,sad to say but it's true,1200.0,1201.3,D:\NCKH_DATATEAM\dataset\E-DAIC\669_P\669_AUDIO.wav,Ellie
669_P,669,669_169,like I said I don't go on a regular basis so it's been a while I will see what happens tomorrow,1202.5,1206.9,D:\NCKH_DATATEAM\dataset\E-DAIC\669_P\669_AUDIO.wav,Participant
669_P,669,669_170,when was the last,1213.4,1214.1,D:\NCKH_DATATEAM\dataset\E-DAIC\669_P\669_AUDIO.wav,Ellie
669_P,669,669_171,I feel pretty happy right now,1217.1,1218.3,D:\NCKH_DATATEAM\dataset\E-DAIC\669_P\669_AUDIO.wav,Participant
669_P,669,669_172,and we want I want to wish my fiance I'm always happy because she's a very puppy positive person and we're in love and,1219.3,1226.3,D:\NCKH_DATATEAM\dataset\E-DAIC\669_P\669_AUDIO.wav,Ellie
669_P,669,669_173,nothing like being in love,1227.3,1228.3,D:\NCKH_DATATEAM\dataset\E-DAIC\669_P\669_AUDIO.wav,Participant
669_P,669,669_174,so that's what I'm most happy when I'm with her because we have a lot in common and we have fun together,1229.9,1235.6,D:\NCKH_DATATEAM\dataset\E-DAIC\669_P\669_AUDIO.wav,Ellie
669_P,669,669_175,I love her,1238.5,1239.3,D:\NCKH_DATATEAM\dataset\E-DAIC\669_P\669_AUDIO.wav,Participant
669_P,669,669_176,she's very supportive,1241.9,1243.1,D:\NCKH_DATATEAM\dataset\E-DAIC\669_P\669_AUDIO.wav,Ellie
669_P,669,669_177,yes she has been for the last 3 years,1244.6,1247.7,D:\NCKH_DATATEAM\dataset\E-DAIC\669_P\669_AUDIO.wav,Participant
669_P,669,669_178,well I met her when she she's a paralegal and I met her during the time when my mom passed away and she was worth for the attorney that was helping us with the selling of the house Friday of the money in this and that we kind of went out for a cup of coffee and we started to,1254.3,1273.0,D:\NCKH_DATATEAM\dataset\E-DAIC\669_P\669_AUDIO.wav,Ellie
669_P,669,669_179,enjoy each other's company,1276.6,1277.8,D:\NCKH_DATATEAM\dataset\E-DAIC\669_P\669_AUDIO.wav,Participant
669_P,669,669_180,friendly dependable and reliable,1282.3,1285.1,D:\NCKH_DATATEAM\dataset\E-DAIC\669_P\669_AUDIO.wav,Ellie
669_P,669,669_181,well is my 60th birthday the other day,1298.0,1301.4,D:\NCKH_DATATEAM\dataset\E-DAIC\669_P\669_AUDIO.wav,Participant
669_P,669,669_182,and show me my fiance made me a nice dinner and we spent the weekend together and we went to the beach and,1302.6,1309.7,D:\NCKH_DATATEAM\dataset\E-DAIC\669_P\669_AUDIO.wav,Ellie
669_P,669,669_183,we just had a good old time sitting in the backyard,1311.2,1313.7,D:\NCKH_DATATEAM\dataset\E-DAIC\669_P\669_AUDIO.wav,Participant
669_P,669,669_184,barbecuing,1315.1,1316.3,D:\NCKH_DATATEAM\dataset\E-DAIC\669_P\669_AUDIO.wav,Ellie
669_P,669,669_185,enjoying ourselves,1319.3,1320.1,D:\NCKH_DATATEAM\dataset\E-DAIC\669_P\669_AUDIO.wav,Participant
669_P,669,669_186,that was great,1322.1,1322.9,D:\NCKH_DATATEAM\dataset\E-DAIC\669_P\669_AUDIO.wav,Ellie
669_P,669,669_187,yeah I was right,1327.2,1328.8,D:\NCKH_DATATEAM\dataset\E-DAIC\669_P\669_AUDIO.wav,Participant
669_P,669,669_188,well that I'm 60 years old and still have a full head of hair and still fairly healthy and,1333.2,1338.3,D:\NCKH_DATATEAM\dataset\E-DAIC\669_P\669_AUDIO.wav,Ellie
669_P,669,669_189,about to be married,1339.4,1340.2,D:\NCKH_DATATEAM\dataset\E-DAIC\669_P\669_AUDIO.wav,Participant
669_P,669,669_190,that's what I'm most proud of right now,1342.4,1345.3,D:\NCKH_DATATEAM\dataset\E-DAIC\669_P\669_AUDIO.wav,Ellie
669_P,669,669_191,found somebody to love me and somebody that I love,1347.3,1349.9,D:\NCKH_DATATEAM\dataset\E-DAIC\669_P\669_AUDIO.wav,Participant
669_P,669,669_192,that's great,1353.3,1354.3,D:\NCKH_DATATEAM\dataset\E-DAIC\669_P\669_AUDIO.wav,Ellie
669_P,669,669_193,thanks for sharing your thoughts with me thank you,1360.2,1362.4,D:\NCKH_DATATEAM\dataset\E-DAIC\669_P\669_AUDIO.wav,Participant
669_P,669,669_194,goodbye,1366.5,1367.7,D:\NCKH_DATATEAM\dataset\E-DAIC\669_P\669_AUDIO.wav,Ellie
670_P,670,670_0,okay,23.2,23.9,D:\NCKH_DATATEAM\dataset\E-DAIC\670_P\670_AUDIO.wav,Ellie
670_P,670,670_1,okay,33.3,36.5,D:\NCKH_DATATEAM\dataset\E-DAIC\670_P\670_AUDIO.wav,Participant
670_P,670,670_2,I know it sounds so movements than that,42.4,44.8,D:\NCKH_DATATEAM\dataset\E-DAIC\670_P\670_AUDIO.wav,Ellie
670_P,670,670_3,okay,55.1,55.7,D:\NCKH_DATATEAM\dataset\E-DAIC\670_P\670_AUDIO.wav,Participant
670_P,670,670_4,I'm not a therapist,67.9,69.1,D:\NCKH_DATATEAM\dataset\E-DAIC\670_P\670_AUDIO.wav,Ellie
670_P,670,670_5,and please feel,75.0,76.0,D:\NCKH_DATATEAM\dataset\E-DAIC\670_P\670_AUDIO.wav,Participant
670_P,670,670_6,are you okay with this sure,83.5,85.3,D:\NCKH_DATATEAM\dataset\E-DAIC\670_P\670_AUDIO.wav,Ellie
670_P,670,670_7,great,94.1,94.8,D:\NCKH_DATATEAM\dataset\E-DAIC\670_P\670_AUDIO.wav,Participant
670_P,670,670_8,Alabama,99.6,100.5,D:\NCKH_DATATEAM\dataset\E-DAIC\670_P\670_AUDIO.wav,Ellie
670_P,670,670_9,the weather,106.8,107.5,D:\NCKH_DATATEAM\dataset\E-DAIC\670_P\670_AUDIO.wav,Participant
670_P,670,670_10,the beaches the shopping,108.4,110.7,D:\NCKH_DATATEAM\dataset\E-DAIC\670_P\670_AUDIO.wav,Ellie
670_P,670,670_11,smog,116.4,117.3,D:\NCKH_DATATEAM\dataset\E-DAIC\670_P\670_AUDIO.wav,Participant
670_P,670,670_12,people the overcrowding,118.3,121.6,D:\NCKH_DATATEAM\dataset\E-DAIC\670_P\670_AUDIO.wav,Ellie
670_P,670,670_13,you travel a lot no,128.8,130.4,D:\NCKH_DATATEAM\dataset\E-DAIC\670_P\670_AUDIO.wav,Participant
670_P,670,670_14,why are vehicle need a vehicle,133.8,137.5,D:\NCKH_DATATEAM\dataset\E-DAIC\670_P\670_AUDIO.wav,Ellie
670_P,670,670_15,concerts at the amphitheater,147.9,149.6,D:\NCKH_DATATEAM\dataset\E-DAIC\670_P\670_AUDIO.wav,Participant
670_P,670,670_16,math,155.6,159.1,D:\NCKH_DATATEAM\dataset\E-DAIC\670_P\670_AUDIO.wav,Ellie
670_P,670,670_17,psychology literature,161.9,165.6,D:\NCKH_DATATEAM\dataset\E-DAIC\670_P\670_AUDIO.wav,Participant
670_P,670,670_18,I'm retarded,170.4,171.2,D:\NCKH_DATATEAM\dataset\E-DAIC\670_P\670_AUDIO.wav,Ellie
670_P,670,670_19,all right,174.8,175.4,D:\NCKH_DATATEAM\dataset\E-DAIC\670_P\670_AUDIO.wav,Participant
670_P,670,670_20,what's your dream job,177.8,178.9,D:\NCKH_DATATEAM\dataset\E-DAIC\670_P\670_AUDIO.wav,Ellie
670_P,670,670_21,producing concerts,179.7,182.1,D:\NCKH_DATATEAM\dataset\E-DAIC\670_P\670_AUDIO.wav,Participant
670_P,670,670_22,shy,190.2,191.1,D:\NCKH_DATATEAM\dataset\E-DAIC\670_P\670_AUDIO.wav,Ellie
670_P,670,670_23,tell me about your relationship with,195.2,196.8,D:\NCKH_DATATEAM\dataset\E-DAIC\670_P\670_AUDIO.wav,Participant
670_P,670,670_24,I was,203.0,203.6,D:\NCKH_DATATEAM\dataset\E-DAIC\670_P\670_AUDIO.wav,Ellie
670_P,670,670_25,I read shoot pool and watch a lot of movies,214.7,221.1,D:\NCKH_DATATEAM\dataset\E-DAIC\670_P\670_AUDIO.wav,Participant
670_P,670,670_26,how are you at controlling,225.0,226.3,D:\NCKH_DATATEAM\dataset\E-DAIC\670_P\670_AUDIO.wav,Ellie
670_P,670,670_27,great,227.7,228.3,D:\NCKH_DATATEAM\dataset\E-DAIC\670_P\670_AUDIO.wav,Participant
670_P,670,670_28,about I see a month ago and I was arguing with a person about stepping on my toes somewhat interfering in business,239.2,246.2,D:\NCKH_DATATEAM\dataset\E-DAIC\670_P\670_AUDIO.wav,Ellie
670_P,670,670_29,tell me about,254.9,255.5,D:\NCKH_DATATEAM\dataset\E-DAIC\670_P\670_AUDIO.wav,Participant
670_P,670,670_30,I wish I hadn't lost my temper,258.8,260.9,D:\NCKH_DATATEAM\dataset\E-DAIC\670_P\670_AUDIO.wav,Ellie
670_P,670,670_31,Endicott discussion with this person about stepping on my toes,262.3,265.5,D:\NCKH_DATATEAM\dataset\E-DAIC\670_P\670_AUDIO.wav,Participant
670_P,670,670_32,all right,269.7,270.4,D:\NCKH_DATATEAM\dataset\E-DAIC\670_P\670_AUDIO.wav,Ellie
670_P,670,670_33,what's something you feel guilty about,273.7,275.5,D:\NCKH_DATATEAM\dataset\E-DAIC\670_P\670_AUDIO.wav,Participant
670_P,670,670_34,not being present during my daughter's growing up,277.5,281.7,D:\NCKH_DATATEAM\dataset\E-DAIC\670_P\670_AUDIO.wav,Ellie
670_P,670,670_35,that's it,284.8,285.6,D:\NCKH_DATATEAM\dataset\E-DAIC\670_P\670_AUDIO.wav,Participant
670_P,670,670_36,tell me about the hardest decision,288.8,290.8,D:\NCKH_DATATEAM\dataset\E-DAIC\670_P\670_AUDIO.wav,Ellie
670_P,670,670_37,weather,295.5,296.1,D:\NCKH_DATATEAM\dataset\E-DAIC\670_P\670_AUDIO.wav,Participant
670_P,670,670_38,where to retire in,298.0,299.6,D:\NCKH_DATATEAM\dataset\E-DAIC\670_P\670_AUDIO.wav,Ellie
670_P,670,670_39,or go on in my chosen occupation,302.7,304.9,D:\NCKH_DATATEAM\dataset\E-DAIC\670_P\670_AUDIO.wav,Participant
670_P,670,670_40,watching a person die,315.6,317.0,D:\NCKH_DATATEAM\dataset\E-DAIC\670_P\670_AUDIO.wav,Ellie
670_P,670,670_41,have you ever,323.8,324.3,D:\NCKH_DATATEAM\dataset\E-DAIC\670_P\670_AUDIO.wav,Participant
670_P,670,670_42,yes,325.4,325.9,D:\NCKH_DATATEAM\dataset\E-DAIC\670_P\670_AUDIO.wav,Ellie
670_P,670,670_43,17,331.8,332.6,D:\NCKH_DATATEAM\dataset\E-DAIC\670_P\670_AUDIO.wav,Participant
670_P,670,670_44,nothing else to do nothing positive that I could find to do that the time,337.9,343.8,D:\NCKH_DATATEAM\dataset\E-DAIC\670_P\670_AUDIO.wav,Ellie
670_P,670,670_45,are you happy you did that yes.,346.7,348.7,D:\NCKH_DATATEAM\dataset\E-DAIC\670_P\670_AUDIO.wav,Participant
670_P,670,670_46,one of the best decision of my life,350.1,351.7,D:\NCKH_DATATEAM\dataset\E-DAIC\670_P\670_AUDIO.wav,Ellie
670_P,670,670_47,no,360.5,361.1,D:\NCKH_DATATEAM\dataset\E-DAIC\670_P\670_AUDIO.wav,Participant
670_P,670,670_48,wasn't allowed to go and I was doing the Vietnam area due to my,363.3,366.8,D:\NCKH_DATATEAM\dataset\E-DAIC\670_P\670_AUDIO.wav,Ellie
670_P,670,670_49,older brother being there and it wouldn't allow two siblings in the war,368.4,372.5,D:\NCKH_DATATEAM\dataset\E-DAIC\670_P\670_AUDIO.wav,Participant
670_P,670,670_50,exactly,375.8,377.9,D:\NCKH_DATATEAM\dataset\E-DAIC\670_P\670_AUDIO.wav,Ellie
670_P,670,670_51,not to,382.1,382.9,D:\NCKH_DATATEAM\dataset\E-DAIC\670_P\670_AUDIO.wav,Participant
670_P,670,670_52,I enjoyed the structure of the military,386.8,389.4,D:\NCKH_DATATEAM\dataset\E-DAIC\670_P\670_AUDIO.wav,Ellie
670_P,670,670_53,became a painter for a few years and then I started entertainment work as a writer,396.5,402.9,D:\NCKH_DATATEAM\dataset\E-DAIC\670_P\670_AUDIO.wav,Participant
670_P,670,670_54,how did serving in the military change you,409.8,411.8,D:\NCKH_DATATEAM\dataset\E-DAIC\670_P\670_AUDIO.wav,Ellie
670_P,670,670_55,and gave me more focus more Direction,413.3,416.3,D:\NCKH_DATATEAM\dataset\E-DAIC\670_P\670_AUDIO.wav,Participant
670_P,670,670_56,abilities to,417.7,419.2,D:\NCKH_DATATEAM\dataset\E-DAIC\670_P\670_AUDIO.wav,Ellie
670_P,670,670_57,utilize my time,421.1,422.4,D:\NCKH_DATATEAM\dataset\E-DAIC\670_P\670_AUDIO.wav,Participant
670_P,670,670_58,positively,424.7,425.7,D:\NCKH_DATATEAM\dataset\E-DAIC\670_P\670_AUDIO.wav,Ellie
670_P,670,670_59,how you been feeling lately great,434.8,438.3,D:\NCKH_DATATEAM\dataset\E-DAIC\670_P\670_AUDIO.wav,Participant
670_P,670,670_60,sometimes I disorder,439.5,440.7,D:\NCKH_DATATEAM\dataset\E-DAIC\670_P\670_AUDIO.wav,Ellie
670_P,670,670_61,after all things are going to work out,442.0,444.0,D:\NCKH_DATATEAM\dataset\E-DAIC\670_P\670_AUDIO.wav,Participant
670_P,670,670_62,none too radical,452.0,454.8,D:\NCKH_DATATEAM\dataset\E-DAIC\670_P\670_AUDIO.wav,Ellie
670_P,670,670_63,can you tell me about that,458.9,459.9,D:\NCKH_DATATEAM\dataset\E-DAIC\670_P\670_AUDIO.wav,Participant
670_P,670,670_64,I'm more calmer I'm more focused,464.4,468.1,D:\NCKH_DATATEAM\dataset\E-DAIC\670_P\670_AUDIO.wav,Ellie
670_P,670,670_65,which I had to be in order to succeed and what I want to do,470.1,473.5,D:\NCKH_DATATEAM\dataset\E-DAIC\670_P\670_AUDIO.wav,Participant
670_P,670,670_66,sometimes hard doodle,479.1,481.2,D:\NCKH_DATATEAM\dataset\E-DAIC\670_P\670_AUDIO.wav,Ellie
670_P,670,670_67,phone,482.8,483.5,D:\NCKH_DATATEAM\dataset\E-DAIC\670_P\670_AUDIO.wav,Participant
670_P,670,670_68,and people on the phone saturated Non-Stop,484.5,487.9,D:\NCKH_DATATEAM\dataset\E-DAIC\670_P\670_AUDIO.wav,Ellie
670_P,670,670_69,what are you likely,491.7,492.7,D:\NCKH_DATATEAM\dataset\E-DAIC\670_P\670_AUDIO.wav,Participant
670_P,670,670_70,grouchy,494.6,495.4,D:\NCKH_DATATEAM\dataset\E-DAIC\670_P\670_AUDIO.wav,Ellie
670_P,670,670_71,and tired,499.6,500.4,D:\NCKH_DATATEAM\dataset\E-DAIC\670_P\670_AUDIO.wav,Participant
670_P,670,670_72,have you ever been diagnosed with PTSD no,503.8,506.4,D:\NCKH_DATATEAM\dataset\E-DAIC\670_P\670_AUDIO.wav,Ellie
670_P,670,670_73,have you been diagnosed with,518.8,520.0,D:\NCKH_DATATEAM\dataset\E-DAIC\670_P\670_AUDIO.wav,Participant
670_P,670,670_74,no I haven't,520.9,521.9,D:\NCKH_DATATEAM\dataset\E-DAIC\670_P\670_AUDIO.wav,Ellie
670_P,670,670_75,3 days ago speaking to a female,536.7,538.9,D:\NCKH_DATATEAM\dataset\E-DAIC\670_P\670_AUDIO.wav,Participant
670_P,670,670_76,time is nothing I said General conversation very nice conversation which came along great,542.9,550.1,D:\NCKH_DATATEAM\dataset\E-DAIC\670_P\670_AUDIO.wav,Ellie
670_P,670,670_77,my mother,554.7,556.0,D:\NCKH_DATATEAM\dataset\E-DAIC\670_P\670_AUDIO.wav,Participant
670_P,670,670_78,colon cancer,562.7,563.6,D:\NCKH_DATATEAM\dataset\E-DAIC\670_P\670_AUDIO.wav,Ellie
670_P,670,670_79,zany,571.5,572.3,D:\NCKH_DATATEAM\dataset\E-DAIC\670_P\670_AUDIO.wav,Participant
670_P,670,670_80,a great pool a green pool game,580.9,584.1,D:\NCKH_DATATEAM\dataset\E-DAIC\670_P\670_AUDIO.wav,Ellie
670_P,670,670_81,what are you most proud of,588.8,589.9,D:\NCKH_DATATEAM\dataset\E-DAIC\670_P\670_AUDIO.wav,Participant
670_P,670,670_82,writing achievements,592.6,593.5,D:\NCKH_DATATEAM\dataset\E-DAIC\670_P\670_AUDIO.wav,Ellie
670_P,670,670_83,thanks for sharing your thoughts with,599.7,601.0,D:\NCKH_DATATEAM\dataset\E-DAIC\670_P\670_AUDIO.wav,Participant
673_P,673,673_0,okay,0.5,1.1,D:\NCKH_DATATEAM\dataset\E-DAIC\673_P\673_AUDIO.wav,Ellie
673_P,673,673_1,sound of rain over to human and what kind of float in the air,20.9,24.6,D:\NCKH_DATATEAM\dataset\E-DAIC\673_P\673_AUDIO.wav,Participant
673_P,673,673_2,she said goodbye I also if you ever noticed a. Of time where it happens very very rarely but if she pauses for like 15-20 seconds,44.0,54.5,D:\NCKH_DATATEAM\dataset\E-DAIC\673_P\673_AUDIO.wav,Ellie
673_P,673,673_3,hopefully that won't happen,58.1,58.9,D:\NCKH_DATATEAM\dataset\E-DAIC\673_P\673_AUDIO.wav,Participant
673_P,673,673_4,okay,60.5,61.0,D:\NCKH_DATATEAM\dataset\E-DAIC\673_P\673_AUDIO.wav,Ellie
673_P,673,673_5,okay thank you,63.1,63.9,D:\NCKH_DATATEAM\dataset\E-DAIC\673_P\673_AUDIO.wav,Participant
673_P,673,673_6,and please feel free,79.9,80.9,D:\NCKH_DATATEAM\dataset\E-DAIC\673_P\673_AUDIO.wav,Ellie
673_P,673,673_7,are you okay with this,88.4,89.6,D:\NCKH_DATATEAM\dataset\E-DAIC\673_P\673_AUDIO.wav,Participant
673_P,673,673_8,yes,90.6,91.1,D:\NCKH_DATATEAM\dataset\E-DAIC\673_P\673_AUDIO.wav,Ellie
673_P,673,673_9,doing well thank you,100.8,102.0,D:\NCKH_DATATEAM\dataset\E-DAIC\673_P\673_AUDIO.wav,Participant
673_P,673,673_10,where are you from originally,108.4,109.2,D:\NCKH_DATATEAM\dataset\E-DAIC\673_P\673_AUDIO.wav,Ellie
673_P,673,673_11,originally from Orange County California,110.5,112.3,D:\NCKH_DATATEAM\dataset\E-DAIC\673_P\673_AUDIO.wav,Participant
673_P,673,673_12,all the people close to the beach,120.4,123.6,D:\NCKH_DATATEAM\dataset\E-DAIC\673_P\673_AUDIO.wav,Ellie
673_P,673,673_13,you travel a lot,136.3,137.2,D:\NCKH_DATATEAM\dataset\E-DAIC\673_P\673_AUDIO.wav,Participant
673_P,673,673_14,yes,138.2,138.7,D:\NCKH_DATATEAM\dataset\E-DAIC\673_P\673_AUDIO.wav,Ellie
673_P,673,673_15,getting away visiting new places,145.7,147.2,D:\NCKH_DATATEAM\dataset\E-DAIC\673_P\673_AUDIO.wav,Participant
673_P,673,673_16,what's a Las Vegas for last year gambling at a casino,154.6,159.0,D:\NCKH_DATATEAM\dataset\E-DAIC\673_P\673_AUDIO.wav,Ellie
673_P,673,673_17,probably snowboard,170.2,171.4,D:\NCKH_DATATEAM\dataset\E-DAIC\673_P\673_AUDIO.wav,Participant
673_P,673,673_18,snowboarding in Wrightwood with family,178.6,181.7,D:\NCKH_DATATEAM\dataset\E-DAIC\673_P\673_AUDIO.wav,Ellie
673_P,673,673_19,I studied paralegal studies,186.8,188.7,D:\NCKH_DATATEAM\dataset\E-DAIC\673_P\673_AUDIO.wav,Participant
673_P,673,673_20,I'm in construction work,194.3,196.0,D:\NCKH_DATATEAM\dataset\E-DAIC\673_P\673_AUDIO.wav,Ellie
673_P,673,673_21,what's your dream job,202.3,203.4,D:\NCKH_DATATEAM\dataset\E-DAIC\673_P\673_AUDIO.wav,Participant
673_P,673,673_22,Phoenix construction supervisor,208.8,211.6,D:\NCKH_DATATEAM\dataset\E-DAIC\673_P\673_AUDIO.wav,Ellie
673_P,673,673_23,I can pick money,213.5,214.6,D:\NCKH_DATATEAM\dataset\E-DAIC\673_P\673_AUDIO.wav,Participant
673_P,673,673_24,a little more shy,220.0,220.9,D:\NCKH_DATATEAM\dataset\E-DAIC\673_P\673_AUDIO.wav,Ellie
673_P,673,673_25,it's good I love my family very much,228.8,230.4,D:\NCKH_DATATEAM\dataset\E-DAIC\673_P\673_AUDIO.wav,Participant
673_P,673,673_26,great,238.6,239.2,D:\NCKH_DATATEAM\dataset\E-DAIC\673_P\673_AUDIO.wav,Ellie
673_P,673,673_27,when was the last,242.3,243.0,D:\NCKH_DATATEAM\dataset\E-DAIC\673_P\673_AUDIO.wav,Participant
673_P,673,673_28,I just found the argument a few months back,246.9,249.9,D:\NCKH_DATATEAM\dataset\E-DAIC\673_P\673_AUDIO.wav,Ellie
673_P,673,673_29,tell me about a situation that you wish you would handle,256.4,259.0,D:\NCKH_DATATEAM\dataset\E-DAIC\673_P\673_AUDIO.wav,Participant
673_P,673,673_30,probably that argument,261.8,263.2,D:\NCKH_DATATEAM\dataset\E-DAIC\673_P\673_AUDIO.wav,Ellie
673_P,673,673_31,probably would have jailed so much,265.1,266.8,D:\NCKH_DATATEAM\dataset\E-DAIC\673_P\673_AUDIO.wav,Participant
673_P,673,673_32,nothing comes to mind,276.8,277.9,D:\NCKH_DATATEAM\dataset\E-DAIC\673_P\673_AUDIO.wav,Ellie
673_P,673,673_33,tell me about the hardest decision you've ever had to me,284.4,287.6,D:\NCKH_DATATEAM\dataset\E-DAIC\673_P\673_AUDIO.wav,Participant
673_P,673,673_34,tell me about new bed or something that you wish you could erase from your memory,294.8,298.8,D:\NCKH_DATATEAM\dataset\E-DAIC\673_P\673_AUDIO.wav,Ellie
673_P,673,673_35,I can't think of anything,302.8,304.2,D:\NCKH_DATATEAM\dataset\E-DAIC\673_P\673_AUDIO.wav,Participant
673_P,673,673_36,yes,314.2,314.7,D:\NCKH_DATATEAM\dataset\E-DAIC\673_P\673_AUDIO.wav,Ellie
673_P,673,673_37,how old are you when you're done.,320.4,321.6,D:\NCKH_DATATEAM\dataset\E-DAIC\673_P\673_AUDIO.wav,Participant
673_P,673,673_38,I was 20,323.1,325.2,D:\NCKH_DATATEAM\dataset\E-DAIC\673_P\673_AUDIO.wav,Ellie
673_P,673,673_39,passion remember 21,327.4,329.5,D:\NCKH_DATATEAM\dataset\E-DAIC\673_P\673_AUDIO.wav,Participant
673_P,673,673_40,so that I could go see the world but always heard good things about it,334.9,338.3,D:\NCKH_DATATEAM\dataset\E-DAIC\673_P\673_AUDIO.wav,Ellie
673_P,673,673_41,are you happy,341.2,342.0,D:\NCKH_DATATEAM\dataset\E-DAIC\673_P\673_AUDIO.wav,Participant
673_P,673,673_42,very happy about that,343.3,344.4,D:\NCKH_DATATEAM\dataset\E-DAIC\673_P\673_AUDIO.wav,Ellie
673_P,673,673_43,did you ever see,351.6,352.2,D:\NCKH_DATATEAM\dataset\E-DAIC\673_P\673_AUDIO.wav,Participant
673_P,673,673_44,how is the weather,365.5,366.2,D:\NCKH_DATATEAM\dataset\E-DAIC\673_P\673_AUDIO.wav,Ellie
673_P,673,673_45,I choose you didn't fit in really well,370.1,372.6,D:\NCKH_DATATEAM\dataset\E-DAIC\673_P\673_AUDIO.wav,Participant
673_P,673,673_46,what did you do after,379.3,380.3,D:\NCKH_DATATEAM\dataset\E-DAIC\673_P\673_AUDIO.wav,Ellie
673_P,673,673_47,just went back to school for different jobs,383.1,386.5,D:\NCKH_DATATEAM\dataset\E-DAIC\673_P\673_AUDIO.wav,Participant
673_P,673,673_48,how did serving in the military change you,394.3,396.3,D:\NCKH_DATATEAM\dataset\E-DAIC\673_P\673_AUDIO.wav,Ellie
673_P,673,673_49,made me more disciplined and,398.9,400.9,D:\NCKH_DATATEAM\dataset\E-DAIC\673_P\673_AUDIO.wav,Participant
673_P,673,673_50,give me a little more culture,406.6,407.9,D:\NCKH_DATATEAM\dataset\E-DAIC\673_P\673_AUDIO.wav,Ellie
673_P,673,673_51,I feeling pretty like depressed kind of down,410.1,413.1,D:\NCKH_DATATEAM\dataset\E-DAIC\673_P\673_AUDIO.wav,Participant
673_P,673,673_52,have you noticed any changes in her behavior or so,417.1,419.7,D:\NCKH_DATATEAM\dataset\E-DAIC\673_P\673_AUDIO.wav,Ellie
673_P,673,673_53,mildly,421.2,422.2,D:\NCKH_DATATEAM\dataset\E-DAIC\673_P\673_AUDIO.wav,Participant
673_P,673,673_54,can you tell me about that,425.5,426.5,D:\NCKH_DATATEAM\dataset\E-DAIC\673_P\673_AUDIO.wav,Ellie
673_P,673,673_55,I've been feeling a little better,427.7,429.4,D:\NCKH_DATATEAM\dataset\E-DAIC\673_P\673_AUDIO.wav,Participant
673_P,673,673_56,are you still on,482.0,482.9,D:\NCKH_DATATEAM\dataset\E-DAIC\673_P\673_AUDIO.wav,Ellie
673_P,673,673_57,Usher,495.1,496.5,D:\NCKH_DATATEAM\dataset\E-DAIC\673_P\673_AUDIO.wav,Participant
673_P,673,673_58,well,513.0,513.5,D:\NCKH_DATATEAM\dataset\E-DAIC\673_P\673_AUDIO.wav,Ellie
673_P,673,673_59,my father has been a positive influence in my life,517.2,519.7,D:\NCKH_DATATEAM\dataset\E-DAIC\673_P\673_AUDIO.wav,Participant
673_P,673,673_60,my friends,522.1,523.6,D:\NCKH_DATATEAM\dataset\E-DAIC\673_P\673_AUDIO.wav,Ellie
673_P,673,673_61,crazy huh,531.5,532.4,D:\NCKH_DATATEAM\dataset\E-DAIC\673_P\673_AUDIO.wav,Participant
673_P,673,673_62,we went fishing with deep sea fishing out of the band that was was pretty fun day,541.0,546.0,D:\NCKH_DATATEAM\dataset\E-DAIC\673_P\673_AUDIO.wav,Ellie
673_P,673,673_63,what are you most proud of,555.3,556.4,D:\NCKH_DATATEAM\dataset\E-DAIC\673_P\673_AUDIO.wav,Participant
673_P,673,673_64,probably get in a college degree,559.2,561.1,D:\NCKH_DATATEAM\dataset\E-DAIC\673_P\673_AUDIO.wav,Ellie
673_P,673,673_65,thanks for sharing your thoughts with me,568.3,569.8,D:\NCKH_DATATEAM\dataset\E-DAIC\673_P\673_AUDIO.wav,Participant
673_P,673,673_66,make that a number off your shirt weekly studies,0.5,599.6,D:\NCKH_DATATEAM\dataset\E-DAIC\673_P\673_AUDIO.wav,Ellie
676_P,676,676_0,she is,15.1,15.9,D:\NCKH_DATATEAM\dataset\E-DAIC\676_P\676_AUDIO.wav,Ellie
676_P,676,676_1,hi Emily,34.3,35.6,D:\NCKH_DATATEAM\dataset\E-DAIC\676_P\676_AUDIO.wav,Participant
676_P,676,676_2,you're welcome,36.7,38.5,D:\NCKH_DATATEAM\dataset\E-DAIC\676_P\676_AUDIO.wav,Ellie
676_P,676,676_3,I'm not a therapist,42.2,43.4,D:\NCKH_DATATEAM\dataset\E-DAIC\676_P\676_AUDIO.wav,Participant
676_P,676,676_4,and please,49.4,50.1,D:\NCKH_DATATEAM\dataset\E-DAIC\676_P\676_AUDIO.wav,Ellie
676_P,676,676_5,are you okay with this yes I am,57.9,60.0,D:\NCKH_DATATEAM\dataset\E-DAIC\676_P\676_AUDIO.wav,Participant
676_P,676,676_6,so how are you doing today I feel pretty good and yourself,71.3,75.6,D:\NCKH_DATATEAM\dataset\E-DAIC\676_P\676_AUDIO.wav,Ellie
676_P,676,676_7,where are you from originally Louisiana,86.2,88.9,D:\NCKH_DATATEAM\dataset\E-DAIC\676_P\676_AUDIO.wav,Participant
676_P,676,676_8,melo's nice places Big Lots of events here this last oceans around surrounding it,104.2,111.4,D:\NCKH_DATATEAM\dataset\E-DAIC\676_P\676_AUDIO.wav,Ellie
676_P,676,676_9,it's a great City,112.2,114.4,D:\NCKH_DATATEAM\dataset\E-DAIC\676_P\676_AUDIO.wav,Participant
676_P,676,676_10,the crowds and traffic,118.2,119.9,D:\NCKH_DATATEAM\dataset\E-DAIC\676_P\676_AUDIO.wav,Ellie
676_P,676,676_11,you travel a lot,130.1,131.0,D:\NCKH_DATATEAM\dataset\E-DAIC\676_P\676_AUDIO.wav,Participant
676_P,676,676_12,no,132.3,133.1,D:\NCKH_DATATEAM\dataset\E-DAIC\676_P\676_AUDIO.wav,Ellie
676_P,676,676_13,which one of your most,144.2,145.0,D:\NCKH_DATATEAM\dataset\E-DAIC\676_P\676_AUDIO.wav,Participant
676_P,676,676_14,going to school going back to school getting ready voice,148.1,153.8,D:\NCKH_DATATEAM\dataset\E-DAIC\676_P\676_AUDIO.wav,Ellie
676_P,676,676_15,how's the weather,158.6,159.4,D:\NCKH_DATATEAM\dataset\E-DAIC\676_P\676_AUDIO.wav,Participant
676_P,676,676_16,computer science,161.2,162.5,D:\NCKH_DATATEAM\dataset\E-DAIC\676_P\676_AUDIO.wav,Ellie
676_P,676,676_17,what you do now,173.2,174.0,D:\NCKH_DATATEAM\dataset\E-DAIC\676_P\676_AUDIO.wav,Participant
676_P,676,676_18,payment to student right now back in school,174.9,178.1,D:\NCKH_DATATEAM\dataset\E-DAIC\676_P\676_AUDIO.wav,Ellie
676_P,676,676_19,what's your dream job,187.1,188.2,D:\NCKH_DATATEAM\dataset\E-DAIC\676_P\676_AUDIO.wav,Participant
676_P,676,676_20,Pro computer program,190.9,192.7,D:\NCKH_DATATEAM\dataset\E-DAIC\676_P\676_AUDIO.wav,Ellie
676_P,676,676_21,systems,195.0,195.7,D:\NCKH_DATATEAM\dataset\E-DAIC\676_P\676_AUDIO.wav,Participant
676_P,676,676_22,more outgoing,206.5,207.7,D:\NCKH_DATATEAM\dataset\E-DAIC\676_P\676_AUDIO.wav,Ellie
676_P,676,676_23,tell me about your relationship with your family,218.5,220.8,D:\NCKH_DATATEAM\dataset\E-DAIC\676_P\676_AUDIO.wav,Participant
676_P,676,676_24,me and my family gets along very well I have one brother at two brothers and one sister and we're doing pretty good,222.0,229.0,D:\NCKH_DATATEAM\dataset\E-DAIC\676_P\676_AUDIO.wav,Ellie
676_P,676,676_25,the best of guy,241.0,241.9,D:\NCKH_DATATEAM\dataset\E-DAIC\676_P\676_AUDIO.wav,Participant
676_P,676,676_26,what do you do,243.2,244.0,D:\NCKH_DATATEAM\dataset\E-DAIC\676_P\676_AUDIO.wav,Ellie
676_P,676,676_27,how do you look at TV or listen to music,245.7,247.9,D:\NCKH_DATATEAM\dataset\E-DAIC\676_P\676_AUDIO.wav,Participant
676_P,676,676_28,pretty good I do not lose control of my temper,262.8,265.8,D:\NCKH_DATATEAM\dataset\E-DAIC\676_P\676_AUDIO.wav,Ellie
676_P,676,676_29,when was the last time you argue with them,275.1,277.0,D:\NCKH_DATATEAM\dataset\E-DAIC\676_P\676_AUDIO.wav,Participant
676_P,676,676_30,I don't even remember the last time I argue with you today though you're made my sister about the spending habits,281.2,289.4,D:\NCKH_DATATEAM\dataset\E-DAIC\676_P\676_AUDIO.wav,Ellie
676_P,676,676_31,I wish I had applied for position a lot earlier than I did so wasting my time and procrastinating with it,297.3,306.3,D:\NCKH_DATATEAM\dataset\E-DAIC\676_P\676_AUDIO.wav,Participant
676_P,676,676_32,what's something you feel guilty about,308.0,309.8,D:\NCKH_DATATEAM\dataset\E-DAIC\676_P\676_AUDIO.wav,Ellie
676_P,676,676_33,at the moment nothing,311.2,312.6,D:\NCKH_DATATEAM\dataset\E-DAIC\676_P\676_AUDIO.wav,Participant
676_P,676,676_34,tell me about the hardest decision you've ever had to make,322.2,325.4,D:\NCKH_DATATEAM\dataset\E-DAIC\676_P\676_AUDIO.wav,Ellie
676_P,676,676_35,the hardest decision would be,330.6,333.5,D:\NCKH_DATATEAM\dataset\E-DAIC\676_P\676_AUDIO.wav,Participant
676_P,676,676_36,I'm going back to school I guess,337.6,340.0,D:\NCKH_DATATEAM\dataset\E-DAIC\676_P\676_AUDIO.wav,Ellie
676_P,676,676_37,my first marriage,345.4,346.5,D:\NCKH_DATATEAM\dataset\E-DAIC\676_P\676_AUDIO.wav,Participant
676_P,676,676_38,have you ever seen,357.1,357.8,D:\NCKH_DATATEAM\dataset\E-DAIC\676_P\676_AUDIO.wav,Ellie
676_P,676,676_39,yes,358.8,359.3,D:\NCKH_DATATEAM\dataset\E-DAIC\676_P\676_AUDIO.wav,Participant
676_P,676,676_40,how have you been feeling lately a blessing fine,371.1,375.3,D:\NCKH_DATATEAM\dataset\E-DAIC\676_P\676_AUDIO.wav,Ellie
676_P,676,676_41,have you noticed any changes in her behavior,385.9,387.6,D:\NCKH_DATATEAM\dataset\E-DAIC\676_P\676_AUDIO.wav,Participant
676_P,676,676_42,no,389.9,390.5,D:\NCKH_DATATEAM\dataset\E-DAIC\676_P\676_AUDIO.wav,Ellie
676_P,676,676_43,how easy is it for you to get a good night sleep,401.2,403.2,D:\NCKH_DATATEAM\dataset\E-DAIC\676_P\676_AUDIO.wav,Participant
676_P,676,676_44,pretty good I use you fall asleep the same time every night to go to Santana every morning,405.4,412.3,D:\NCKH_DATATEAM\dataset\E-DAIC\676_P\676_AUDIO.wav,Ellie
676_P,676,676_45,what are you like,417.1,417.9,D:\NCKH_DATATEAM\dataset\E-DAIC\676_P\676_AUDIO.wav,Participant
676_P,676,676_46,irritable,421.7,422.6,D:\NCKH_DATATEAM\dataset\E-DAIC\676_P\676_AUDIO.wav,Ellie
676_P,676,676_47,have you ever been diagnosed with PTSD no,432.1,435.2,D:\NCKH_DATATEAM\dataset\E-DAIC\676_P\676_AUDIO.wav,Participant
676_P,676,676_48,have you been diagnosed with,447.2,448.4,D:\NCKH_DATATEAM\dataset\E-DAIC\676_P\676_AUDIO.wav,Ellie
676_P,676,676_49,yes,449.1,449.6,D:\NCKH_DATATEAM\dataset\E-DAIC\676_P\676_AUDIO.wav,Participant
676_P,676,676_50,yesterday,468.3,469.2,D:\NCKH_DATATEAM\dataset\E-DAIC\676_P\676_AUDIO.wav,Ellie
676_P,676,676_51,who's the one that's been a positive influence in your life,478.1,480.2,D:\NCKH_DATATEAM\dataset\E-DAIC\676_P\676_AUDIO.wav,Participant
676_P,676,676_52,my English teacher,484.4,485.4,D:\NCKH_DATATEAM\dataset\E-DAIC\676_P\676_AUDIO.wav,Ellie
676_P,676,676_53,how do you,493.4,494.0,D:\NCKH_DATATEAM\dataset\E-DAIC\676_P\676_AUDIO.wav,Participant
676_P,676,676_54,as a joyful outgoing person,498.0,500.4,D:\NCKH_DATATEAM\dataset\E-DAIC\676_P\676_AUDIO.wav,Ellie
676_P,676,676_55,what's something you did recently,508.7,509.9,D:\NCKH_DATATEAM\dataset\E-DAIC\676_P\676_AUDIO.wav,Participant
676_P,676,676_56,shooting billiards and pool with a friend of mine,513.1,515.9,D:\NCKH_DATATEAM\dataset\E-DAIC\676_P\676_AUDIO.wav,Ellie
676_P,676,676_57,what are you most proud of in your,525.1,526.5,D:\NCKH_DATATEAM\dataset\E-DAIC\676_P\676_AUDIO.wav,Participant
676_P,676,676_58,graduating from Junior College,533.5,535.1,D:\NCKH_DATATEAM\dataset\E-DAIC\676_P\676_AUDIO.wav,Ellie
676_P,676,676_59,in a job as a computer programmer,538.0,539.6,D:\NCKH_DATATEAM\dataset\E-DAIC\676_P\676_AUDIO.wav,Participant
676_P,676,676_60,thanks for sharing your thoughts with me,542.0,543.5,D:\NCKH_DATATEAM\dataset\E-DAIC\676_P\676_AUDIO.wav,Ellie
676_P,676,676_61,goodbye goodbye,546.3,547.6,D:\NCKH_DATATEAM\dataset\E-DAIC\676_P\676_AUDIO.wav,Participant
676_P,676,676_62,quit,556.7,557.8,D:\NCKH_DATATEAM\dataset\E-DAIC\676_P\676_AUDIO.wav,Ellie
676_P,676,676_63,over,560.1,560.9,D:\NCKH_DATATEAM\dataset\E-DAIC\676_P\676_AUDIO.wav,Participant
676_P,676,676_64,all right,566.5,567.3,D:\NCKH_DATATEAM\dataset\E-DAIC\676_P\676_AUDIO.wav,Ellie
676_P,676,676_65,30 thank you and then,15.1,578.7,D:\NCKH_DATATEAM\dataset\E-DAIC\676_P\676_AUDIO.wav,Participant
677_P,677,677_0,I'm going to bring up over to Human,2.3,3.7,D:\NCKH_DATATEAM\dataset\E-DAIC\677_P\677_AUDIO.wav,Ellie
677_P,677,677_1,you can't,34.2,34.9,D:\NCKH_DATATEAM\dataset\E-DAIC\677_P\677_AUDIO.wav,Participant
677_P,677,677_2,hi I'm Ellie,37.7,39.2,D:\NCKH_DATATEAM\dataset\E-DAIC\677_P\677_AUDIO.wav,Ellie
677_P,677,677_3,I'm not a therapist but I'm here,45.7,47.5,D:\NCKH_DATATEAM\dataset\E-DAIC\677_P\677_AUDIO.wav,Participant
677_P,677,677_4,and please,52.8,53.5,D:\NCKH_DATATEAM\dataset\E-DAIC\677_P\677_AUDIO.wav,Ellie
677_P,677,677_5,yes,62.6,63.2,D:\NCKH_DATATEAM\dataset\E-DAIC\677_P\677_AUDIO.wav,Participant
677_P,677,677_6,I'm doing fine and yourself,72.3,73.9,D:\NCKH_DATATEAM\dataset\E-DAIC\677_P\677_AUDIO.wav,Ellie
677_P,677,677_7,where are you from originally,77.6,78.5,D:\NCKH_DATATEAM\dataset\E-DAIC\677_P\677_AUDIO.wav,Participant
677_P,677,677_8,I was born in,80.1,81.4,D:\NCKH_DATATEAM\dataset\E-DAIC\677_P\677_AUDIO.wav,Ellie
677_P,677,677_9,gone for so long I've been down to Georgia for a while but my family is all it from here so that's why I'm here,93.0,100.6,D:\NCKH_DATATEAM\dataset\E-DAIC\677_P\677_AUDIO.wav,Participant
677_P,677,677_10,the rudeness of the people,108.4,109.9,D:\NCKH_DATATEAM\dataset\E-DAIC\677_P\677_AUDIO.wav,Ellie
677_P,677,677_11,I see what you mean,113.6,114.5,D:\NCKH_DATATEAM\dataset\E-DAIC\677_P\677_AUDIO.wav,Participant
677_P,677,677_12,do you travel a lot been all over the world,117.6,120.6,D:\NCKH_DATATEAM\dataset\E-DAIC\677_P\677_AUDIO.wav,Ellie
677_P,677,677_13,driving a funny car down a drag strip and 200 miles an hour,131.4,135.2,D:\NCKH_DATATEAM\dataset\E-DAIC\677_P\677_AUDIO.wav,Participant
677_P,677,677_14,what you study,139.6,140.3,D:\NCKH_DATATEAM\dataset\E-DAIC\677_P\677_AUDIO.wav,Ellie
677_P,677,677_15,basic automotive stuff and I worked at the drag strip already go to school so I got to know quite a few people,142.5,150.7,D:\NCKH_DATATEAM\dataset\E-DAIC\677_P\677_AUDIO.wav,Participant
677_P,677,677_16,what are you doing now,154.6,155.4,D:\NCKH_DATATEAM\dataset\E-DAIC\677_P\677_AUDIO.wav,Ellie
677_P,677,677_17,right now I'm on workman's comp I work for Amvets and I got hurt at work and I'm on workman's comp right now,157.0,164.3,D:\NCKH_DATATEAM\dataset\E-DAIC\677_P\677_AUDIO.wav,Participant
677_P,677,677_18,okay,167.4,168.0,D:\NCKH_DATATEAM\dataset\E-DAIC\677_P\677_AUDIO.wav,Ellie
677_P,677,677_19,what's your dream job,170.6,171.6,D:\NCKH_DATATEAM\dataset\E-DAIC\677_P\677_AUDIO.wav,Participant
677_P,677,677_20,I really don't have one at this time,173.5,175.5,D:\NCKH_DATATEAM\dataset\E-DAIC\677_P\677_AUDIO.wav,Ellie
677_P,677,677_21,pretty much outgoing,183.1,184.0,D:\NCKH_DATATEAM\dataset\E-DAIC\677_P\677_AUDIO.wav,Participant
677_P,677,677_22,I'm able to talk to anybody had any time no matter what race they are just,189.1,195.1,D:\NCKH_DATATEAM\dataset\E-DAIC\677_P\677_AUDIO.wav,Ellie
677_P,677,677_23,I'm one of them lucky persons that can talk to anybody,196.1,199.2,D:\NCKH_DATATEAM\dataset\E-DAIC\677_P\677_AUDIO.wav,Participant
677_P,677,677_24,I'll let them do their own thing I just lost my wife three years ago today in Georgia so that's why I came back here I had nobody else left in Georgia,206.4,216.3,D:\NCKH_DATATEAM\dataset\E-DAIC\677_P\677_AUDIO.wav,Ellie
677_P,677,677_25,sometimes what I'm feeling.,220.1,221.6,D:\NCKH_DATATEAM\dataset\E-DAIC\677_P\677_AUDIO.wav,Participant
677_P,677,677_26,I turn on the fan,222.3,223.3,D:\NCKH_DATATEAM\dataset\E-DAIC\677_P\677_AUDIO.wav,Ellie
677_P,677,677_27,screensaver hey I know it's not Hawaii but it's the best I've got,223.7,228.3,D:\NCKH_DATATEAM\dataset\E-DAIC\677_P\677_AUDIO.wav,Participant
677_P,677,677_28,I go fishing play cars at the little casinos around here,232.7,236.8,D:\NCKH_DATATEAM\dataset\E-DAIC\677_P\677_AUDIO.wav,Ellie
677_P,677,677_29,that's what I do to relax,238.4,239.8,D:\NCKH_DATATEAM\dataset\E-DAIC\677_P\677_AUDIO.wav,Participant
677_P,677,677_30,my temper is fine I don't get mad very often,246.0,249.2,D:\NCKH_DATATEAM\dataset\E-DAIC\677_P\677_AUDIO.wav,Ellie
677_P,677,677_31,when was the last time,252.6,253.6,D:\NCKH_DATATEAM\dataset\E-DAIC\677_P\677_AUDIO.wav,Participant
677_P,677,677_32,probably a bad poker hand,258.7,261.4,D:\NCKH_DATATEAM\dataset\E-DAIC\677_P\677_AUDIO.wav,Ellie
677_P,677,677_33,can you tell me about that,264.7,265.7,D:\NCKH_DATATEAM\dataset\E-DAIC\677_P\677_AUDIO.wav,Participant
677_P,677,677_34,yeah and I was trying to cheat me and I caught him,267.4,270.0,D:\NCKH_DATATEAM\dataset\E-DAIC\677_P\677_AUDIO.wav,Ellie
677_P,677,677_35,so that was pretty much it,272.5,273.9,D:\NCKH_DATATEAM\dataset\E-DAIC\677_P\677_AUDIO.wav,Participant
677_P,677,677_36,tell me about a situation that,277.7,279.2,D:\NCKH_DATATEAM\dataset\E-DAIC\677_P\677_AUDIO.wav,Ellie
677_P,677,677_37,with my wife she died from liver shut down due to alcohol and she was 7 year breast cancer survivor but,284.2,294.7,D:\NCKH_DATATEAM\dataset\E-DAIC\677_P\677_AUDIO.wav,Participant
677_P,677,677_38,the alcohol liver killed her and I could have done that little bit differently but that's that's hindsight,295.7,302.8,D:\NCKH_DATATEAM\dataset\E-DAIC\677_P\677_AUDIO.wav,Ellie
677_P,677,677_39,what's something you feel guilty about,310.5,312.3,D:\NCKH_DATATEAM\dataset\E-DAIC\677_P\677_AUDIO.wav,Participant
677_P,677,677_40,I'm just trying to get her some help but she didn't want no help so I could have got her help I would have been had it turned out she didn't want no help,315.2,326.8,D:\NCKH_DATATEAM\dataset\E-DAIC\677_P\677_AUDIO.wav,Ellie
677_P,677,677_41,tell me about the hardest decisions,335.1,337.1,D:\NCKH_DATATEAM\dataset\E-DAIC\677_P\677_AUDIO.wav,Participant
677_P,677,677_42,turn off the machine she lived on machines so I had to turn them off and what's your died from you,339.8,347.8,D:\NCKH_DATATEAM\dataset\E-DAIC\677_P\677_AUDIO.wav,Ellie
677_P,677,677_43,tell me about Nevada or something that you wish you could erase from your,355.1,358.6,D:\NCKH_DATATEAM\dataset\E-DAIC\677_P\677_AUDIO.wav,Participant
677_P,677,677_44,doing CPR on her in the hospital room living on machines and stuff that's not living,361.0,369.1,D:\NCKH_DATATEAM\dataset\E-DAIC\677_P\677_AUDIO.wav,Ellie
677_P,677,677_45,have you ever serve,375.7,376.5,D:\NCKH_DATATEAM\dataset\E-DAIC\677_P\677_AUDIO.wav,Participant
677_P,677,677_46,yes I have,377.4,378.6,D:\NCKH_DATATEAM\dataset\E-DAIC\677_P\677_AUDIO.wav,Ellie
677_P,677,677_47,have the firemen in the United States Air Force for 6 years,384.2,388.8,D:\NCKH_DATATEAM\dataset\E-DAIC\677_P\677_AUDIO.wav,Participant
677_P,677,677_48,how have you been feeling lately,392.6,393.7,D:\NCKH_DATATEAM\dataset\E-DAIC\677_P\677_AUDIO.wav,Ellie
677_P,677,677_49,I last couple days been rough,395.9,398.2,D:\NCKH_DATATEAM\dataset\E-DAIC\677_P\677_AUDIO.wav,Participant
677_P,677,677_50,other than that I got a torn rotator cuff in my shoulder and trying to get that fixed and,399.5,404.8,D:\NCKH_DATATEAM\dataset\E-DAIC\677_P\677_AUDIO.wav,Ellie
677_P,677,677_51,I'm working like I said I'm on workman's comp right now so I'm hopefully they get it fixed,405.8,410.1,D:\NCKH_DATATEAM\dataset\E-DAIC\677_P\677_AUDIO.wav,Participant
677_P,677,677_52,not really,422.0,422.7,D:\NCKH_DATATEAM\dataset\E-DAIC\677_P\677_AUDIO.wav,Ellie
677_P,677,677_53,I don't sleep very well at all I got lots of pain in my arm,432.9,436.3,D:\NCKH_DATATEAM\dataset\E-DAIC\677_P\677_AUDIO.wav,Participant
677_P,677,677_54,just my my arm getting the right position to sleep a little bit but you move a little bit and you got a lot of pain in your arm,442.5,450.2,D:\NCKH_DATATEAM\dataset\E-DAIC\677_P\677_AUDIO.wav,Ellie
677_P,677,677_55,sleeping in my sleep for 1 hour,451.0,454.3,D:\NCKH_DATATEAM\dataset\E-DAIC\677_P\677_AUDIO.wav,Participant
677_P,677,677_56,but that been in that pattern for quite some time,455.8,457.9,D:\NCKH_DATATEAM\dataset\E-DAIC\677_P\677_AUDIO.wav,Ellie
677_P,677,677_57,the same way I fight my sleep well,466.5,469.4,D:\NCKH_DATATEAM\dataset\E-DAIC\677_P\677_AUDIO.wav,Participant
677_P,677,677_58,you got to get what kind of slavery in your body's resting but your your mind is thinking all the time so,471.3,477.1,D:\NCKH_DATATEAM\dataset\E-DAIC\677_P\677_AUDIO.wav,Ellie
677_P,677,677_59,no,487.1,487.7,D:\NCKH_DATATEAM\dataset\E-DAIC\677_P\677_AUDIO.wav,Participant
677_P,677,677_60,maybe I should have been no,489.4,491.1,D:\NCKH_DATATEAM\dataset\E-DAIC\677_P\677_AUDIO.wav,Ellie
677_P,677,677_61,a long time ago but I got over it,500.3,502.6,D:\NCKH_DATATEAM\dataset\E-DAIC\677_P\677_AUDIO.wav,Participant
677_P,677,677_62,20 years ago,510.9,511.8,D:\NCKH_DATATEAM\dataset\E-DAIC\677_P\677_AUDIO.wav,Ellie
677_P,677,677_63,I'm feeling helplessness just couldn't get out of a hole when you get into a whole has no light at the end of the tunnel and,517.8,526.5,D:\NCKH_DATATEAM\dataset\E-DAIC\677_P\677_AUDIO.wav,Participant
677_P,677,677_64,eventually comes through,527.4,528.8,D:\NCKH_DATATEAM\dataset\E-DAIC\677_P\677_AUDIO.wav,Ellie
677_P,677,677_65,not really I just you dig yourself into a hole and hard hole to climb out of it and eventually it will,536.3,544.6,D:\NCKH_DATATEAM\dataset\E-DAIC\677_P\677_AUDIO.wav,Participant
677_P,677,677_66,I love my wife Diane and stuff and maybe I was feeling sorry for myself at the time but,554.2,559.9,D:\NCKH_DATATEAM\dataset\E-DAIC\677_P\677_AUDIO.wav,Ellie
677_P,677,677_67,I just,561.2,562.0,D:\NCKH_DATATEAM\dataset\E-DAIC\677_P\677_AUDIO.wav,Participant
677_P,677,677_68,got the whole one had to dig myself out I knew it had to get better someday soon,562.9,568.8,D:\NCKH_DATATEAM\dataset\E-DAIC\677_P\677_AUDIO.wav,Ellie
677_P,677,677_69,one day at a time,576.6,577.5,D:\NCKH_DATATEAM\dataset\E-DAIC\677_P\677_AUDIO.wav,Participant
677_P,677,677_70,she was always on my mind every single day,584.6,589.8,D:\NCKH_DATATEAM\dataset\E-DAIC\677_P\677_AUDIO.wav,Ellie
677_P,677,677_71,think of what I could have done for her but there was nothing I could do for,590.9,593.8,D:\NCKH_DATATEAM\dataset\E-DAIC\677_P\677_AUDIO.wav,Participant
677_P,677,677_72,what continent is the cow,597.7,599.0,D:\NCKH_DATATEAM\dataset\E-DAIC\677_P\677_AUDIO.wav,Ellie
677_P,677,677_73,just need a little bit of help to get out of the rut that I'm in and I'm getting out of it now so,603.9,611.8,D:\NCKH_DATATEAM\dataset\E-DAIC\677_P\677_AUDIO.wav,Participant
677_P,677,677_74,things are looking up on the bright side,614.2,615.9,D:\NCKH_DATATEAM\dataset\E-DAIC\677_P\677_AUDIO.wav,Ellie
677_P,677,677_75,do you still got,622.7,623.4,D:\NCKH_DATATEAM\dataset\E-DAIC\677_P\677_AUDIO.wav,Participant
677_P,677,677_76,I know,624.6,625.2,D:\NCKH_DATATEAM\dataset\E-DAIC\677_P\677_AUDIO.wav,Ellie
677_P,677,677_77,why did you stop,628.5,629.2,D:\NCKH_DATATEAM\dataset\E-DAIC\677_P\677_AUDIO.wav,Participant
677_P,677,677_78,they were telling me the wrong thing I didn't want to hear she's not a witch,632.8,636.7,D:\NCKH_DATATEAM\dataset\E-DAIC\677_P\677_AUDIO.wav,Ellie
677_P,677,677_79,they said the grieving.,639.5,640.8,D:\NCKH_DATATEAM\dataset\E-DAIC\677_P\677_AUDIO.wav,Participant
677_P,677,677_80,Was two or three months seen on had I still think of my dad he died 10 years ago you know I said who who said that I'd be grieving very last that long and they told me to book says that and I said you take your book and shove it,642.1,658.3,D:\NCKH_DATATEAM\dataset\E-DAIC\677_P\677_AUDIO.wav,Ellie
677_P,677,677_81,cuz some people some people have to grieve longer than others,661.2,665.5,D:\NCKH_DATATEAM\dataset\E-DAIC\677_P\677_AUDIO.wav,Participant
677_P,677,677_82,just the way it is,667.5,668.3,D:\NCKH_DATATEAM\dataset\E-DAIC\677_P\677_AUDIO.wav,Ellie
677_P,677,677_83,do you feel therapy is useful,672.6,674.3,D:\NCKH_DATATEAM\dataset\E-DAIC\677_P\677_AUDIO.wav,Participant
677_P,677,677_84,no I don't think so I think you have to deal with your own problems,676.4,680.9,D:\NCKH_DATATEAM\dataset\E-DAIC\677_P\677_AUDIO.wav,Ellie
677_P,677,677_85,if people all people have different problems in my snow,682.5,685.6,D:\NCKH_DATATEAM\dataset\E-DAIC\677_P\677_AUDIO.wav,Participant
677_P,677,677_86,just getting over it,687.1,688.3,D:\NCKH_DATATEAM\dataset\E-DAIC\677_P\677_AUDIO.wav,Ellie
677_P,677,677_87,how about getting over the loss of the last 10 years my,694.2,699.9,D:\NCKH_DATATEAM\dataset\E-DAIC\677_P\677_AUDIO.wav,Participant
677_P,677,677_88,my dad my older sister and my older brother my mother and then my wife in the last 10 years it's been tough,700.9,707.4,D:\NCKH_DATATEAM\dataset\E-DAIC\677_P\677_AUDIO.wav,Ellie
677_P,677,677_89,It's been real tough on me,708.4,709.7,D:\NCKH_DATATEAM\dataset\E-DAIC\677_P\677_AUDIO.wav,Participant
677_P,677,677_90,I got sick a few times end up in the hospital,710.9,712.9,D:\NCKH_DATATEAM\dataset\E-DAIC\677_P\677_AUDIO.wav,Ellie
677_P,677,677_91,I don't go to therapy anymore I can kind of pretty much do it on my own,722.7,726.9,D:\NCKH_DATATEAM\dataset\E-DAIC\677_P\677_AUDIO.wav,Participant
677_P,677,677_92,okay,730.5,731.1,D:\NCKH_DATATEAM\dataset\E-DAIC\677_P\677_AUDIO.wav,Ellie
677_P,677,677_93,when was the last time,733.8,734.8,D:\NCKH_DATATEAM\dataset\E-DAIC\677_P\677_AUDIO.wav,Participant
677_P,677,677_94,I feel happy all the time,737.1,738.3,D:\NCKH_DATATEAM\dataset\E-DAIC\677_P\677_AUDIO.wav,Ellie
677_P,677,677_95,oh yeah I'm always been a happy happy go lucky kind of guy hanging on but talk to my friends all over the country you know and it said you sound good and that is why I'm good and just you know I got stuck in this rotten pulling myself out and it's just the way it is,744.1,760.0,D:\NCKH_DATATEAM\dataset\E-DAIC\677_P\677_AUDIO.wav,Participant
677_P,677,677_96,a positive influence has been done just do it on my own,768.3,774.1,D:\NCKH_DATATEAM\dataset\E-DAIC\677_P\677_AUDIO.wav,Ellie
677_P,677,677_97,how'd your best friend,778.0,779.1,D:\NCKH_DATATEAM\dataset\E-DAIC\677_P\677_AUDIO.wav,Participant
677_P,677,677_98,I seem all time,781.6,784.2,D:\NCKH_DATATEAM\dataset\E-DAIC\677_P\677_AUDIO.wav,Ellie
677_P,677,677_99,they just,785.6,786.2,D:\NCKH_DATATEAM\dataset\E-DAIC\677_P\677_AUDIO.wav,Participant
677_P,677,677_100,go along with the flow just like I go along the floor with them they might do stuff I don't appreciate but that's their own life,787.3,794.6,D:\NCKH_DATATEAM\dataset\E-DAIC\677_P\677_AUDIO.wav,Ellie
677_P,677,677_101,I'm going on a fishing trip last week out notion,804.2,807.3,D:\NCKH_DATATEAM\dataset\E-DAIC\677_P\677_AUDIO.wav,Participant
677_P,677,677_102,had a pretty good time out there and then midnight go to the drag races see all my friends from all over the country,809.3,816.7,D:\NCKH_DATATEAM\dataset\E-DAIC\677_P\677_AUDIO.wav,Ellie
677_P,677,677_103,some,818.0,818.5,D:\NCKH_DATATEAM\dataset\E-DAIC\677_P\677_AUDIO.wav,Participant
677_P,677,677_104,good to see them they're glad to see me so,820.9,823.5,D:\NCKH_DATATEAM\dataset\E-DAIC\677_P\677_AUDIO.wav,Ellie
677_P,677,677_105,have a good time,825.1,826.0,D:\NCKH_DATATEAM\dataset\E-DAIC\677_P\677_AUDIO.wav,Participant
677_P,677,677_106,what are you most proud,834.6,835.5,D:\NCKH_DATATEAM\dataset\E-DAIC\677_P\677_AUDIO.wav,Ellie
677_P,677,677_107,let's see,838.4,839.2,D:\NCKH_DATATEAM\dataset\E-DAIC\677_P\677_AUDIO.wav,Participant
677_P,677,677_108,getting away from drugs and alcohol I was pretty proud of myself I had to do what I had to do and,842.4,848.2,D:\NCKH_DATATEAM\dataset\E-DAIC\677_P\677_AUDIO.wav,Ellie
677_P,677,677_109,just leave the situation and go to new situation,849.3,853.5,D:\NCKH_DATATEAM\dataset\E-DAIC\677_P\677_AUDIO.wav,Participant
677_P,677,677_110,thank you,861.5,862.2,D:\NCKH_DATATEAM\dataset\E-DAIC\677_P\677_AUDIO.wav,Ellie
677_P,677,677_111,goodbye have a good day,865.8,867.6,D:\NCKH_DATATEAM\dataset\E-DAIC\677_P\677_AUDIO.wav,Participant
679_P,679,679_0,hi I'm Ellie,25.9,27.4,D:\NCKH_DATATEAM\dataset\E-DAIC\679_P\679_AUDIO.wav,Ellie
679_P,679,679_1,I'm not a therapist,33.9,34.9,D:\NCKH_DATATEAM\dataset\E-DAIC\679_P\679_AUDIO.wav,Participant
679_P,679,679_2,and please,41.0,41.7,D:\NCKH_DATATEAM\dataset\E-DAIC\679_P\679_AUDIO.wav,Ellie
679_P,679,679_3,okay,47.7,48.3,D:\NCKH_DATATEAM\dataset\E-DAIC\679_P\679_AUDIO.wav,Participant
679_P,679,679_4,yes,51.0,51.5,D:\NCKH_DATATEAM\dataset\E-DAIC\679_P\679_AUDIO.wav,Ellie
679_P,679,679_5,yes I am,53.1,53.9,D:\NCKH_DATATEAM\dataset\E-DAIC\679_P\679_AUDIO.wav,Participant
679_P,679,679_6,fine I'm doing okay,63.7,65.3,D:\NCKH_DATATEAM\dataset\E-DAIC\679_P\679_AUDIO.wav,Ellie
679_P,679,679_7,where you from,72.7,73.4,D:\NCKH_DATATEAM\dataset\E-DAIC\679_P\679_AUDIO.wav,Participant
679_P,679,679_8,I'm from Kansas,75.2,76.7,D:\NCKH_DATATEAM\dataset\E-DAIC\679_P\679_AUDIO.wav,Ellie
679_P,679,679_9,I live in Kansas but I grew up in Long Beach,77.9,83.1,D:\NCKH_DATATEAM\dataset\E-DAIC\679_P\679_AUDIO.wav,Participant
679_P,679,679_10,what about you,85.4,86.2,D:\NCKH_DATATEAM\dataset\E-DAIC\679_P\679_AUDIO.wav,Ellie
679_P,679,679_11,it's a lot of stuff to do,96.9,99.3,D:\NCKH_DATATEAM\dataset\E-DAIC\679_P\679_AUDIO.wav,Participant
679_P,679,679_12,some of the people,103.1,104.7,D:\NCKH_DATATEAM\dataset\E-DAIC\679_P\679_AUDIO.wav,Ellie
679_P,679,679_13,you know,106.4,106.9,D:\NCKH_DATATEAM\dataset\E-DAIC\679_P\679_AUDIO.wav,Participant
679_P,679,679_14,and that's it really,108.6,111.4,D:\NCKH_DATATEAM\dataset\E-DAIC\679_P\679_AUDIO.wav,Ellie
679_P,679,679_15,some of the people,118.6,119.4,D:\NCKH_DATATEAM\dataset\E-DAIC\679_P\679_AUDIO.wav,Participant
679_P,679,679_16,population is crowded,124.2,125.9,D:\NCKH_DATATEAM\dataset\E-DAIC\679_P\679_AUDIO.wav,Ellie
679_P,679,679_17,and that's kind of it and police like police,127.7,132.6,D:\NCKH_DATATEAM\dataset\E-DAIC\679_P\679_AUDIO.wav,Participant
679_P,679,679_18,gangs,134.9,135.8,D:\NCKH_DATATEAM\dataset\E-DAIC\679_P\679_AUDIO.wav,Ellie
679_P,679,679_19,yeah,137.8,138.2,D:\NCKH_DATATEAM\dataset\E-DAIC\679_P\679_AUDIO.wav,Participant
679_P,679,679_20,nah not really,143.6,144.5,D:\NCKH_DATATEAM\dataset\E-DAIC\679_P\679_AUDIO.wav,Ellie
679_P,679,679_21,and I don't travel I would like to though,146.8,149.6,D:\NCKH_DATATEAM\dataset\E-DAIC\679_P\679_AUDIO.wav,Participant
679_P,679,679_22,I don't really have the means to travel right now,154.9,157.7,D:\NCKH_DATATEAM\dataset\E-DAIC\679_P\679_AUDIO.wav,Ellie
679_P,679,679_23,like it's hard to get around without certain things I don't know I'm just not a big Traveler,160.5,167.5,D:\NCKH_DATATEAM\dataset\E-DAIC\679_P\679_AUDIO.wav,Participant
679_P,679,679_24,I like to see things though,168.7,170.7,D:\NCKH_DATATEAM\dataset\E-DAIC\679_P\679_AUDIO.wav,Ellie
679_P,679,679_25,one of my most memorable experiences,177.4,179.2,D:\NCKH_DATATEAM\dataset\E-DAIC\679_P\679_AUDIO.wav,Participant
679_P,679,679_26,being in the military,181.9,182.7,D:\NCKH_DATATEAM\dataset\E-DAIC\679_P\679_AUDIO.wav,Ellie
679_P,679,679_27,you know,184.5,185.0,D:\NCKH_DATATEAM\dataset\E-DAIC\679_P\679_AUDIO.wav,Participant
679_P,679,679_28,I'm going to war,186.1,187.3,D:\NCKH_DATATEAM\dataset\E-DAIC\679_P\679_AUDIO.wav,Ellie
679_P,679,679_29,last day of school,192.5,193.6,D:\NCKH_DATATEAM\dataset\E-DAIC\679_P\679_AUDIO.wav,Participant
679_P,679,679_30,study to be a electrician Automotive technician,195.9,200.1,D:\NCKH_DATATEAM\dataset\E-DAIC\679_P\679_AUDIO.wav,Ellie
679_P,679,679_31,how do I get my dear,201.5,204.1,D:\NCKH_DATATEAM\dataset\E-DAIC\679_P\679_AUDIO.wav,Participant
679_P,679,679_32,well I'm a truck driver work in transportation,209.8,213.3,D:\NCKH_DATATEAM\dataset\E-DAIC\679_P\679_AUDIO.wav,Ellie
679_P,679,679_33,I've been doing it for about 3 months now kind of new today to the industry but I like it,214.8,220.9,D:\NCKH_DATATEAM\dataset\E-DAIC\679_P\679_AUDIO.wav,Participant
679_P,679,679_34,what's your dream,227.7,228.5,D:\NCKH_DATATEAM\dataset\E-DAIC\679_P\679_AUDIO.wav,Ellie
679_P,679,679_35,dream job,230.0,231.1,D:\NCKH_DATATEAM\dataset\E-DAIC\679_P\679_AUDIO.wav,Participant
679_P,679,679_36,I don't think I have a dream job,235.4,237.0,D:\NCKH_DATATEAM\dataset\E-DAIC\679_P\679_AUDIO.wav,Ellie
679_P,679,679_37,I have a dream job,240.0,241.1,D:\NCKH_DATATEAM\dataset\E-DAIC\679_P\679_AUDIO.wav,Participant
679_P,679,679_38,outgoing,245.1,246.0,D:\NCKH_DATATEAM\dataset\E-DAIC\679_P\679_AUDIO.wav,Ellie
679_P,679,679_39,where I'm going,248.3,249.0,D:\NCKH_DATATEAM\dataset\E-DAIC\679_P\679_AUDIO.wav,Participant
679_P,679,679_40,why cuz I don't know how I used to be shy with not no more,255.1,262.2,D:\NCKH_DATATEAM\dataset\E-DAIC\679_P\679_AUDIO.wav,Ellie
679_P,679,679_41,so,263.7,264.1,D:\NCKH_DATATEAM\dataset\E-DAIC\679_P\679_AUDIO.wav,Participant
679_P,679,679_42,scientist are just opening up you know guess you ain't going to help you do nothing,266.5,271.1,D:\NCKH_DATATEAM\dataset\E-DAIC\679_P\679_AUDIO.wav,Ellie
679_P,679,679_43,it ain't going to get you if you know how to spell you know I hear so you got to be outgoing,272.3,276.0,D:\NCKH_DATATEAM\dataset\E-DAIC\679_P\679_AUDIO.wav,Participant
679_P,679,679_44,I don't really have a relationship with them,283.5,285.9,D:\NCKH_DATATEAM\dataset\E-DAIC\679_P\679_AUDIO.wav,Ellie
679_P,679,679_45,play basketball,301.8,304.1,D:\NCKH_DATATEAM\dataset\E-DAIC\679_P\679_AUDIO.wav,Participant
679_P,679,679_46,and I,305.7,306.2,D:\NCKH_DATATEAM\dataset\E-DAIC\679_P\679_AUDIO.wav,Ellie
679_P,679,679_47,I said basketball run,308.2,310.9,D:\NCKH_DATATEAM\dataset\E-DAIC\679_P\679_AUDIO.wav,Participant
679_P,679,679_48,play some rhymes,313.1,313.9,D:\NCKH_DATATEAM\dataset\E-DAIC\679_P\679_AUDIO.wav,Ellie
679_P,679,679_49,I'm good at controlling I just ignore people with most time anyway,320.9,324.9,D:\NCKH_DATATEAM\dataset\E-DAIC\679_P\679_AUDIO.wav,Participant
679_P,679,679_50,I'm good,328.9,330.1,D:\NCKH_DATATEAM\dataset\E-DAIC\679_P\679_AUDIO.wav,Ellie
679_P,679,679_51,well you have before not lately. Couple years you know,332.4,338.4,D:\NCKH_DATATEAM\dataset\E-DAIC\679_P\679_AUDIO.wav,Participant
679_P,679,679_52,when was the,341.8,342.4,D:\NCKH_DATATEAM\dataset\E-DAIC\679_P\679_AUDIO.wav,Ellie
679_P,679,679_53,a long time ago it was about money of course as usual about,346.3,354.1,D:\NCKH_DATATEAM\dataset\E-DAIC\679_P\679_AUDIO.wav,Participant
679_P,679,679_54,when is couple years ago.,355.6,358.0,D:\NCKH_DATATEAM\dataset\E-DAIC\679_P\679_AUDIO.wav,Ellie
679_P,679,679_55,American Woman,372.3,373.2,D:\NCKH_DATATEAM\dataset\E-DAIC\679_P\679_AUDIO.wav,Participant
679_P,679,679_56,I don't know right now,374.7,376.2,D:\NCKH_DATATEAM\dataset\E-DAIC\679_P\679_AUDIO.wav,Ellie
679_P,679,679_57,I wish I would have handled differently maybe when I start stop talk to my family you know I probably could have been little more easygoing about me I kind of went hard on him in a little bit. FM you know I kind of told him if I'm and I don't want to hear from you no more,378.1,395.1,D:\NCKH_DATATEAM\dataset\E-DAIC\679_P\679_AUDIO.wav,Participant
679_P,679,679_58,so you know,396.6,398.2,D:\NCKH_DATATEAM\dataset\E-DAIC\679_P\679_AUDIO.wav,Ellie
679_P,679,679_59,I was already did that different but you know I did it so,399.3,403.3,D:\NCKH_DATATEAM\dataset\E-DAIC\679_P\679_AUDIO.wav,Participant
679_P,679,679_60,play take it back right now,405.7,407.0,D:\NCKH_DATATEAM\dataset\E-DAIC\679_P\679_AUDIO.wav,Ellie
679_P,679,679_61,nothing,413.4,414.2,D:\NCKH_DATATEAM\dataset\E-DAIC\679_P\679_AUDIO.wav,Participant
679_P,679,679_62,nothing really,416.0,416.8,D:\NCKH_DATATEAM\dataset\E-DAIC\679_P\679_AUDIO.wav,Ellie
679_P,679,679_63,I feel get the right thing,418.4,419.7,D:\NCKH_DATATEAM\dataset\E-DAIC\679_P\679_AUDIO.wav,Participant
679_P,679,679_64,not that I can think of right now,420.7,422.0,D:\NCKH_DATATEAM\dataset\E-DAIC\679_P\679_AUDIO.wav,Ellie
679_P,679,679_65,hard decision I've ever had to make was a,430.9,433.1,D:\NCKH_DATATEAM\dataset\E-DAIC\679_P\679_AUDIO.wav,Participant
679_P,679,679_66,going to military,436.1,439.1,D:\NCKH_DATATEAM\dataset\E-DAIC\679_P\679_AUDIO.wav,Ellie
679_P,679,679_67,I'm only 27 so I'll probably be half some more stuff in the future,440.4,445.5,D:\NCKH_DATATEAM\dataset\E-DAIC\679_P\679_AUDIO.wav,Participant
679_P,679,679_68,email the service you know what I want to go there or not but I want to stay home so I'm glad I went,446.6,453.6,D:\NCKH_DATATEAM\dataset\E-DAIC\679_P\679_AUDIO.wav,Ellie
679_P,679,679_69,so yeah,456.5,457.1,D:\NCKH_DATATEAM\dataset\E-DAIC\679_P\679_AUDIO.wav,Participant
679_P,679,679_70,tell me about,461.3,461.8,D:\NCKH_DATATEAM\dataset\E-DAIC\679_P\679_AUDIO.wav,Ellie
679_P,679,679_71,my friend's death I had a friend that died,467.7,470.4,D:\NCKH_DATATEAM\dataset\E-DAIC\679_P\679_AUDIO.wav,Participant
679_P,679,679_72,2004,471.6,472.8,D:\NCKH_DATATEAM\dataset\E-DAIC\679_P\679_AUDIO.wav,Ellie
679_P,679,679_73,I watch them die and kind of blame myself,474.1,477.2,D:\NCKH_DATATEAM\dataset\E-DAIC\679_P\679_AUDIO.wav,Participant
679_P,679,679_74,but if I can erase that memory,479.3,481.7,D:\NCKH_DATATEAM\dataset\E-DAIC\679_P\679_AUDIO.wav,Ellie
679_P,679,679_75,can't do that about that no,484.9,486.5,D:\NCKH_DATATEAM\dataset\E-DAIC\679_P\679_AUDIO.wav,Participant
679_P,679,679_76,yeah,488.4,488.8,D:\NCKH_DATATEAM\dataset\E-DAIC\679_P\679_AUDIO.wav,Ellie
679_P,679,679_77,yes,491.6,492.3,D:\NCKH_DATATEAM\dataset\E-DAIC\679_P\679_AUDIO.wav,Participant
679_P,679,679_78,I was on 17 about to be 18,498.2,501.7,D:\NCKH_DATATEAM\dataset\E-DAIC\679_P\679_AUDIO.wav,Ellie
679_P,679,679_79,just graduated,502.8,503.9,D:\NCKH_DATATEAM\dataset\E-DAIC\679_P\679_AUDIO.wav,Participant
679_P,679,679_80,my mom let me have a job I have no job,510.8,514.0,D:\NCKH_DATATEAM\dataset\E-DAIC\679_P\679_AUDIO.wav,Ellie
679_P,679,679_81,so I'm sorry I do something,515.4,517.3,D:\NCKH_DATATEAM\dataset\E-DAIC\679_P\679_AUDIO.wav,Participant
679_P,679,679_82,so I'll just join the service so you don't put me out I don't know why but you know I went to the service,518.4,525.3,D:\NCKH_DATATEAM\dataset\E-DAIC\679_P\679_AUDIO.wav,Ellie
679_P,679,679_83,are you happy,528.7,529.4,D:\NCKH_DATATEAM\dataset\E-DAIC\679_P\679_AUDIO.wav,Participant
679_P,679,679_84,yeah it made me mature,530.6,533.6,D:\NCKH_DATATEAM\dataset\E-DAIC\679_P\679_AUDIO.wav,Ellie
679_P,679,679_85,made me become a man,538.5,539.9,D:\NCKH_DATATEAM\dataset\E-DAIC\679_P\679_AUDIO.wav,Participant
679_P,679,679_86,I was very immature,540.8,541.9,D:\NCKH_DATATEAM\dataset\E-DAIC\679_P\679_AUDIO.wav,Ellie
679_P,679,679_87,and I know yeah so yeah I'm glad on it,543.3,545.4,D:\NCKH_DATATEAM\dataset\E-DAIC\679_P\679_AUDIO.wav,Participant
679_P,679,679_88,yes I did,554.2,555.0,D:\NCKH_DATATEAM\dataset\E-DAIC\679_P\679_AUDIO.wav,Ellie
679_P,679,679_89,I didn't want to go with,560.0,562.5,D:\NCKH_DATATEAM\dataset\E-DAIC\679_P\679_AUDIO.wav,Participant
679_P,679,679_90,how do I do last day of my life,564.7,567.3,D:\NCKH_DATATEAM\dataset\E-DAIC\679_P\679_AUDIO.wav,Ellie
679_P,679,679_91,I don't think I killed anybody so,569.7,571.3,D:\NCKH_DATATEAM\dataset\E-DAIC\679_P\679_AUDIO.wav,Participant
679_P,679,679_92,I'm good,572.7,573.4,D:\NCKH_DATATEAM\dataset\E-DAIC\679_P\679_AUDIO.wav,Ellie
679_P,679,679_93,kind of easy because I don't want to be in service anyway,581.5,584.1,D:\NCKH_DATATEAM\dataset\E-DAIC\679_P\679_AUDIO.wav,Participant
679_P,679,679_94,you know that I mean I was used to it by then that when I was in the 3-4 years already I was used to it but you know it's easy to transition back to civilian life,585.2,596.3,D:\NCKH_DATATEAM\dataset\E-DAIC\679_P\679_AUDIO.wav,Ellie
679_P,679,679_95,you know so easy,597.4,599.0,D:\NCKH_DATATEAM\dataset\E-DAIC\679_P\679_AUDIO.wav,Participant
679_P,679,679_96,I just stay with my parents for a while,608.8,612.2,D:\NCKH_DATATEAM\dataset\E-DAIC\679_P\679_AUDIO.wav,Ellie
679_P,679,679_97,my real parents my biological parents and I got just got into security work,614.2,619.1,D:\NCKH_DATATEAM\dataset\E-DAIC\679_P\679_AUDIO.wav,Participant
679_P,679,679_98,security work,620.3,621.4,D:\NCKH_DATATEAM\dataset\E-DAIC\679_P\679_AUDIO.wav,Ellie
679_P,679,679_99,maybe more mature and made me,630.9,634.1,D:\NCKH_DATATEAM\dataset\E-DAIC\679_P\679_AUDIO.wav,Participant
679_P,679,679_100,no,635.4,636.0,D:\NCKH_DATATEAM\dataset\E-DAIC\679_P\679_AUDIO.wav,Ellie
679_P,679,679_101,and learn got me out of respect life and take life for what it is you know I always got to be proactive and,637.0,644.0,D:\NCKH_DATATEAM\dataset\E-DAIC\679_P\679_AUDIO.wav,Participant
679_P,679,679_102,and I'm doing something with yourself paint me like I said just made with your,645.1,649.3,D:\NCKH_DATATEAM\dataset\E-DAIC\679_P\679_AUDIO.wav,Ellie
679_P,679,679_103,no made me learn how to protect myself to,650.4,653.5,D:\NCKH_DATATEAM\dataset\E-DAIC\679_P\679_AUDIO.wav,Participant
679_P,679,679_104,oh I feel cool you know just to myself and I don't talk much at this point as long as conversation I have it,662.4,669.9,D:\NCKH_DATATEAM\dataset\E-DAIC\679_P\679_AUDIO.wav,Ellie
679_P,679,679_105,anybody,671.1,672.0,D:\NCKH_DATATEAM\dataset\E-DAIC\679_P\679_AUDIO.wav,Participant
679_P,679,679_106,but I feel good though,674.1,676.2,D:\NCKH_DATATEAM\dataset\E-DAIC\679_P\679_AUDIO.wav,Ellie
679_P,679,679_107,feel good,677.4,678.2,D:\NCKH_DATATEAM\dataset\E-DAIC\679_P\679_AUDIO.wav,Participant
679_P,679,679_108,no changes,690.4,692.0,D:\NCKH_DATATEAM\dataset\E-DAIC\679_P\679_AUDIO.wav,Ellie
679_P,679,679_109,no changes just same-o me yo,694.3,698.5,D:\NCKH_DATATEAM\dataset\E-DAIC\679_P\679_AUDIO.wav,Participant
679_P,679,679_110,start my behavior just became more you know isolated,700.1,705.7,D:\NCKH_DATATEAM\dataset\E-DAIC\679_P\679_AUDIO.wav,Ellie
679_P,679,679_111,dealing with people who in dealing with stuff in life,707.1,709.8,D:\NCKH_DATATEAM\dataset\E-DAIC\679_P\679_AUDIO.wav,Participant
679_P,679,679_112,I'm not too easy Obby we see I can't stop shaking down you know,718.1,722.4,D:\NCKH_DATATEAM\dataset\E-DAIC\679_P\679_AUDIO.wav,Ellie
679_P,679,679_113,so I,723.3,723.9,D:\NCKH_DATATEAM\dataset\E-DAIC\679_P\679_AUDIO.wav,Participant
679_P,679,679_114,that is hardly getting nice cuz I sleep but I take meds and stuff,725.3,729.0,D:\NCKH_DATATEAM\dataset\E-DAIC\679_P\679_AUDIO.wav,Ellie
679_P,679,679_115,so I'm good,730.1,730.7,D:\NCKH_DATATEAM\dataset\E-DAIC\679_P\679_AUDIO.wav,Participant
679_P,679,679_116,but it still be hard to without the man,732.4,734.2,D:\NCKH_DATATEAM\dataset\E-DAIC\679_P\679_AUDIO.wav,Ellie
679_P,679,679_117,so what,742.8,743.5,D:\NCKH_DATATEAM\dataset\E-DAIC\679_P\679_AUDIO.wav,Participant
679_P,679,679_118,what am I like when I don't I don't sleep well I hope that's what you said,745.2,749.5,D:\NCKH_DATATEAM\dataset\E-DAIC\679_P\679_AUDIO.wav,Ellie
679_P,679,679_119,cranky,752.6,753.3,D:\NCKH_DATATEAM\dataset\E-DAIC\679_P\679_AUDIO.wav,Participant
679_P,679,679_120,do you know,754.5,755.2,D:\NCKH_DATATEAM\dataset\E-DAIC\679_P\679_AUDIO.wav,Ellie
679_P,679,679_121,asshole I'm a sophomore but not really I just retired you know I have to get some sleep but I'll try to sneak some sleep into today,757.2,767.7,D:\NCKH_DATATEAM\dataset\E-DAIC\679_P\679_AUDIO.wav,Participant
679_P,679,679_122,you know something like that,768.7,770.4,D:\NCKH_DATATEAM\dataset\E-DAIC\679_P\679_AUDIO.wav,Ellie
679_P,679,679_123,no,779.3,779.8,D:\NCKH_DATATEAM\dataset\E-DAIC\679_P\679_AUDIO.wav,Participant
679_P,679,679_124,all right,783.7,784.4,D:\NCKH_DATATEAM\dataset\E-DAIC\679_P\679_AUDIO.wav,Ellie
679_P,679,679_125,have you been diagnosed,786.8,787.6,D:\NCKH_DATATEAM\dataset\E-DAIC\679_P\679_AUDIO.wav,Participant
679_P,679,679_126,no land on his dad either,789.6,791.5,D:\NCKH_DATATEAM\dataset\E-DAIC\679_P\679_AUDIO.wav,Ellie
679_P,679,679_127,when is the,797.9,798.5,D:\NCKH_DATATEAM\dataset\E-DAIC\679_P\679_AUDIO.wav,Participant
679_P,679,679_128,what's a good question,804.9,806.2,D:\NCKH_DATATEAM\dataset\E-DAIC\679_P\679_AUDIO.wav,Ellie
679_P,679,679_129,like this,809.6,810.3,D:\NCKH_DATATEAM\dataset\E-DAIC\679_P\679_AUDIO.wav,Participant
679_P,679,679_130,really happy,811.5,812.5,D:\NCKH_DATATEAM\dataset\E-DAIC\679_P\679_AUDIO.wav,Ellie
679_P,679,679_131,I don't know why when I went to Magic Mountain I'm happy but not really happy you like I don't know about the lottery I'll be really happy you know me I play so much,813.8,831.4,D:\NCKH_DATATEAM\dataset\E-DAIC\679_P\679_AUDIO.wav,Participant
679_P,679,679_132,and I can't remember,833.8,835.3,D:\NCKH_DATATEAM\dataset\E-DAIC\679_P\679_AUDIO.wav,Ellie
679_P,679,679_133,myself,846.9,847.7,D:\NCKH_DATATEAM\dataset\E-DAIC\679_P\679_AUDIO.wav,Participant
679_P,679,679_134,you are a couple people with really nobody cuz nobody like,850.1,856.1,D:\NCKH_DATATEAM\dataset\E-DAIC\679_P\679_AUDIO.wav,Ellie
679_P,679,679_135,me you know I mean I have the info with myself to do good,856.9,860.7,D:\NCKH_DATATEAM\dataset\E-DAIC\679_P\679_AUDIO.wav,Participant
679_P,679,679_136,no matter what nobody else to join,861.8,863.3,D:\NCKH_DATATEAM\dataset\E-DAIC\679_P\679_AUDIO.wav,Ellie
679_P,679,679_137,to myself,865.6,866.1,D:\NCKH_DATATEAM\dataset\E-DAIC\679_P\679_AUDIO.wav,Participant
679_P,679,679_138,I don't have a best friend but people would describe me as nice person quiet you know take tries to take care of his business,873.4,883.3,D:\NCKH_DATATEAM\dataset\E-DAIC\679_P\679_AUDIO.wav,Ellie
679_P,679,679_139,you know I'm trying to just treat people Fair that's it,884.7,887.4,D:\NCKH_DATATEAM\dataset\E-DAIC\679_P\679_AUDIO.wav,Participant
679_P,679,679_140,went on a little vacation by the week ago with the Vegas I really enjoyed that,903.7,907.7,D:\NCKH_DATATEAM\dataset\E-DAIC\679_P\679_AUDIO.wav,Ellie
679_P,679,679_141,it's all about the strippers you know,909.7,911.3,D:\NCKH_DATATEAM\dataset\E-DAIC\679_P\679_AUDIO.wav,Participant
679_P,679,679_142,enjoyed that that's it,912.4,914.9,D:\NCKH_DATATEAM\dataset\E-DAIC\679_P\679_AUDIO.wav,Ellie
679_P,679,679_143,I don't know just a,929.2,930.2,D:\NCKH_DATATEAM\dataset\E-DAIC\679_P\679_AUDIO.wav,Participant
679_P,679,679_144,welcome,935.7,936.3,D:\NCKH_DATATEAM\dataset\E-DAIC\679_P\679_AUDIO.wav,Ellie
679_P,679,679_145,goodbye,941.7,942.2,D:\NCKH_DATATEAM\dataset\E-DAIC\679_P\679_AUDIO.wav,Participant
679_P,679,679_146,right now I just crazy,952.8,954.2,D:\NCKH_DATATEAM\dataset\E-DAIC\679_P\679_AUDIO.wav,Ellie
679_P,679,679_147,I don't know what this Oily to,991.5,993.2,D:\NCKH_DATATEAM\dataset\E-DAIC\679_P\679_AUDIO.wav,Participant
679_P,679,679_148,Advance man human artificial humans,998.6,1002.2,D:\NCKH_DATATEAM\dataset\E-DAIC\679_P\679_AUDIO.wav,Ellie
679_P,679,679_149,Illuminati,1025.9,1026.9,D:\NCKH_DATATEAM\dataset\E-DAIC\679_P\679_AUDIO.wav,Participant
679_P,679,679_150,good luck to you all.,1035.5,1036.8,D:\NCKH_DATATEAM\dataset\E-DAIC\679_P\679_AUDIO.wav,Ellie
679_P,679,679_151,Okay miss lady I put the thing I liked,1046.8,1049.4,D:\NCKH_DATATEAM\dataset\E-DAIC\679_P\679_AUDIO.wav,Participant
679_P,679,679_152,the ringer right here,1220.3,1221.3,D:\NCKH_DATATEAM\dataset\E-DAIC\679_P\679_AUDIO.wav,Ellie
679_P,679,679_153,maybe she left one in here and one minute,25.9,1234.4,D:\NCKH_DATATEAM\dataset\E-DAIC\679_P\679_AUDIO.wav,Participant
679_P,679,679_154,I didn't mean to,25.9,1238.4,D:\NCKH_DATATEAM\dataset\E-DAIC\679_P\679_AUDIO.wav,Ellie
680_P,680,680_0,no,4.4,5.0,D:\NCKH_DATATEAM\dataset\E-DAIC\680_P\680_AUDIO.wav,Ellie
680_P,680,680_1,okay okay thank you,7.0,8.5,D:\NCKH_DATATEAM\dataset\E-DAIC\680_P\680_AUDIO.wav,Participant
680_P,680,680_2,yep,10.0,10.5,D:\NCKH_DATATEAM\dataset\E-DAIC\680_P\680_AUDIO.wav,Ellie
680_P,680,680_3,is welcome to bring a harbor,12.5,13.8,D:\NCKH_DATATEAM\dataset\E-DAIC\680_P\680_AUDIO.wav,Participant
680_P,680,680_4,there she is,22.6,23.4,D:\NCKH_DATATEAM\dataset\E-DAIC\680_P\680_AUDIO.wav,Ellie
680_P,680,680_5,leave the room press this button when she said when she's done okay,35.5,39.3,D:\NCKH_DATATEAM\dataset\E-DAIC\680_P\680_AUDIO.wav,Participant
680_P,680,680_6,hi Emily,44.8,46.1,D:\NCKH_DATATEAM\dataset\E-DAIC\680_P\680_AUDIO.wav,Ellie
680_P,680,680_7,I'm not a therapist but I'm here.,52.7,54.6,D:\NCKH_DATATEAM\dataset\E-DAIC\680_P\680_AUDIO.wav,Participant
680_P,680,680_8,And please feel,59.8,60.8,D:\NCKH_DATATEAM\dataset\E-DAIC\680_P\680_AUDIO.wav,Ellie
680_P,680,680_9,are you okay with this yes,68.5,70.2,D:\NCKH_DATATEAM\dataset\E-DAIC\680_P\680_AUDIO.wav,Participant
680_P,680,680_10,okay,73.5,74.1,D:\NCKH_DATATEAM\dataset\E-DAIC\680_P\680_AUDIO.wav,Ellie
680_P,680,680_11,so how are you doing today,76.8,78.8,D:\NCKH_DATATEAM\dataset\E-DAIC\680_P\680_AUDIO.wav,Participant
680_P,680,680_12,anxious excited this is all new to me,80.0,84.5,D:\NCKH_DATATEAM\dataset\E-DAIC\680_P\680_AUDIO.wav,Ellie
680_P,680,680_13,Philadelphia Pennsylvania,93.3,94.4,D:\NCKH_DATATEAM\dataset\E-DAIC\680_P\680_AUDIO.wav,Participant
680_P,680,680_14,the people the weather,101.9,104.2,D:\NCKH_DATATEAM\dataset\E-DAIC\680_P\680_AUDIO.wav,Ellie
680_P,680,680_15,the food,105.3,106.2,D:\NCKH_DATATEAM\dataset\E-DAIC\680_P\680_AUDIO.wav,Participant
680_P,680,680_16,that's basically yet,109.0,110.2,D:\NCKH_DATATEAM\dataset\E-DAIC\680_P\680_AUDIO.wav,Ellie
680_P,680,680_17,gangs,120.4,121.4,D:\NCKH_DATATEAM\dataset\E-DAIC\680_P\680_AUDIO.wav,Participant
680_P,680,680_18,seems to be like a snooty people here the kind of stuck up because being from Beverly Hills or Burbank and some phonies and it really not themselves their invitations,125.2,139.5,D:\NCKH_DATATEAM\dataset\E-DAIC\680_P\680_AUDIO.wav,Ellie
680_P,680,680_19,you travel a lot I used to when I was with the merchant marines I traveled all over the world I've been to Australia have been to Rota Spain Norway england-scotland I enjoyed it I enjoy traveling,146.7,161.3,D:\NCKH_DATATEAM\dataset\E-DAIC\680_P\680_AUDIO.wav,Participant
680_P,680,680_20,what do you enjoy about,164.6,165.5,D:\NCKH_DATATEAM\dataset\E-DAIC\680_P\680_AUDIO.wav,Ellie
680_P,680,680_21,meaning different people meeting different cultures speaking the language I speak a few languages different languages we speak Tagalog to speak some Japanese piece of thigh,166.7,176.5,D:\NCKH_DATATEAM\dataset\E-DAIC\680_P\680_AUDIO.wav,Participant
680_P,680,680_22,I'd like to hear that one of your trips,180.7,182.3,D:\NCKH_DATATEAM\dataset\E-DAIC\680_P\680_AUDIO.wav,Ellie
680_P,680,680_23,well I spent four years in Japan I enjoyed living in Japan the people are very friendly there I got to climb Mount Fujiyama that was a trip in itself Dakota travel now Fuji the food is good I like cats with Don and I like sashimi and Yakitori the cherry blossoms only comes out once a year and I just like Japan Japan's nice,183.4,213.1,D:\NCKH_DATATEAM\dataset\E-DAIC\680_P\680_AUDIO.wav,Participant
680_P,680,680_24,the most Memorial Spirits has,220.1,222.0,D:\NCKH_DATATEAM\dataset\E-DAIC\680_P\680_AUDIO.wav,Ellie
680_P,680,680_25,Duke engineering I was in engineering I learned a different things about the stealing plants diesel engines air compressors,231.6,240.9,D:\NCKH_DATATEAM\dataset\E-DAIC\680_P\680_AUDIO.wav,Participant
680_P,680,680_26,went through a lot of Education lot of schooling,241.8,244.6,D:\NCKH_DATATEAM\dataset\E-DAIC\680_P\680_AUDIO.wav,Ellie
680_P,680,680_27,what do you do now I'm retired I'm a veteran 70% disability I'm retired and I'm waiting on my SSDI right now,248.7,257.7,D:\NCKH_DATATEAM\dataset\E-DAIC\680_P\680_AUDIO.wav,Participant
680_P,680,680_28,what's your dream job,264.7,265.7,D:\NCKH_DATATEAM\dataset\E-DAIC\680_P\680_AUDIO.wav,Ellie
680_P,680,680_29,what's your question,267.6,268.4,D:\NCKH_DATATEAM\dataset\E-DAIC\680_P\680_AUDIO.wav,Participant
680_P,680,680_30,you consider yourself more shy or,272.6,274.8,D:\NCKH_DATATEAM\dataset\E-DAIC\680_P\680_AUDIO.wav,Ellie
680_P,680,680_31,shy,276.1,276.5,D:\NCKH_DATATEAM\dataset\E-DAIC\680_P\680_AUDIO.wav,Participant
680_P,680,680_32,tell me about,280.1,280.7,D:\NCKH_DATATEAM\dataset\E-DAIC\680_P\680_AUDIO.wav,Ellie
680_P,680,680_33,family,281.7,282.3,D:\NCKH_DATATEAM\dataset\E-DAIC\680_P\680_AUDIO.wav,Participant
680_P,680,680_34,oh wow,283.0,283.7,D:\NCKH_DATATEAM\dataset\E-DAIC\680_P\680_AUDIO.wav,Ellie
680_P,680,680_35,I came from a dysfunctional family I really don't have many Family Values,285.0,290.4,D:\NCKH_DATATEAM\dataset\E-DAIC\680_P\680_AUDIO.wav,Participant
680_P,680,680_36,me and my brother 13 years apart in age so I really don't know my brother that well,293.0,298.6,D:\NCKH_DATATEAM\dataset\E-DAIC\680_P\680_AUDIO.wav,Ellie
680_P,680,680_37,so I really don't know much of a family life we never sat down at the table together and had meals together it was always like separate times when we come in and eat another one would come in and eat we never sat down at the same table,299.5,314.8,D:\NCKH_DATATEAM\dataset\E-DAIC\680_P\680_AUDIO.wav,Participant
680_P,680,680_38,so I don't know much about family life,316.0,318.1,D:\NCKH_DATATEAM\dataset\E-DAIC\680_P\680_AUDIO.wav,Ellie
680_P,680,680_39,I listen to music,334.5,335.5,D:\NCKH_DATATEAM\dataset\E-DAIC\680_P\680_AUDIO.wav,Participant
680_P,680,680_40,and,336.9,337.6,D:\NCKH_DATATEAM\dataset\E-DAIC\680_P\680_AUDIO.wav,Ellie
680_P,680,680_41,I listen to relaxing relaxation music like Chimes a brook water running stuff like that,339.0,349.8,D:\NCKH_DATATEAM\dataset\E-DAIC\680_P\680_AUDIO.wav,Participant
680_P,680,680_42,how are you,353.8,354.5,D:\NCKH_DATATEAM\dataset\E-DAIC\680_P\680_AUDIO.wav,Ellie
680_P,680,680_43,I'm on medication right now I get aggravated really easily mood swings personality disorder but sometimes it just flares up depending on the situation of somebody gets in my face but I try not to let it happen cuz I know the circumstances,357.5,376.3,D:\NCKH_DATATEAM\dataset\E-DAIC\680_P\680_AUDIO.wav,Participant
680_P,680,680_44,when was the last time you argue with them,379.7,381.6,D:\NCKH_DATATEAM\dataset\E-DAIC\680_P\680_AUDIO.wav,Ellie
680_P,680,680_45,Wheels on the Bus,383.8,384.5,D:\NCKH_DATATEAM\dataset\E-DAIC\680_P\680_AUDIO.wav,Participant
680_P,680,680_46,I was sitting in the back on the bus and the guy came back and he wanted me to move for he could sit down but I'm a big guy and he's a big guy so I decided just to get up and let him have a seat I didn't want to get no confrontation I just let it go,387.2,403.4,D:\NCKH_DATATEAM\dataset\E-DAIC\680_P\680_AUDIO.wav,Ellie
680_P,680,680_47,that had to be meeting a girl that I've known for 18 years,417.7,421.9,D:\NCKH_DATATEAM\dataset\E-DAIC\680_P\680_AUDIO.wav,Participant
680_P,680,680_48,she's had two children with this guy and,423.2,426.5,D:\NCKH_DATATEAM\dataset\E-DAIC\680_P\680_AUDIO.wav,Ellie
680_P,680,680_49,now the guys going to be part of the family and I feel very comfortable about that,429.4,435.3,D:\NCKH_DATATEAM\dataset\E-DAIC\680_P\680_AUDIO.wav,Participant
680_P,680,680_50,but I still have feelings for this girl but I know that the father of the boys but not married he's going to be involved with the family and I I don't like that,436.6,447.7,D:\NCKH_DATATEAM\dataset\E-DAIC\680_P\680_AUDIO.wav,Ellie
680_P,680,680_51,what's something you feel guilty about,455.8,457.4,D:\NCKH_DATATEAM\dataset\E-DAIC\680_P\680_AUDIO.wav,Participant
680_P,680,680_52,that's a good one back in 2010 I went back from my mom's funeral and my brother was hard up for money,459.5,470.4,D:\NCKH_DATATEAM\dataset\E-DAIC\680_P\680_AUDIO.wav,Ellie
680_P,680,680_53,and he took his Ira out and spend it and I have promised him I was going to pay him back I wasn't able to pay him back and he held it against me so I felt guilty about that because I made a promise and I didn't keep it but there was more circumstances into that and he doesn't understand he didn't write to me he didn't call me he didn't do a lot of things,471.7,498.2,D:\NCKH_DATATEAM\dataset\E-DAIC\680_P\680_AUDIO.wav,Participant
680_P,680,680_54,tell me about the hardest decision,505.7,507.7,D:\NCKH_DATATEAM\dataset\E-DAIC\680_P\680_AUDIO.wav,Ellie
680_P,680,680_55,the hardest decision I ever had to make,512.7,515.0,D:\NCKH_DATATEAM\dataset\E-DAIC\680_P\680_AUDIO.wav,Participant
680_P,680,680_56,was when I was with the merchant marines I was very comfortable being at sea,518.6,523.4,D:\NCKH_DATATEAM\dataset\E-DAIC\680_P\680_AUDIO.wav,Ellie
680_P,680,680_57,and my wife at the time she wanted me to stop sailing and just get a regular nine-to-five job where I would have been very comfortable staying at Sea and working on ships cuz I love that that was what I loved but she didn't like that so she'd rather me work 9 to 5,524.6,542.1,D:\NCKH_DATATEAM\dataset\E-DAIC\680_P\680_AUDIO.wav,Participant
680_P,680,680_58,tell me about new bed or something that you wish you could erase from your memory,546.2,550.2,D:\NCKH_DATATEAM\dataset\E-DAIC\680_P\680_AUDIO.wav,Ellie
680_P,680,680_59,dead bodies I always see a lot of dead bodies,551.7,554.8,D:\NCKH_DATATEAM\dataset\E-DAIC\680_P\680_AUDIO.wav,Participant
680_P,680,680_60,I had circumstances in the military where I recovered a dead body in the Philippines a boy had jumped ship and we recovered the body underneath the pier and I had to pull the body out and put it in a body bag and another incident was in boot camp,556.4,575.5,D:\NCKH_DATATEAM\dataset\E-DAIC\680_P\680_AUDIO.wav,Ellie
680_P,680,680_61,there was a circumstances were me and this guy got letters all the time from our girls but he was engaged and he committed suicide because,576.7,587.8,D:\NCKH_DATATEAM\dataset\E-DAIC\680_P\680_AUDIO.wav,Participant
680_P,680,680_62,the girl dumped him for another guy and a crush them and he end up jumping 3 ft in front of me while I was in Barracks Duty and I seen his head explode like pumpkin and it affected me greatly I see that all the time,589.7,607.4,D:\NCKH_DATATEAM\dataset\E-DAIC\680_P\680_AUDIO.wav,Ellie
680_P,680,680_63,have you ever served in the middle,613.7,615.0,D:\NCKH_DATATEAM\dataset\E-DAIC\680_P\680_AUDIO.wav,Participant
680_P,680,680_64,yes I was in the Navy 15 years,615.5,619.1,D:\NCKH_DATATEAM\dataset\E-DAIC\680_P\680_AUDIO.wav,Ellie
680_P,680,680_65,into with the merchant marines,620.1,621.7,D:\NCKH_DATATEAM\dataset\E-DAIC\680_P\680_AUDIO.wav,Participant
680_P,680,680_66,24,628.2,630.1,D:\NCKH_DATATEAM\dataset\E-DAIC\680_P\680_AUDIO.wav,Ellie
680_P,680,680_67,family thing my father was in the Navy my cousin's was in the Air Force my other uncle was in Marine Corps I just wanted to serve my country,636.8,646.7,D:\NCKH_DATATEAM\dataset\E-DAIC\680_P\680_AUDIO.wav,Participant
680_P,680,680_68,are you happy you did that yes,650.6,652.7,D:\NCKH_DATATEAM\dataset\E-DAIC\680_P\680_AUDIO.wav,Ellie
680_P,680,680_69,I love my country USA serve in the military,654.5,659.2,D:\NCKH_DATATEAM\dataset\E-DAIC\680_P\680_AUDIO.wav,Participant
680_P,680,680_70,no ragrets,662.6,664.4,D:\NCKH_DATATEAM\dataset\E-DAIC\680_P\680_AUDIO.wav,Ellie
680_P,680,680_71,I know but we escorted Kuwaiti tankers in the Gulf,671.5,674.7,D:\NCKH_DATATEAM\dataset\E-DAIC\680_P\680_AUDIO.wav,Participant
680_P,680,680_72,we,676.5,677.0,D:\NCKH_DATATEAM\dataset\E-DAIC\680_P\680_AUDIO.wav,Ellie
680_P,680,680_73,had the weapons pointing at us while we escorted Kuwaiti tankers in the Gulf but I never saw combat was never in the combat situation never had a fire a gun at somebody so I don't know what it was like,678.5,695.3,D:\NCKH_DATATEAM\dataset\E-DAIC\680_P\680_AUDIO.wav,Participant
680_P,680,680_74,what I'm traveling through is going through is non combat PTSD which means I was in a combat zone,696.5,704.6,D:\NCKH_DATATEAM\dataset\E-DAIC\680_P\680_AUDIO.wav,Ellie
680_P,680,680_75,at first it was hard I was collecting unemployment for 18 months then after the unemployment ran out I had to get a job so I got various jobs working security and refineries and I tried to stay busy the best I could,715.9,731.8,D:\NCKH_DATATEAM\dataset\E-DAIC\680_P\680_AUDIO.wav,Participant
680_P,680,680_76,it was okay,732.9,733.7,D:\NCKH_DATATEAM\dataset\E-DAIC\680_P\680_AUDIO.wav,Ellie
680_P,680,680_77,I worked refineries I worked security I worked for wineries security guard for wineries I did a little odds and ends,743.9,755.1,D:\NCKH_DATATEAM\dataset\E-DAIC\680_P\680_AUDIO.wav,Participant
680_P,680,680_78,I was able to get a full-time job,756.1,757.8,D:\NCKH_DATATEAM\dataset\E-DAIC\680_P\680_AUDIO.wav,Ellie
680_P,680,680_79,and that was with the merchant marines I went to the Coast Guard and,759.5,763.3,D:\NCKH_DATATEAM\dataset\E-DAIC\680_P\680_AUDIO.wav,Participant
680_P,680,680_80,apply for,764.8,765.8,D:\NCKH_DATATEAM\dataset\E-DAIC\680_P\680_AUDIO.wav,Ellie
680_P,680,680_81,set g m e d I forgot but anyway I worked for engineering,769.9,776.4,D:\NCKH_DATATEAM\dataset\E-DAIC\680_P\680_AUDIO.wav,Participant
680_P,680,680_82,how did serving in the military change you,782.7,784.7,D:\NCKH_DATATEAM\dataset\E-DAIC\680_P\680_AUDIO.wav,Ellie
680_P,680,680_83,made me a better person,786.1,787.1,D:\NCKH_DATATEAM\dataset\E-DAIC\680_P\680_AUDIO.wav,Participant
680_P,680,680_84,I was in a scared when I first joined I was kind of scared but then we join the military and made me a lot tougher and stronger I stood up for my own grounds I wasn't being pushed around,790.7,804.0,D:\NCKH_DATATEAM\dataset\E-DAIC\680_P\680_AUDIO.wav,Ellie
680_P,680,680_85,and,805.2,805.9,D:\NCKH_DATATEAM\dataset\E-DAIC\680_P\680_AUDIO.wav,Participant
680_P,680,680_86,I just like people applauding when you would walk into a place and they would appreciate what you did for your country,808.3,816.5,D:\NCKH_DATATEAM\dataset\E-DAIC\680_P\680_AUDIO.wav,Ellie
680_P,680,680_87,made it all worthwhile,818.5,819.7,D:\NCKH_DATATEAM\dataset\E-DAIC\680_P\680_AUDIO.wav,Participant
680_P,680,680_88,depressed,829.8,830.8,D:\NCKH_DATATEAM\dataset\E-DAIC\680_P\680_AUDIO.wav,Ellie
680_P,680,680_89,mood swings,831.8,833.7,D:\NCKH_DATATEAM\dataset\E-DAIC\680_P\680_AUDIO.wav,Participant
680_P,680,680_90,high anxiety,834.6,835.3,D:\NCKH_DATATEAM\dataset\E-DAIC\680_P\680_AUDIO.wav,Ellie
680_P,680,680_91,isolation,836.8,837.9,D:\NCKH_DATATEAM\dataset\E-DAIC\680_P\680_AUDIO.wav,Participant
680_P,680,680_92,I have no social life,839.5,841.6,D:\NCKH_DATATEAM\dataset\E-DAIC\680_P\680_AUDIO.wav,Ellie
680_P,680,680_93,I don't have much of a communication with women I don't know how to act around them,843.4,850.2,D:\NCKH_DATATEAM\dataset\E-DAIC\680_P\680_AUDIO.wav,Participant
680_P,680,680_94,so I'd like to say to myself,854.5,856.3,D:\NCKH_DATATEAM\dataset\E-DAIC\680_P\680_AUDIO.wav,Ellie
680_P,680,680_95,have you noticed any changes,861.5,862.8,D:\NCKH_DATATEAM\dataset\E-DAIC\680_P\680_AUDIO.wav,Participant
680_P,680,680_96,getting out more,866.5,869.0,D:\NCKH_DATATEAM\dataset\E-DAIC\680_P\680_AUDIO.wav,Ellie
680_P,680,680_97,before I was always staying in my room but now I'm making the effort to go out,870.0,874.6,D:\NCKH_DATATEAM\dataset\E-DAIC\680_P\680_AUDIO.wav,Participant
680_P,680,680_98,to see things I go to movies I go out for dinner by myself,875.6,879.0,D:\NCKH_DATATEAM\dataset\E-DAIC\680_P\680_AUDIO.wav,Ellie
680_P,680,680_99,so my behavior has changed somewhat,880.4,882.7,D:\NCKH_DATATEAM\dataset\E-DAIC\680_P\680_AUDIO.wav,Participant
680_P,680,680_100,I'm not staying in like I used to know,885.4,888.9,D:\NCKH_DATATEAM\dataset\E-DAIC\680_P\680_AUDIO.wav,Ellie
680_P,680,680_101,not have insomnia,897.8,900.6,D:\NCKH_DATATEAM\dataset\E-DAIC\680_P\680_AUDIO.wav,Participant
680_P,680,680_102,I see dead bodies I'm on risperidone and trapezoid with supposedly help me sleep but sometimes I only get like three hours sleep,901.8,911.0,D:\NCKH_DATATEAM\dataset\E-DAIC\680_P\680_AUDIO.wav,Ellie
680_P,680,680_103,I'm up half the night I don't sleep too well,912.4,915.3,D:\NCKH_DATATEAM\dataset\E-DAIC\680_P\680_AUDIO.wav,Participant
680_P,680,680_104,what was the question,924.6,925.2,D:\NCKH_DATATEAM\dataset\E-DAIC\680_P\680_AUDIO.wav,Ellie
680_P,680,680_105,have you ever been diagnosed with PTSD,931.7,933.3,D:\NCKH_DATATEAM\dataset\E-DAIC\680_P\680_AUDIO.wav,Participant
680_P,680,680_106,yes non combat PTSD,934.7,936.3,D:\NCKH_DATATEAM\dataset\E-DAIC\680_P\680_AUDIO.wav,Ellie
680_P,680,680_107,it has because of circumstances that happened trauma while I was in the Navy and I'm going through group sessions now on Wednesday I sit in classes and we talked about it in fact August 28th I graduate from my class and get a certificate so that's a good thing about it,938.2,960.4,D:\NCKH_DATATEAM\dataset\E-DAIC\680_P\680_AUDIO.wav,Participant
680_P,680,680_108,how long is it,963.9,964.6,D:\NCKH_DATATEAM\dataset\E-DAIC\680_P\680_AUDIO.wav,Ellie
680_P,680,680_109,a year ago,966.2,966.9,D:\NCKH_DATATEAM\dataset\E-DAIC\680_P\680_AUDIO.wav,Participant
680_P,680,680_110,cold sweats,974.7,975.7,D:\NCKH_DATATEAM\dataset\E-DAIC\680_P\680_AUDIO.wav,Ellie
680_P,680,680_111,nightmares,978.9,979.8,D:\NCKH_DATATEAM\dataset\E-DAIC\680_P\680_AUDIO.wav,Participant
680_P,680,680_112,insomnia,981.2,982.2,D:\NCKH_DATATEAM\dataset\E-DAIC\680_P\680_AUDIO.wav,Ellie
680_P,680,680_113,just jittery always looking over my shoulder,987.0,990.5,D:\NCKH_DATATEAM\dataset\E-DAIC\680_P\680_AUDIO.wav,Participant
680_P,680,680_114,I don't feel comfortable around people don't trust people,992.2,996.2,D:\NCKH_DATATEAM\dataset\E-DAIC\680_P\680_AUDIO.wav,Ellie
680_P,680,680_115,I need triggered by something,999.8,1001.1,D:\NCKH_DATATEAM\dataset\E-DAIC\680_P\680_AUDIO.wav,Participant
680_P,680,680_116,no,1003.3,1003.8,D:\NCKH_DATATEAM\dataset\E-DAIC\680_P\680_AUDIO.wav,Ellie
680_P,680,680_117,I like to change can we change the subject,1016.4,1018.7,D:\NCKH_DATATEAM\dataset\E-DAIC\680_P\680_AUDIO.wav,Participant
680_P,680,680_118,you're persistent,1026.0,1027.3,D:\NCKH_DATATEAM\dataset\E-DAIC\680_P\680_AUDIO.wav,Ellie
680_P,680,680_119,what brought me to seek help brought me to seek help was,1038.0,1041.9,D:\NCKH_DATATEAM\dataset\E-DAIC\680_P\680_AUDIO.wav,Participant
680_P,680,680_120,I got tired of nightmares I got tired of staying up,1043.6,1047.2,D:\NCKH_DATATEAM\dataset\E-DAIC\680_P\680_AUDIO.wav,Ellie
680_P,680,680_121,guitar being jittery Got Talent with cold sweats I just get tired of all those things,1048.2,1054.1,D:\NCKH_DATATEAM\dataset\E-DAIC\680_P\680_AUDIO.wav,Participant
680_P,680,680_122,being antsy and jittery and just,1055.7,1059.0,D:\NCKH_DATATEAM\dataset\E-DAIC\680_P\680_AUDIO.wav,Ellie
680_P,680,680_123,you know it just didn't feel comfortable,1059.8,1061.9,D:\NCKH_DATATEAM\dataset\E-DAIC\680_P\680_AUDIO.wav,Participant
680_P,680,680_124,yes every Wednesday 3 or 3 to 4,1070.7,1074.8,D:\NCKH_DATATEAM\dataset\E-DAIC\680_P\680_AUDIO.wav,Ellie
680_P,680,680_125,yes I do,1084.9,1086.5,D:\NCKH_DATATEAM\dataset\E-DAIC\680_P\680_AUDIO.wav,Participant
680_P,680,680_126,I understand some things I didn't understand before,1087.6,1090.9,D:\NCKH_DATATEAM\dataset\E-DAIC\680_P\680_AUDIO.wav,Ellie
680_P,680,680_127,and as a group or six of us in the group and we help each other we give advice to each other and it works out pretty well,1092.3,1100.0,D:\NCKH_DATATEAM\dataset\E-DAIC\680_P\680_AUDIO.wav,Participant
680_P,680,680_128,can you tell me if,1103.9,1104.6,D:\NCKH_DATATEAM\dataset\E-DAIC\680_P\680_AUDIO.wav,Ellie
680_P,680,680_129,well,1109.6,1110.2,D:\NCKH_DATATEAM\dataset\E-DAIC\680_P\680_AUDIO.wav,Participant
680_P,680,680_130,we got Marines Navy Army and Airforce and what we do we share experiences of what we experienced right now we're going through a lot of problems with our daughters and relationships with the daughters that a lot of times we don't feel comfortable with our daughters because some way or another we have done either harm to them or something we haven't worked with them or worked out with them and now we're trying to build that relationship up,1111.3,1148.5,D:\NCKH_DATATEAM\dataset\E-DAIC\680_P\680_AUDIO.wav,Ellie
680_P,680,680_131,what sort of changes,1151.7,1152.4,D:\NCKH_DATATEAM\dataset\E-DAIC\680_P\680_AUDIO.wav,Participant
680_P,680,680_132,kind of changes,1156.3,1157.5,D:\NCKH_DATATEAM\dataset\E-DAIC\680_P\680_AUDIO.wav,Ellie
680_P,680,680_133,amor,1163.9,1164.5,D:\NCKH_DATATEAM\dataset\E-DAIC\680_P\680_AUDIO.wav,Participant
680_P,680,680_134,happy,1168.7,1169.3,D:\NCKH_DATATEAM\dataset\E-DAIC\680_P\680_AUDIO.wav,Ellie
680_P,680,680_135,I never really been happy,1171.6,1173.8,D:\NCKH_DATATEAM\dataset\E-DAIC\680_P\680_AUDIO.wav,Participant
680_P,680,680_136,Ali I,1174.9,1175.7,D:\NCKH_DATATEAM\dataset\E-DAIC\680_P\680_AUDIO.wav,Ellie
680_P,680,680_137,I just live day today,1177.0,1179.3,D:\NCKH_DATATEAM\dataset\E-DAIC\680_P\680_AUDIO.wav,Participant
680_P,680,680_138,one day at a time,1180.2,1181.2,D:\NCKH_DATATEAM\dataset\E-DAIC\680_P\680_AUDIO.wav,Ellie
680_P,680,680_139,has really been much happiness in my life,1183.4,1185.5,D:\NCKH_DATATEAM\dataset\E-DAIC\680_P\680_AUDIO.wav,Participant
680_P,680,680_140,I'm going through a lot of ups and downs and disappointments and it's been hard for me I've slept in homeless shelters and slept and garages and closets so I really haven't had a a kind life you know,1187.0,1205.2,D:\NCKH_DATATEAM\dataset\E-DAIC\680_P\680_AUDIO.wav,Ellie
680_P,680,680_141,positive influence in your life,1211.7,1213.8,D:\NCKH_DATATEAM\dataset\E-DAIC\680_P\680_AUDIO.wav,Participant
680_P,680,680_142,influence in my life,1215.6,1216.8,D:\NCKH_DATATEAM\dataset\E-DAIC\680_P\680_AUDIO.wav,Ellie
680_P,680,680_143,my my psychologist he's been good for me to Morrissey,1218.3,1223.0,D:\NCKH_DATATEAM\dataset\E-DAIC\680_P\680_AUDIO.wav,Participant
680_P,680,680_144,and my counselor I have in PTSD,1224.3,1228.2,D:\NCKH_DATATEAM\dataset\E-DAIC\680_P\680_AUDIO.wav,Ellie
680_P,680,680_145,it's been good for me also I also have a friend over at the,1229.9,1233.2,D:\NCKH_DATATEAM\dataset\E-DAIC\680_P\680_AUDIO.wav,Participant
680_P,680,680_146,it's been a real good friend from my we talked a lot and I think we're good for each other we both suffer through the same thing bipolar and PTSD,1235.9,1247.7,D:\NCKH_DATATEAM\dataset\E-DAIC\680_P\680_AUDIO.wav,Ellie
680_P,680,680_147,how do your best friend,1252.0,1253.1,D:\NCKH_DATATEAM\dataset\E-DAIC\680_P\680_AUDIO.wav,Participant
680_P,680,680_148,neurotic,1254.9,1256.6,D:\NCKH_DATATEAM\dataset\E-DAIC\680_P\680_AUDIO.wav,Ellie
680_P,680,680_149,I'm a mess,1259.8,1260.5,D:\NCKH_DATATEAM\dataset\E-DAIC\680_P\680_AUDIO.wav,Participant
680_P,680,680_150,he says I'm worse off than what I say I am,1264.2,1266.6,D:\NCKH_DATATEAM\dataset\E-DAIC\680_P\680_AUDIO.wav,Ellie
680_P,680,680_151,I'm just in bad shape,1272.0,1273.4,D:\NCKH_DATATEAM\dataset\E-DAIC\680_P\680_AUDIO.wav,Participant
680_P,680,680_152,nice,1278.8,1279.3,D:\NCKH_DATATEAM\dataset\E-DAIC\680_P\680_AUDIO.wav,Ellie
680_P,680,680_153,there hasn't been any,1280.3,1281.4,D:\NCKH_DATATEAM\dataset\E-DAIC\680_P\680_AUDIO.wav,Participant
680_P,680,680_154,I haven't really gone anywhere you know but I'm going to in September I'm going to Philadelphia so I'm looking forward to see that that's going to be a big thing for me going to Philadelphia getting out of California for a wow,1282.9,1295.1,D:\NCKH_DATATEAM\dataset\E-DAIC\680_P\680_AUDIO.wav,Ellie
680_P,680,680_155,so I'll be able to tell you more about that when I come back from Philadelphia,1296.6,1299.7,D:\NCKH_DATATEAM\dataset\E-DAIC\680_P\680_AUDIO.wav,Participant
680_P,680,680_156,a woman,1307.9,1308.6,D:\NCKH_DATATEAM\dataset\E-DAIC\680_P\680_AUDIO.wav,Ellie
680_P,680,680_157,Lonely in 58 years old looking for some companionship,1310.7,1315.7,D:\NCKH_DATATEAM\dataset\E-DAIC\680_P\680_AUDIO.wav,Participant
680_P,680,680_158,but I'm afraid to go out there and ask,1316.7,1318.7,D:\NCKH_DATATEAM\dataset\E-DAIC\680_P\680_AUDIO.wav,Ellie
680_P,680,680_159,cuz I don't know how to act or I don't know what to say to the woman,1320.5,1323.9,D:\NCKH_DATATEAM\dataset\E-DAIC\680_P\680_AUDIO.wav,Participant
680_P,680,680_160,plus being on medication,1325.1,1326.7,D:\NCKH_DATATEAM\dataset\E-DAIC\680_P\680_AUDIO.wav,Ellie
680_P,680,680_161,I don't know how she's going to act on that you know,1327.9,1332.0,D:\NCKH_DATATEAM\dataset\E-DAIC\680_P\680_AUDIO.wav,Participant
680_P,680,680_162,sometimes I over medicate myself when I take my medication,1333.2,1336.9,D:\NCKH_DATATEAM\dataset\E-DAIC\680_P\680_AUDIO.wav,Ellie
680_P,680,680_163,so I'm not that good of a person to be around you know,1338.7,1342.8,D:\NCKH_DATATEAM\dataset\E-DAIC\680_P\680_AUDIO.wav,Participant
680_P,680,680_164,I sleep a lot,1344.8,1345.6,D:\NCKH_DATATEAM\dataset\E-DAIC\680_P\680_AUDIO.wav,Ellie
680_P,680,680_165,thanks for sharing your thoughts,1355.6,1356.7,D:\NCKH_DATATEAM\dataset\E-DAIC\680_P\680_AUDIO.wav,Participant
680_P,680,680_166,you're welcome,1358.0,1358.9,D:\NCKH_DATATEAM\dataset\E-DAIC\680_P\680_AUDIO.wav,Ellie
680_P,680,680_167,goodbye goodbye,1362.8,1364.0,D:\NCKH_DATATEAM\dataset\E-DAIC\680_P\680_AUDIO.wav,Participant
680_P,680,680_168,okay yeah,1379.9,1381.5,D:\NCKH_DATATEAM\dataset\E-DAIC\680_P\680_AUDIO.wav,Ellie
680_P,680,680_169,and then you can take off a,1384.9,1387.2,D:\NCKH_DATATEAM\dataset\E-DAIC\680_P\680_AUDIO.wav,Participant
682_P,682,682_0,so they had,0.1,0.7000000000000001,D:\NCKH_DATATEAM\dataset\E-DAIC\682_P\682_AUDIO.wav,Ellie
682_P,682,682_1,right overload,6.0,7.5,D:\NCKH_DATATEAM\dataset\E-DAIC\682_P\682_AUDIO.wav,Participant
682_P,682,682_2,no problem,21.3,22.3,D:\NCKH_DATATEAM\dataset\E-DAIC\682_P\682_AUDIO.wav,Ellie
682_P,682,682_3,okay and you're flying again,24.5,26.8,D:\NCKH_DATATEAM\dataset\E-DAIC\682_P\682_AUDIO.wav,Participant
682_P,682,682_4,she feeling before it is that enough space,71.2,74.2,D:\NCKH_DATATEAM\dataset\E-DAIC\682_P\682_AUDIO.wav,Ellie
682_P,682,682_5,paragon,83.5,84.2,D:\NCKH_DATATEAM\dataset\E-DAIC\682_P\682_AUDIO.wav,Participant
682_P,682,682_6,no worries,128.0,129.3,D:\NCKH_DATATEAM\dataset\E-DAIC\682_P\682_AUDIO.wav,Ellie
682_P,682,682_7,so I'm,143.1,143.8,D:\NCKH_DATATEAM\dataset\E-DAIC\682_P\682_AUDIO.wav,Participant
682_P,682,682_8,okay,159.6,160.2,D:\NCKH_DATATEAM\dataset\E-DAIC\682_P\682_AUDIO.wav,Ellie
682_P,682,682_9,so again when she's done she's going to say goodbye and then you're going to press this button let me know you okay,161.4,165.7,D:\NCKH_DATATEAM\dataset\E-DAIC\682_P\682_AUDIO.wav,Participant
682_P,682,682_10,okay,174.9,175.4,D:\NCKH_DATATEAM\dataset\E-DAIC\682_P\682_AUDIO.wav,Ellie
682_P,682,682_11,okay,177.3,177.8,D:\NCKH_DATATEAM\dataset\E-DAIC\682_P\682_AUDIO.wav,Participant
682_P,682,682_12,Michael,183.3,187.0,D:\NCKH_DATATEAM\dataset\E-DAIC\682_P\682_AUDIO.wav,Ellie
682_P,682,682_13,thank you,187.9,188.5,D:\NCKH_DATATEAM\dataset\E-DAIC\682_P\682_AUDIO.wav,Participant
682_P,682,682_14,and please,206.0,206.7,D:\NCKH_DATATEAM\dataset\E-DAIC\682_P\682_AUDIO.wav,Ellie
682_P,682,682_15,are you okay with this sure,214.5,216.4,D:\NCKH_DATATEAM\dataset\E-DAIC\682_P\682_AUDIO.wav,Participant
682_P,682,682_16,yes,217.7,218.3,D:\NCKH_DATATEAM\dataset\E-DAIC\682_P\682_AUDIO.wav,Ellie
682_P,682,682_17,so how are you doing today I'm doing good thank you,228.6,232.5,D:\NCKH_DATATEAM\dataset\E-DAIC\682_P\682_AUDIO.wav,Participant
682_P,682,682_18,Newport Beach and Garden Grove California,245.9,248.9,D:\NCKH_DATATEAM\dataset\E-DAIC\682_P\682_AUDIO.wav,Ellie
682_P,682,682_19,the beaches and Disneyland,262.2,264.4,D:\NCKH_DATATEAM\dataset\E-DAIC\682_P\682_AUDIO.wav,Participant
682_P,682,682_20,traffic,276.8,277.8,D:\NCKH_DATATEAM\dataset\E-DAIC\682_P\682_AUDIO.wav,Ellie
682_P,682,682_21,graffiti,278.9,280.4,D:\NCKH_DATATEAM\dataset\E-DAIC\682_P\682_AUDIO.wav,Participant
682_P,682,682_22,you travel a lot,287.5,288.4,D:\NCKH_DATATEAM\dataset\E-DAIC\682_P\682_AUDIO.wav,Ellie
682_P,682,682_23,no not anymore,290.2,291.1,D:\NCKH_DATATEAM\dataset\E-DAIC\682_P\682_AUDIO.wav,Participant
682_P,682,682_24,which one of your most memorable experiences,301.5,303.6,D:\NCKH_DATATEAM\dataset\E-DAIC\682_P\682_AUDIO.wav,Ellie
682_P,682,682_25,the day my first son was born,306.2,309.0,D:\NCKH_DATATEAM\dataset\E-DAIC\682_P\682_AUDIO.wav,Participant
682_P,682,682_26,I was a medic in the army,319.8,321.5,D:\NCKH_DATATEAM\dataset\E-DAIC\682_P\682_AUDIO.wav,Ellie
682_P,682,682_27,what do you do now,331.1,331.9,D:\NCKH_DATATEAM\dataset\E-DAIC\682_P\682_AUDIO.wav,Participant
682_P,682,682_28,I'm actually unemployed right now,333.4,335.1,D:\NCKH_DATATEAM\dataset\E-DAIC\682_P\682_AUDIO.wav,Ellie
682_P,682,682_29,what's your dream job,344.9,346.0,D:\NCKH_DATATEAM\dataset\E-DAIC\682_P\682_AUDIO.wav,Participant
682_P,682,682_30,I want to be a private investigator,347.1,348.4,D:\NCKH_DATATEAM\dataset\E-DAIC\682_P\682_AUDIO.wav,Ellie
682_P,682,682_31,you consider yourself more shy or outgoing more outgoing,363.6,367.8,D:\NCKH_DATATEAM\dataset\E-DAIC\682_P\682_AUDIO.wav,Participant
682_P,682,682_32,have a good relationship with my brother and right now,381.5,387.1,D:\NCKH_DATATEAM\dataset\E-DAIC\682_P\682_AUDIO.wav,Ellie
682_P,682,682_33,that's about it,389.8,390.7,D:\NCKH_DATATEAM\dataset\E-DAIC\682_P\682_AUDIO.wav,Participant
682_P,682,682_34,I do a lot of reading,404.0,405.5,D:\NCKH_DATATEAM\dataset\E-DAIC\682_P\682_AUDIO.wav,Ellie
682_P,682,682_35,how are you,418.4,419.0,D:\NCKH_DATATEAM\dataset\E-DAIC\682_P\682_AUDIO.wav,Participant
682_P,682,682_36,good level on fuse,421.2,422.6,D:\NCKH_DATATEAM\dataset\E-DAIC\682_P\682_AUDIO.wav,Ellie
682_P,682,682_37,when was the last,433.3,434.1,D:\NCKH_DATATEAM\dataset\E-DAIC\682_P\682_AUDIO.wav,Participant
682_P,682,682_38,it's been awhile,438.4,440.2,D:\NCKH_DATATEAM\dataset\E-DAIC\682_P\682_AUDIO.wav,Ellie
682_P,682,682_39,I think I argue with my brother about going back to work,442.1,446.0,D:\NCKH_DATATEAM\dataset\E-DAIC\682_P\682_AUDIO.wav,Participant
682_P,682,682_40,I wish I had communicated better with my ex,454.6,457.3,D:\NCKH_DATATEAM\dataset\E-DAIC\682_P\682_AUDIO.wav,Ellie
682_P,682,682_41,what's something you feel guilty about,467.7,469.5,D:\NCKH_DATATEAM\dataset\E-DAIC\682_P\682_AUDIO.wav,Participant
682_P,682,682_42,not being a better dad for my boys,471.1,473.0,D:\NCKH_DATATEAM\dataset\E-DAIC\682_P\682_AUDIO.wav,Ellie
682_P,682,682_43,tell me about,482.1,482.7,D:\NCKH_DATATEAM\dataset\E-DAIC\682_P\682_AUDIO.wav,Participant
682_P,682,682_44,probably going into the army that was a tough decision,489.7,491.7,D:\NCKH_DATATEAM\dataset\E-DAIC\682_P\682_AUDIO.wav,Ellie
682_P,682,682_45,not being a part of my daughter's life,506.7,508.8,D:\NCKH_DATATEAM\dataset\E-DAIC\682_P\682_AUDIO.wav,Participant
682_P,682,682_46,have you ever served in the military yes,517.0,519.7,D:\NCKH_DATATEAM\dataset\E-DAIC\682_P\682_AUDIO.wav,Ellie
682_P,682,682_47,how have you been feeling lately,531.5,532.6,D:\NCKH_DATATEAM\dataset\E-DAIC\682_P\682_AUDIO.wav,Participant
682_P,682,682_48,better the last,534.4,536.8,D:\NCKH_DATATEAM\dataset\E-DAIC\682_P\682_AUDIO.wav,Ellie
682_P,682,682_49,the last couple weeks actually see a light at the end of the tunnel,538.0,540.7,D:\NCKH_DATATEAM\dataset\E-DAIC\682_P\682_AUDIO.wav,Participant
682_P,682,682_50,have you noticed any changes,546.3,547.6,D:\NCKH_DATATEAM\dataset\E-DAIC\682_P\682_AUDIO.wav,Ellie
682_P,682,682_51,no I've actually got the same maybe a little bit more positive,551.9,555.2,D:\NCKH_DATATEAM\dataset\E-DAIC\682_P\682_AUDIO.wav,Participant
682_P,682,682_52,how easy is it for you to get a good night sleep,561.6,563.6,D:\NCKH_DATATEAM\dataset\E-DAIC\682_P\682_AUDIO.wav,Ellie
682_P,682,682_53,it's kind of difficult I haven't slept 6 to 8 hours straight in a long time,565.5,570.9,D:\NCKH_DATATEAM\dataset\E-DAIC\682_P\682_AUDIO.wav,Participant
682_P,682,682_54,I don't know cuz it been a long time not the same,583.4,587.5,D:\NCKH_DATATEAM\dataset\E-DAIC\682_P\682_AUDIO.wav,Ellie
682_P,682,682_55,have you ever been diagnosed with PTSD no,592.4,595.2,D:\NCKH_DATATEAM\dataset\E-DAIC\682_P\682_AUDIO.wav,Participant
682_P,682,682_56,have you been diagnosed,607.5,608.3,D:\NCKH_DATATEAM\dataset\E-DAIC\682_P\682_AUDIO.wav,Ellie
682_P,682,682_57,about a month ago when I went to the VA who was situational depression,610.6,616.0,D:\NCKH_DATATEAM\dataset\E-DAIC\682_P\682_AUDIO.wav,Participant
682_P,682,682_58,my 8 months ago when I was with my boys at the park,626.5,631.0,D:\NCKH_DATATEAM\dataset\E-DAIC\682_P\682_AUDIO.wav,Ellie
682_P,682,682_59,influence in real life,638.3,640.7,D:\NCKH_DATATEAM\dataset\E-DAIC\682_P\682_AUDIO.wav,Participant
682_P,682,682_60,my brother,642.2,642.9,D:\NCKH_DATATEAM\dataset\E-DAIC\682_P\682_AUDIO.wav,Ellie
682_P,682,682_61,how do your best friend describe,653.7,654.9,D:\NCKH_DATATEAM\dataset\E-DAIC\682_P\682_AUDIO.wav,Participant
682_P,682,682_62,friendly outgoing personable emotional,660.5,664.4,D:\NCKH_DATATEAM\dataset\E-DAIC\682_P\682_AUDIO.wav,Ellie
682_P,682,682_63,tell me about something you did recently that you really enjoy,668.4,671.1,D:\NCKH_DATATEAM\dataset\E-DAIC\682_P\682_AUDIO.wav,Participant
682_P,682,682_64,most recently I just finished a really good novel,674.7,677.5,D:\NCKH_DATATEAM\dataset\E-DAIC\682_P\682_AUDIO.wav,Ellie
682_P,682,682_65,my boys my kids,688.8,690.6,D:\NCKH_DATATEAM\dataset\E-DAIC\682_P\682_AUDIO.wav,Participant
682_P,682,682_66,thanks for sharing your thoughts with me you're welcome,702.2,705.3,D:\NCKH_DATATEAM\dataset\E-DAIC\682_P\682_AUDIO.wav,Ellie
682_P,682,682_67,I,706.9,707.3,D:\NCKH_DATATEAM\dataset\E-DAIC\682_P\682_AUDIO.wav,Participant
682_P,682,682_68,I think you are so delicate I Want to Break Free,721.7,726.2,D:\NCKH_DATATEAM\dataset\E-DAIC\682_P\682_AUDIO.wav,Ellie
683_P,683,683_0,very long,5.0,5.5,D:\NCKH_DATATEAM\dataset\E-DAIC\683_P\683_AUDIO.wav,Ellie
683_P,683,683_1,hussy,7.7,8.2,D:\NCKH_DATATEAM\dataset\E-DAIC\683_P\683_AUDIO.wav,Participant
683_P,683,683_2,okay,9.6,10.1,D:\NCKH_DATATEAM\dataset\E-DAIC\683_P\683_AUDIO.wav,Ellie
683_P,683,683_3,it made it onto the camera so Jesus asked the other lady if she wanted me to put it on my forehead,22.3,27.9,D:\NCKH_DATATEAM\dataset\E-DAIC\683_P\683_AUDIO.wav,Participant
683_P,683,683_4,there she is,43.3,44.0,D:\NCKH_DATATEAM\dataset\E-DAIC\683_P\683_AUDIO.wav,Ellie
683_P,683,683_5,how many different types of characters do you have,50.0,52.2,D:\NCKH_DATATEAM\dataset\E-DAIC\683_P\683_AUDIO.wav,Participant
683_P,683,683_6,that you utilize different birds with him at the date today so everyone has been speaking to this young lady what's her name,60.7,68.0,D:\NCKH_DATATEAM\dataset\E-DAIC\683_P\683_AUDIO.wav,Ellie
683_P,683,683_7,what's real,72.2,73.1,D:\NCKH_DATATEAM\dataset\E-DAIC\683_P\683_AUDIO.wav,Participant
683_P,683,683_8,so I'm going to go ahead and start her up and then again when she says goodbye press that button okay,83.5,87.6,D:\NCKH_DATATEAM\dataset\E-DAIC\683_P\683_AUDIO.wav,Ellie
683_P,683,683_9,I'm not a therapist,100.5,101.7,D:\NCKH_DATATEAM\dataset\E-DAIC\683_P\683_AUDIO.wav,Participant
683_P,683,683_10,I'm pleased,107.6,108.3,D:\NCKH_DATATEAM\dataset\E-DAIC\683_P\683_AUDIO.wav,Ellie
683_P,683,683_11,are you okay with this yes,116.2,118.2,D:\NCKH_DATATEAM\dataset\E-DAIC\683_P\683_AUDIO.wav,Participant
683_P,683,683_12,not bad,127.0,127.8,D:\NCKH_DATATEAM\dataset\E-DAIC\683_P\683_AUDIO.wav,Ellie
683_P,683,683_13,open spaces for me coming from a different city it's just a completely new environment than that it was exciting,142.3,151.8,D:\NCKH_DATATEAM\dataset\E-DAIC\683_P\683_AUDIO.wav,Participant
683_P,683,683_14,what are some things you don't,155.6,156.5,D:\NCKH_DATATEAM\dataset\E-DAIC\683_P\683_AUDIO.wav,Ellie
683_P,683,683_15,deeper than it being too many people there are also,160.6,164.0,D:\NCKH_DATATEAM\dataset\E-DAIC\683_P\683_AUDIO.wav,Participant
683_P,683,683_16,less,166.3,168.0,D:\NCKH_DATATEAM\dataset\E-DAIC\683_P\683_AUDIO.wav,Ellie
683_P,683,683_17,considerate,169.4,170.4,D:\NCKH_DATATEAM\dataset\E-DAIC\683_P\683_AUDIO.wav,Participant
683_P,683,683_18,it was probably due to the volume of people in it,171.8,175.0,D:\NCKH_DATATEAM\dataset\E-DAIC\683_P\683_AUDIO.wav,Ellie
683_P,683,683_19,you travel a lot,183.2,184.1,D:\NCKH_DATATEAM\dataset\E-DAIC\683_P\683_AUDIO.wav,Participant
683_P,683,683_20,"not in the form of sense but I work in transportation so I was on the road a lot doing a lot of covered a lot of territory over 800,000 miles and the last six years just in Southern California",185.7,197.8,D:\NCKH_DATATEAM\dataset\E-DAIC\683_P\683_AUDIO.wav,Ellie
683_P,683,683_21,what do you enjoy about traveling,202.1,203.7,D:\NCKH_DATATEAM\dataset\E-DAIC\683_P\683_AUDIO.wav,Participant
683_P,683,683_22,the variety different environment,205.3,207.2,D:\NCKH_DATATEAM\dataset\E-DAIC\683_P\683_AUDIO.wav,Ellie
683_P,683,683_23,change of scenery,208.1,209.1,D:\NCKH_DATATEAM\dataset\E-DAIC\683_P\683_AUDIO.wav,Participant
683_P,683,683_24,not isolated in what area,212.3,214.4,D:\NCKH_DATATEAM\dataset\E-DAIC\683_P\683_AUDIO.wav,Ellie
683_P,683,683_25,I'd like to hear about one of your trips,218.2,219.9,D:\NCKH_DATATEAM\dataset\E-DAIC\683_P\683_AUDIO.wav,Participant
683_P,683,683_26,in what respect,223.0,224.1,D:\NCKH_DATATEAM\dataset\E-DAIC\683_P\683_AUDIO.wav,Ellie
683_P,683,683_27,Hoag traveling cross-country coming out here I've traveled across country from here from California to the Midwest Indiana Chicago area three times by vehicle car and it is just a profound experience the the the openness is vast and just you have to experience it how you can explain it,233.4,256.3,D:\NCKH_DATATEAM\dataset\E-DAIC\683_P\683_AUDIO.wav,Participant
683_P,683,683_28,what you study at school,261.1,262.3,D:\NCKH_DATATEAM\dataset\E-DAIC\683_P\683_AUDIO.wav,Ellie
683_P,683,683_29,college or High School,263.9,264.9,D:\NCKH_DATATEAM\dataset\E-DAIC\683_P\683_AUDIO.wav,Participant
683_P,683,683_30,well I studied in school I studied advertising and graphic design,269.7,273.4,D:\NCKH_DATATEAM\dataset\E-DAIC\683_P\683_AUDIO.wav,Ellie
683_P,683,683_31,and I'm currently a student 20 years later again business management and cinematographer cinematography cinematography as well as a minor,276.9,290.1,D:\NCKH_DATATEAM\dataset\E-DAIC\683_P\683_AUDIO.wav,Participant
683_P,683,683_32,all right,294.1,294.7,D:\NCKH_DATATEAM\dataset\E-DAIC\683_P\683_AUDIO.wav,Ellie
683_P,683,683_33,what's your dream job,297.0,298.2,D:\NCKH_DATATEAM\dataset\E-DAIC\683_P\683_AUDIO.wav,Participant
683_P,683,683_34,a action star movie star action action adventure,303.0,313.1,D:\NCKH_DATATEAM\dataset\E-DAIC\683_P\683_AUDIO.wav,Ellie
683_P,683,683_35,you consider yourself more shy or outgoing shy outgoing because I have to be,318.1,324.7,D:\NCKH_DATATEAM\dataset\E-DAIC\683_P\683_AUDIO.wav,Participant
683_P,683,683_36,why,328.1,328.5,D:\NCKH_DATATEAM\dataset\E-DAIC\683_P\683_AUDIO.wav,Ellie
683_P,683,683_37,people eat you up if you're not,330.2,331.8,D:\NCKH_DATATEAM\dataset\E-DAIC\683_P\683_AUDIO.wav,Participant
683_P,683,683_38,distant,338.7,339.4,D:\NCKH_DATATEAM\dataset\E-DAIC\683_P\683_AUDIO.wav,Ellie
683_P,683,683_39,I reasonable I think I had as far as relaxing is concerned.,363.8,368.9,D:\NCKH_DATATEAM\dataset\E-DAIC\683_P\683_AUDIO.wav,Participant
683_P,683,683_40,You know if I can get myself out there I do a little exercise,370.4,374.3,D:\NCKH_DATATEAM\dataset\E-DAIC\683_P\683_AUDIO.wav,Ellie
683_P,683,683_41,that's really not to relax that's really to unwind and get myself out of the tension that I might be in,375.7,382.6,D:\NCKH_DATATEAM\dataset\E-DAIC\683_P\683_AUDIO.wav,Participant
683_P,683,683_42,probably 10 minutes ago non-verbal,387.9,392.2,D:\NCKH_DATATEAM\dataset\E-DAIC\683_P\683_AUDIO.wav,Ellie
683_P,683,683_43,tell me about a situation that you wish you would,399.3,401.4,D:\NCKH_DATATEAM\dataset\E-DAIC\683_P\683_AUDIO.wav,Participant
683_P,683,683_44,marriage,405.2,407.0,D:\NCKH_DATATEAM\dataset\E-DAIC\683_P\683_AUDIO.wav,Ellie
683_P,683,683_45,did not,408.7,409.5,D:\NCKH_DATATEAM\dataset\E-DAIC\683_P\683_AUDIO.wav,Participant
683_P,683,683_46,do all of my options before I chose and it was a bad decision,411.3,416.4,D:\NCKH_DATATEAM\dataset\E-DAIC\683_P\683_AUDIO.wav,Ellie
683_P,683,683_47,I love them but they didn't love me be careful of that,418.2,422.2,D:\NCKH_DATATEAM\dataset\E-DAIC\683_P\683_AUDIO.wav,Participant
683_P,683,683_48,what's something you feel guilty about,427.0,428.8,D:\NCKH_DATATEAM\dataset\E-DAIC\683_P\683_AUDIO.wav,Ellie
683_P,683,683_49,not being more available to my son,432.0,435.3,D:\NCKH_DATATEAM\dataset\E-DAIC\683_P\683_AUDIO.wav,Participant
683_P,683,683_50,tell me about the hardest decision you've ever had,442.1,445.0,D:\NCKH_DATATEAM\dataset\E-DAIC\683_P\683_AUDIO.wav,Ellie
683_P,683,683_51,wow that's a tough for me I've been following the hardest decision,449.1,456.7,D:\NCKH_DATATEAM\dataset\E-DAIC\683_P\683_AUDIO.wav,Participant
683_P,683,683_52,oh there was no decision in this this is but something that I'd like to relate erased from my memory was in that accident with my brother a long time ago,468.8,479.8,D:\NCKH_DATATEAM\dataset\E-DAIC\683_P\683_AUDIO.wav,Ellie
683_P,683,683_53,I wish that had never happened to him,483.0,484.8,D:\NCKH_DATATEAM\dataset\E-DAIC\683_P\683_AUDIO.wav,Participant
683_P,683,683_54,have you ever seen,488.0,488.6,D:\NCKH_DATATEAM\dataset\E-DAIC\683_P\683_AUDIO.wav,Ellie
683_P,683,683_55,yes,490.4,491.0,D:\NCKH_DATATEAM\dataset\E-DAIC\683_P\683_AUDIO.wav,Participant
683_P,683,683_56,18 baby didn't think so at the time though,497.2,502.0,D:\NCKH_DATATEAM\dataset\E-DAIC\683_P\683_AUDIO.wav,Ellie
683_P,683,683_57,I just wanted to do something and that's what I did,512.0,515.1,D:\NCKH_DATATEAM\dataset\E-DAIC\683_P\683_AUDIO.wav,Participant
683_P,683,683_58,are you happy,521.8,522.6,D:\NCKH_DATATEAM\dataset\E-DAIC\683_P\683_AUDIO.wav,Ellie
683_P,683,683_59,yes,523.3,523.9,D:\NCKH_DATATEAM\dataset\E-DAIC\683_P\683_AUDIO.wav,Participant
683_P,683,683_60,not at first but in hindsight looking back yes,525.1,530.2,D:\NCKH_DATATEAM\dataset\E-DAIC\683_P\683_AUDIO.wav,Ellie
683_P,683,683_61,did you ever think,537.3,538.0,D:\NCKH_DATATEAM\dataset\E-DAIC\683_P\683_AUDIO.wav,Participant
683_P,683,683_62,in a manner of speaking I was in Korea when they stomped one of my Majors to death and from that point forward everywhere we went we went fully loaded meaning armed with ammunition,540.6,555.2,D:\NCKH_DATATEAM\dataset\E-DAIC\683_P\683_AUDIO.wav,Ellie
683_P,683,683_63,no actual engagement With the Enemy though,558.9,561.9,D:\NCKH_DATATEAM\dataset\E-DAIC\683_P\683_AUDIO.wav,Participant
683_P,683,683_64,or what other personality or whatever you call it,564.3,566.4,D:\NCKH_DATATEAM\dataset\E-DAIC\683_P\683_AUDIO.wav,Ellie
683_P,683,683_65,how is the weather,570.2,570.8,D:\NCKH_DATATEAM\dataset\E-DAIC\683_P\683_AUDIO.wav,Participant
683_P,683,683_66,very,573.2,573.7,D:\NCKH_DATATEAM\dataset\E-DAIC\683_P\683_AUDIO.wav,Ellie
683_P,683,683_67,I never left it I was there as a worker,574.6,581.8,D:\NCKH_DATATEAM\dataset\E-DAIC\683_P\683_AUDIO.wav,Participant
683_P,683,683_68,and just really was a pretty much the same as just changing jobs now,583.2,587.8,D:\NCKH_DATATEAM\dataset\E-DAIC\683_P\683_AUDIO.wav,Ellie
683_P,683,683_69,to do after the military,595.3,596.1,D:\NCKH_DATATEAM\dataset\E-DAIC\683_P\683_AUDIO.wav,Participant
683_P,683,683_70,went back to the job that I had before when I was working with the u.s. steel,597.6,601.8,D:\NCKH_DATATEAM\dataset\E-DAIC\683_P\683_AUDIO.wav,Ellie
683_P,683,683_71,what is serving in the military change you,609.9,611.9,D:\NCKH_DATATEAM\dataset\E-DAIC\683_P\683_AUDIO.wav,Participant
683_P,683,683_72,don't know if it did,620.3,621.6,D:\NCKH_DATATEAM\dataset\E-DAIC\683_P\683_AUDIO.wav,Ellie
683_P,683,683_73,if it did I have to say that gave me a,624.5,627.8,D:\NCKH_DATATEAM\dataset\E-DAIC\683_P\683_AUDIO.wav,Participant
683_P,683,683_74,appreciation or the opportunity to work with stuff that I never probably would have worked with him so I travel a little bit around the world and we're working on the Korea and that may be more aware and appreciative of all of the things that are out there I got a chance to see him and touch him a little bit,629.3,648.3,D:\NCKH_DATATEAM\dataset\E-DAIC\683_P\683_AUDIO.wav,Ellie
683_P,683,683_75,how have you been feeling lately,655.8,657.0,D:\NCKH_DATATEAM\dataset\E-DAIC\683_P\683_AUDIO.wav,Participant
683_P,683,683_76,depressed,660.7,661.5,D:\NCKH_DATATEAM\dataset\E-DAIC\683_P\683_AUDIO.wav,Ellie
683_P,683,683_77,no but I'll try to I,667.2,669.4,D:\NCKH_DATATEAM\dataset\E-DAIC\683_P\683_AUDIO.wav,Participant
683_P,683,683_78,living environment where people are insecure so homeless and environment and there's a lot of stress that goes along with that if you're trying to do something that's a lot of you know you're beautiful you don't you're not sitting with the other people because the downtrodden and,670.8,690.7,D:\NCKH_DATATEAM\dataset\E-DAIC\683_P\683_AUDIO.wav,Ellie
683_P,683,683_79,that makes it stressful,692.2,693.5,D:\NCKH_DATATEAM\dataset\E-DAIC\683_P\683_AUDIO.wav,Participant
683_P,683,683_80,yes,701.0,701.6,D:\NCKH_DATATEAM\dataset\E-DAIC\683_P\683_AUDIO.wav,Ellie
683_P,683,683_81,can you tell me about that,705.8,706.8,D:\NCKH_DATATEAM\dataset\E-DAIC\683_P\683_AUDIO.wav,Participant
683_P,683,683_82,depression and frustration,709.4,712.4,D:\NCKH_DATATEAM\dataset\E-DAIC\683_P\683_AUDIO.wav,Ellie
683_P,683,683_83,with basically almost everybody that I've tried to confide in,714.7,718.8,D:\NCKH_DATATEAM\dataset\E-DAIC\683_P\683_AUDIO.wav,Participant
683_P,683,683_84,turned out to be treacherous and just not trustworthy or dedicated,720.4,729.9,D:\NCKH_DATATEAM\dataset\E-DAIC\683_P\683_AUDIO.wav,Ellie
683_P,683,683_85,recently,733.2,734.0,D:\NCKH_DATATEAM\dataset\E-DAIC\683_P\683_AUDIO.wav,Participant
683_P,683,683_86,the same size if I get a lot of sleep in my own opinion but I think probably less focused,741.7,747.6,D:\NCKH_DATATEAM\dataset\E-DAIC\683_P\683_AUDIO.wav,Ellie
683_P,683,683_87,less able to focus but not getting sleep lately has been tough or go to sleep okay but I just wake up in a few hours then back to sleep you probably a lot of other things too,748.9,765.1,D:\NCKH_DATATEAM\dataset\E-DAIC\683_P\683_AUDIO.wav,Participant
683_P,683,683_88,okay,768.5,769.1,D:\NCKH_DATATEAM\dataset\E-DAIC\683_P\683_AUDIO.wav,Ellie
683_P,683,683_89,have you ever been diagnosed with p,771.6,773.2,D:\NCKH_DATATEAM\dataset\E-DAIC\683_P\683_AUDIO.wav,Participant
683_P,683,683_90,no,773.8,774.3,D:\NCKH_DATATEAM\dataset\E-DAIC\683_P\683_AUDIO.wav,Ellie
683_P,683,683_91,yeah that was one of the questions on there but it is it needs clarification and that's why I checked know on that yes but it was I was part of an experiment with taking interferon and ribavirin to try to cure hepatitis and those those two drugs cause depression so I was chemically depressed as opposed to clinically and as a difference so there was some the psychiatric help and some medication to help me get beyond that 311 months of treatment with that it was tough don't recommend it to anybody interferon is a killer don't do it,783.6,827.5,D:\NCKH_DATATEAM\dataset\E-DAIC\683_P\683_AUDIO.wav,Participant
683_P,683,683_92,that treatment ended probably and all of the symptoms with it probably 3 to 5 years ago 3 years ago I think,833.0,842.0,D:\NCKH_DATATEAM\dataset\E-DAIC\683_P\683_AUDIO.wav,Ellie
683_P,683,683_93,nightmare has intense itching,849.7,855.2,D:\NCKH_DATATEAM\dataset\E-DAIC\683_P\683_AUDIO.wav,Participant
683_P,683,683_94,thoughts of suicide and Vivid terrifying nightmares,856.8,863.7,D:\NCKH_DATATEAM\dataset\E-DAIC\683_P\683_AUDIO.wav,Ellie
683_P,683,683_95,that's interferon,866.4,867.6,D:\NCKH_DATATEAM\dataset\E-DAIC\683_P\683_AUDIO.wav,Participant
683_P,683,683_96,interferon and ribavirin to drugs that they used to treat cancer and also in the treatment of hepatitis-c currently,872.1,881.8,D:\NCKH_DATATEAM\dataset\E-DAIC\683_P\683_AUDIO.wav,Ellie
683_P,683,683_97,in addition to a third drug that they used can't think of the name of it,883.3,887.0,D:\NCKH_DATATEAM\dataset\E-DAIC\683_P\683_AUDIO.wav,Participant
683_P,683,683_98,how do you cope with them,892.3,893.5,D:\NCKH_DATATEAM\dataset\E-DAIC\683_P\683_AUDIO.wav,Ellie
683_P,683,683_99,well I seem to be okay now has skin damage my body broke out in a full-body rash,895.1,900.6,D:\NCKH_DATATEAM\dataset\E-DAIC\683_P\683_AUDIO.wav,Participant
683_P,683,683_100,cause intense itching full full Ian golf the body for intense itching,902.2,909.4,D:\NCKH_DATATEAM\dataset\E-DAIC\683_P\683_AUDIO.wav,Ellie
683_P,683,683_101,almost made me jump out of window but I held on,910.7,913.9,D:\NCKH_DATATEAM\dataset\E-DAIC\683_P\683_AUDIO.wav,Participant
683_P,683,683_102,the itching we're talkin about chemical cause being chemically induced as opposed to psychologically,923.2,933.9,D:\NCKH_DATATEAM\dataset\E-DAIC\683_P\683_AUDIO.wav,Ellie
683_P,683,683_103,okay,937.3,937.9,D:\NCKH_DATATEAM\dataset\E-DAIC\683_P\683_AUDIO.wav,Participant
683_P,683,683_104,you still go to therapy now no,940.6,942.4,D:\NCKH_DATATEAM\dataset\E-DAIC\683_P\683_AUDIO.wav,Ellie
683_P,683,683_105,do you feel therapy,950.3,951.4,D:\NCKH_DATATEAM\dataset\E-DAIC\683_P\683_AUDIO.wav,Participant
683_P,683,683_106,most worthless piece of crap I have a 20 out of 10 therapist that I talk to whoever said that the VA maybe to actually knew what they were doing or and then two were sincerely concerned about what they were doing the rest was just collecting a paycheck,953.5,979.3,D:\NCKH_DATATEAM\dataset\E-DAIC\683_P\683_AUDIO.wav,Ellie
683_P,683,683_107,show me more about that,983.8,984.5,D:\NCKH_DATATEAM\dataset\E-DAIC\683_P\683_AUDIO.wav,Participant
683_P,683,683_108,well they were incompetent just asking foolish questions why I'm even we were supposed to be talking about some of my personal things in life and she was playing little games like sitting a person purposely leave the person on the table to see your nose still use using Psychology 101 the book bad about through the by the Numbers at the way that she was taught to proceed with someone as opposed to actually knowing how to proceed with someone if they just it was it was it was a funny actually actually funny,986.4,1027.7,D:\NCKH_DATATEAM\dataset\E-DAIC\683_P\683_AUDIO.wav,Ellie
683_P,683,683_109,sad,1030.0,1030.6,D:\NCKH_DATATEAM\dataset\E-DAIC\683_P\683_AUDIO.wav,Participant
683_P,683,683_110,that is over but the changes since going to therapy,1037.8,1042.0,D:\NCKH_DATATEAM\dataset\E-DAIC\683_P\683_AUDIO.wav,Ellie
683_P,683,683_111,nothing you know all of that depression stuff kind of eased off and so I'm back to trying to do the things that I was doing before I took that 11 months to go in that experiment,1043.1,1055.5,D:\NCKH_DATATEAM\dataset\E-DAIC\683_P\683_AUDIO.wav,Participant
683_P,683,683_112,okay,1060.3,1060.8,D:\NCKH_DATATEAM\dataset\E-DAIC\683_P\683_AUDIO.wav,Ellie
683_P,683,683_113,when is the,1063.5,1064.1,D:\NCKH_DATATEAM\dataset\E-DAIC\683_P\683_AUDIO.wav,Participant
683_P,683,683_114,in a long time,1071.1,1071.9,D:\NCKH_DATATEAM\dataset\E-DAIC\683_P\683_AUDIO.wav,Ellie
683_P,683,683_115,I usually get a little bit of that daily somewhere I get a little bit of happiness in here,1077.4,1082.4,D:\NCKH_DATATEAM\dataset\E-DAIC\683_P\683_AUDIO.wav,Participant
683_P,683,683_116,just a little just enough to keep me saying I think,1084.4,1087.2,D:\NCKH_DATATEAM\dataset\E-DAIC\683_P\683_AUDIO.wav,Ellie
683_P,683,683_117,there are elected without being you know listing of the risk of being casciac my father but other than that of positive influence in my life have been many mostly the men that I worked with while working it was a younger man,1101.0,1116.7,D:\NCKH_DATATEAM\dataset\E-DAIC\683_P\683_AUDIO.wav,Participant
683_P,683,683_118,there was some of the best the best work experience I've had in my experience is my 30 or 40 years of working with the team and ship those men and it was probably the same kinship that you would gain from being in combat because it was dangerous work and these guys looked out for each other they took care of each other I'm pretty sure it's pretty much the same way for a guy that experienced combat and the camaraderie that they had to have with each other because their lives were on the line,1118.1,1151.8,D:\NCKH_DATATEAM\dataset\E-DAIC\683_P\683_AUDIO.wav,Ellie
683_P,683,683_119,how do your best friend,1155.7,1156.8,D:\NCKH_DATATEAM\dataset\E-DAIC\683_P\683_AUDIO.wav,Participant
683_P,683,683_120,giving,1159.8,1160.5,D:\NCKH_DATATEAM\dataset\E-DAIC\683_P\683_AUDIO.wav,Ellie
683_P,683,683_121,kind,1163.2,1164.0,D:\NCKH_DATATEAM\dataset\E-DAIC\683_P\683_AUDIO.wav,Participant
683_P,683,683_122,nice,1169.3,1169.9,D:\NCKH_DATATEAM\dataset\E-DAIC\683_P\683_AUDIO.wav,Ellie
683_P,683,683_123,but I really enjoyed I get a lot of those could be going too many things I enjoy the moment you know driving,1171.1,1180.0,D:\NCKH_DATATEAM\dataset\E-DAIC\683_P\683_AUDIO.wav,Participant
683_P,683,683_124,shopping for an enjoyment in something some kind of way everything I do,1181.4,1187.5,D:\NCKH_DATATEAM\dataset\E-DAIC\683_P\683_AUDIO.wav,Ellie
683_P,683,683_125,want to see my son,1203.9,1205.1,D:\NCKH_DATATEAM\dataset\E-DAIC\683_P\683_AUDIO.wav,Participant
683_P,683,683_126,but many accomplishments most proud of in my life,1206.2,1209.9,D:\NCKH_DATATEAM\dataset\E-DAIC\683_P\683_AUDIO.wav,Ellie
683_P,683,683_127,been honest,1213.3,1214.1,D:\NCKH_DATATEAM\dataset\E-DAIC\683_P\683_AUDIO.wav,Participant
683_P,683,683_128,you're welcome thank you,1224.2,1225.6,D:\NCKH_DATATEAM\dataset\E-DAIC\683_P\683_AUDIO.wav,Ellie
683_P,683,683_129,yes,1271.1,1271.7,D:\NCKH_DATATEAM\dataset\E-DAIC\683_P\683_AUDIO.wav,Participant
683_P,683,683_130,you guys have a you guys have a ton of money for,5.0,1281.5,D:\NCKH_DATATEAM\dataset\E-DAIC\683_P\683_AUDIO.wav,Ellie
684_P,684,684_0,if that happened,3.6,4.3,D:\NCKH_DATATEAM\dataset\E-DAIC\684_P\684_AUDIO.wav,Ellie
684_P,684,684_1,why I'm here,20.2,21.0,D:\NCKH_DATATEAM\dataset\E-DAIC\684_P\684_AUDIO.wav,Participant
684_P,684,684_2,set up family room when she says goodbye,57.3,58.9,D:\NCKH_DATATEAM\dataset\E-DAIC\684_P\684_AUDIO.wav,Ellie
684_P,684,684_3,hi,63.1,63.4,D:\NCKH_DATATEAM\dataset\E-DAIC\684_P\684_AUDIO.wav,Participant
684_P,684,684_4,I'm not a,71.0,71.6,D:\NCKH_DATATEAM\dataset\E-DAIC\684_P\684_AUDIO.wav,Ellie
684_P,684,684_5,and please,78.1,78.9,D:\NCKH_DATATEAM\dataset\E-DAIC\684_P\684_AUDIO.wav,Participant
684_P,684,684_6,are you okay with this yes,87.0,89.1,D:\NCKH_DATATEAM\dataset\E-DAIC\684_P\684_AUDIO.wav,Ellie
684_P,684,684_7,okay,92.8,93.4,D:\NCKH_DATATEAM\dataset\E-DAIC\684_P\684_AUDIO.wav,Participant
684_P,684,684_8,so how are you doing today,96.1,98.1,D:\NCKH_DATATEAM\dataset\E-DAIC\684_P\684_AUDIO.wav,Ellie
684_P,684,684_9,overtired,101.3,102.4,D:\NCKH_DATATEAM\dataset\E-DAIC\684_P\684_AUDIO.wav,Participant
684_P,684,684_10,where you from,107.0,107.7,D:\NCKH_DATATEAM\dataset\E-DAIC\684_P\684_AUDIO.wav,Ellie
684_P,684,684_11,diversity,123.8,125.3,D:\NCKH_DATATEAM\dataset\E-DAIC\684_P\684_AUDIO.wav,Participant
684_P,684,684_12,the smog,133.6,134.5,D:\NCKH_DATATEAM\dataset\E-DAIC\684_P\684_AUDIO.wav,Ellie
684_P,684,684_13,you travel a lot,142.0,142.8,D:\NCKH_DATATEAM\dataset\E-DAIC\684_P\684_AUDIO.wav,Participant
684_P,684,684_14,no,144.3,144.8,D:\NCKH_DATATEAM\dataset\E-DAIC\684_P\684_AUDIO.wav,Ellie
684_P,684,684_15,don't have transportation,152.4,153.5,D:\NCKH_DATATEAM\dataset\E-DAIC\684_P\684_AUDIO.wav,Participant
684_P,684,684_16,going to Japan,164.4,165.1,D:\NCKH_DATATEAM\dataset\E-DAIC\684_P\684_AUDIO.wav,Ellie
684_P,684,684_17,scuba diving skydiving,175.6,176.6,D:\NCKH_DATATEAM\dataset\E-DAIC\684_P\684_AUDIO.wav,Participant
684_P,684,684_18,welding,183.3,184.0,D:\NCKH_DATATEAM\dataset\E-DAIC\684_P\684_AUDIO.wav,Ellie
684_P,684,684_19,Rehabilitation for alcohol,194.9,197.5,D:\NCKH_DATATEAM\dataset\E-DAIC\684_P\684_AUDIO.wav,Participant
684_P,684,684_20,okay,200.8,201.4,D:\NCKH_DATATEAM\dataset\E-DAIC\684_P\684_AUDIO.wav,Ellie
684_P,684,684_21,what's your dream job,204.0,205.0,D:\NCKH_DATATEAM\dataset\E-DAIC\684_P\684_AUDIO.wav,Participant
684_P,684,684_22,astronautical engineer,208.8,210.6,D:\NCKH_DATATEAM\dataset\E-DAIC\684_P\684_AUDIO.wav,Ellie
684_P,684,684_23,do you consider yourself more shy or outgoing shy,214.9,218.7,D:\NCKH_DATATEAM\dataset\E-DAIC\684_P\684_AUDIO.wav,Participant
684_P,684,684_24,sometimes when I'm feeling 10 I turn on the fish tank screensaver,227.4,231.6,D:\NCKH_DATATEAM\dataset\E-DAIC\684_P\684_AUDIO.wav,Ellie
684_P,684,684_25,I meditate,256.3,257.2,D:\NCKH_DATATEAM\dataset\E-DAIC\684_P\684_AUDIO.wav,Participant
684_P,684,684_26,when was the last time,276.0,277.0,D:\NCKH_DATATEAM\dataset\E-DAIC\684_P\684_AUDIO.wav,Ellie
684_P,684,684_27,I argued with my mom she left my,281.6,285.9,D:\NCKH_DATATEAM\dataset\E-DAIC\684_P\684_AUDIO.wav,Participant
684_P,684,684_28,college certificates outside and they I got crumpled and damaged,287.3,292.1,D:\NCKH_DATATEAM\dataset\E-DAIC\684_P\684_AUDIO.wav,Ellie
684_P,684,684_29,and it kind of upset me,293.0,295.4,D:\NCKH_DATATEAM\dataset\E-DAIC\684_P\684_AUDIO.wav,Participant
684_P,684,684_30,everything happens for a reason so I don't know if I handle anything differently,311.8,315.3,D:\NCKH_DATATEAM\dataset\E-DAIC\684_P\684_AUDIO.wav,Ellie
684_P,684,684_31,what's something you feel guilty about,322.9,324.7,D:\NCKH_DATATEAM\dataset\E-DAIC\684_P\684_AUDIO.wav,Participant
684_P,684,684_32,my failures,335.1,336.0,D:\NCKH_DATATEAM\dataset\E-DAIC\684_P\684_AUDIO.wav,Ellie
684_P,684,684_33,tell me about the hardest decision,343.0,345.0,D:\NCKH_DATATEAM\dataset\E-DAIC\684_P\684_AUDIO.wav,Participant
684_P,684,684_34,I don't know cuz,357.6,358.8,D:\NCKH_DATATEAM\dataset\E-DAIC\684_P\684_AUDIO.wav,Ellie
684_P,684,684_35,I usually,360.7,361.4,D:\NCKH_DATATEAM\dataset\E-DAIC\684_P\684_AUDIO.wav,Participant
684_P,684,684_36,or as of lately,365.4,366.5,D:\NCKH_DATATEAM\dataset\E-DAIC\684_P\684_AUDIO.wav,Ellie
684_P,684,684_37,call my heart,368.2,369.1,D:\NCKH_DATATEAM\dataset\E-DAIC\684_P\684_AUDIO.wav,Participant
684_P,684,684_38,regardless,370.6,371.5,D:\NCKH_DATATEAM\dataset\E-DAIC\684_P\684_AUDIO.wav,Ellie
684_P,684,684_39,whether I want to or not moving off first instinct,372.8,375.6,D:\NCKH_DATATEAM\dataset\E-DAIC\684_P\684_AUDIO.wav,Participant
684_P,684,684_40,it's kind of a mind over matter thing,378.3,380.0,D:\NCKH_DATATEAM\dataset\E-DAIC\684_P\684_AUDIO.wav,Ellie
684_P,684,684_41,I put myself in some pretty scary situations,381.4,383.6,D:\NCKH_DATATEAM\dataset\E-DAIC\684_P\684_AUDIO.wav,Participant
684_P,684,684_42,but I've just kept on going in and gotten out of it,387.9,391.4,D:\NCKH_DATATEAM\dataset\E-DAIC\684_P\684_AUDIO.wav,Ellie
684_P,684,684_43,tell me about nguy or something that you wish you could erase,395.5,398.6,D:\NCKH_DATATEAM\dataset\E-DAIC\684_P\684_AUDIO.wav,Participant
684_P,684,684_44,nothing,400.7,401.5,D:\NCKH_DATATEAM\dataset\E-DAIC\684_P\684_AUDIO.wav,Ellie
684_P,684,684_45,yes,410.0,410.5,D:\NCKH_DATATEAM\dataset\E-DAIC\684_P\684_AUDIO.wav,Participant
684_P,684,684_46,19,417.3,418.0,D:\NCKH_DATATEAM\dataset\E-DAIC\684_P\684_AUDIO.wav,Ellie
684_P,684,684_47,where to get away from home,424.8,426.0,D:\NCKH_DATATEAM\dataset\E-DAIC\684_P\684_AUDIO.wav,Participant
684_P,684,684_48,are you happy,429.9,430.7,D:\NCKH_DATATEAM\dataset\E-DAIC\684_P\684_AUDIO.wav,Ellie
684_P,684,684_49,yes,431.9,432.8,D:\NCKH_DATATEAM\dataset\E-DAIC\684_P\684_AUDIO.wav,Participant
684_P,684,684_50,did you ever see,440.3,441.0,D:\NCKH_DATATEAM\dataset\E-DAIC\684_P\684_AUDIO.wav,Ellie
684_P,684,684_51,no I was supposed to,443.0,445.3,D:\NCKH_DATATEAM\dataset\E-DAIC\684_P\684_AUDIO.wav,Participant
684_P,684,684_52,I got the I got orders from Okinawa to go to cab unit which I was excited about and,447.5,453.7,D:\NCKH_DATATEAM\dataset\E-DAIC\684_P\684_AUDIO.wav,Ellie
684_P,684,684_53,they pulled me from that and they stuck me in a future combat systems unit non Deployable and it kind of upset me because I never considered myself a soldier because I never was able to deploy store now to quit for not having those stories of that camaraderie that other soldiers had with one another from having the experience of being overseas to Iraq or Afghanistan,455.2,476.7,D:\NCKH_DATATEAM\dataset\E-DAIC\684_P\684_AUDIO.wav,Participant
684_P,684,684_54,still adjusting,494.2,494.8,D:\NCKH_DATATEAM\dataset\E-DAIC\684_P\684_AUDIO.wav,Ellie
684_P,684,684_55,I went to school and study welding,505.6,508.1,D:\NCKH_DATATEAM\dataset\E-DAIC\684_P\684_AUDIO.wav,Participant
684_P,684,684_56,I don't really know,524.6,525.5,D:\NCKH_DATATEAM\dataset\E-DAIC\684_P\684_AUDIO.wav,Ellie
684_P,684,684_57,how have you been feeling lately,532.0,533.1,D:\NCKH_DATATEAM\dataset\E-DAIC\684_P\684_AUDIO.wav,Participant
684_P,684,684_58,up and down today is coming down I had some bad dreams last night and some racing thoughts,539.3,545.8,D:\NCKH_DATATEAM\dataset\E-DAIC\684_P\684_AUDIO.wav,Ellie
684_P,684,684_59,I'm kind of trying to,547.9,550.6,D:\NCKH_DATATEAM\dataset\E-DAIC\684_P\684_AUDIO.wav,Participant
684_P,684,684_60,I feel like I see the signs from other people and for been more appreciative of me and I've been more supportive of me you know going through everything and I really carrying and I feel like I'm not pushing them away,552.5,568.9,D:\NCKH_DATATEAM\dataset\E-DAIC\684_P\684_AUDIO.wav,Ellie
684_P,684,684_61,but I feel like,570.3,571.4,D:\NCKH_DATATEAM\dataset\E-DAIC\684_P\684_AUDIO.wav,Participant
684_P,684,684_62,there's there's a push and pull in a situation instead of allowing myself to fall into the situation I'm I'm pushing myself away from it and that's not a bad situation but it's,574.2,590.4,D:\NCKH_DATATEAM\dataset\E-DAIC\684_P\684_AUDIO.wav,Ellie
684_P,684,684_63,there's an under the uncertainty to it that I'm feeling whether I am misconstrued about my thoughts and I don't even have that I can't even I don't even speak I don't need to say Hey cuz I feel that,591.5,606.7,D:\NCKH_DATATEAM\dataset\E-DAIC\684_P\684_AUDIO.wav,Participant
684_P,684,684_64,I'm wrong in that if I do it'll be embarrassed. Embarrassing moment but no change the entire situation or something so I don't want to cross that boundary,608.2,620.6,D:\NCKH_DATATEAM\dataset\E-DAIC\684_P\684_AUDIO.wav,Ellie
684_P,684,684_65,I just kind of,622.1,623.0,D:\NCKH_DATATEAM\dataset\E-DAIC\684_P\684_AUDIO.wav,Participant
684_P,684,684_66,if if so,624.5,625.8,D:\NCKH_DATATEAM\dataset\E-DAIC\684_P\684_AUDIO.wav,Ellie
684_P,684,684_67,like right there in my face but yeah I'm not looking at it,628.9,632.5,D:\NCKH_DATATEAM\dataset\E-DAIC\684_P\684_AUDIO.wav,Participant
684_P,684,684_68,and it's frustrating,634.8,635.6,D:\NCKH_DATATEAM\dataset\E-DAIC\684_P\684_AUDIO.wav,Ellie
684_P,684,684_69,okay,641.3,641.9,D:\NCKH_DATATEAM\dataset\E-DAIC\684_P\684_AUDIO.wav,Participant
684_P,684,684_70,have you noticed any changes in your behavior,646.7,648.4,D:\NCKH_DATATEAM\dataset\E-DAIC\684_P\684_AUDIO.wav,Ellie
684_P,684,684_71,not since,658.3,660.0,D:\NCKH_DATATEAM\dataset\E-DAIC\684_P\684_AUDIO.wav,Participant
684_P,684,684_72,since yesterday I'm pretty consistent,661.5,663.1,D:\NCKH_DATATEAM\dataset\E-DAIC\684_P\684_AUDIO.wav,Ellie
684_P,684,684_73,no it's been pretty consistent,668.5,669.7,D:\NCKH_DATATEAM\dataset\E-DAIC\684_P\684_AUDIO.wav,Participant
684_P,684,684_74,I don't fall asleep I don't wake you up late,683.9,687.8,D:\NCKH_DATATEAM\dataset\E-DAIC\684_P\684_AUDIO.wav,Ellie
684_P,684,684_75,what are you like,691.0,691.8,D:\NCKH_DATATEAM\dataset\E-DAIC\684_P\684_AUDIO.wav,Participant
684_P,684,684_76,crocodile sleep during the day,695.1,696.8,D:\NCKH_DATATEAM\dataset\E-DAIC\684_P\684_AUDIO.wav,Ellie
684_P,684,684_77,learn more depressed,699.7,701.2,D:\NCKH_DATATEAM\dataset\E-DAIC\684_P\684_AUDIO.wav,Participant
684_P,684,684_78,a little more negative,702.0,703.7,D:\NCKH_DATATEAM\dataset\E-DAIC\684_P\684_AUDIO.wav,Ellie
684_P,684,684_79,not angry negative sorrow night not so not so negative,704.7,709.3,D:\NCKH_DATATEAM\dataset\E-DAIC\684_P\684_AUDIO.wav,Participant
684_P,684,684_80,2 *,710.6,711.6,D:\NCKH_DATATEAM\dataset\E-DAIC\684_P\684_AUDIO.wav,Ellie
684_P,684,684_81,Hey Big Bird kind of negative,713.0,715.7,D:\NCKH_DATATEAM\dataset\E-DAIC\684_P\684_AUDIO.wav,Participant
684_P,684,684_82,yeah,725.5,725.9,D:\NCKH_DATATEAM\dataset\E-DAIC\684_P\684_AUDIO.wav,Ellie
684_P,684,684_83,how long ago were,730.0,731.0,D:\NCKH_DATATEAM\dataset\E-DAIC\684_P\684_AUDIO.wav,Participant
684_P,684,684_84,from the psychiatrist maybe a few weeks ago,739.4,743.4,D:\NCKH_DATATEAM\dataset\E-DAIC\684_P\684_AUDIO.wav,Ellie
684_P,684,684_85,I want to,746.8,747.5,D:\NCKH_DATATEAM\dataset\E-DAIC\684_P\684_AUDIO.wav,Participant
684_P,684,684_86,Snappy,762.4,763.1,D:\NCKH_DATATEAM\dataset\E-DAIC\684_P\684_AUDIO.wav,Ellie
684_P,684,684_87,Ivan,775.2,775.9,D:\NCKH_DATATEAM\dataset\E-DAIC\684_P\684_AUDIO.wav,Participant
684_P,684,684_88,I I turn it into jokes,777.5,779.6,D:\NCKH_DATATEAM\dataset\E-DAIC\684_P\684_AUDIO.wav,Ellie
684_P,684,684_89,arai tour,784.4,785.8,D:\NCKH_DATATEAM\dataset\E-DAIC\684_P\684_AUDIO.wav,Participant
684_P,684,684_90,so I meditate I forgot that I've been so sorry. Meditation again and,789.0,795.5,D:\NCKH_DATATEAM\dataset\E-DAIC\684_P\684_AUDIO.wav,Ellie
684_P,684,684_91,it's only been helping it's still doctors aren't really listening which is really frustrating especially since I'm on medication and it's really messing with me because I'm on I should be on different medication while I'm on now the medication to have me on is messing with my mood,797.1,817.9,D:\NCKH_DATATEAM\dataset\E-DAIC\684_P\684_AUDIO.wav,Participant
684_P,684,684_92,it's just it's a whole big mix-up and,818.9,823.1,D:\NCKH_DATATEAM\dataset\E-DAIC\684_P\684_AUDIO.wav,Ellie
684_P,684,684_93,I need to be more assertive,825.3,826.5,D:\NCKH_DATATEAM\dataset\E-DAIC\684_P\684_AUDIO.wav,Participant
684_P,684,684_94,and I'm trying to not be so aggressive and assertive but just to be with another hey this is what needs to happen,828.0,837.0,D:\NCKH_DATATEAM\dataset\E-DAIC\684_P\684_AUDIO.wav,Ellie
684_P,684,684_95,can you repeat the question,845.5,846.4,D:\NCKH_DATATEAM\dataset\E-DAIC\684_P\684_AUDIO.wav,Participant
684_P,684,684_96,"or, to seek help",848.5,849.7,D:\NCKH_DATATEAM\dataset\E-DAIC\684_P\684_AUDIO.wav,Ellie
684_P,684,684_97,well I was on as I was going through a spiritual journey and my mom didn't like it,852.8,860.2,D:\NCKH_DATATEAM\dataset\E-DAIC\684_P\684_AUDIO.wav,Participant
684_P,684,684_98,you still got to say,868.0,868.9,D:\NCKH_DATATEAM\dataset\E-DAIC\684_P\684_AUDIO.wav,Ellie
684_P,684,684_99,yes,871.9,872.5,D:\NCKH_DATATEAM\dataset\E-DAIC\684_P\684_AUDIO.wav,Participant
684_P,684,684_100,you feel therapy is useful,879.7,881.5,D:\NCKH_DATATEAM\dataset\E-DAIC\684_P\684_AUDIO.wav,Ellie
684_P,684,684_101,yeah highly,888.6,890.3,D:\NCKH_DATATEAM\dataset\E-DAIC\684_P\684_AUDIO.wav,Participant
684_P,684,684_102,well,900.8,901.3,D:\NCKH_DATATEAM\dataset\E-DAIC\684_P\684_AUDIO.wav,Ellie
684_P,684,684_103,I'm able to,904.4,905.3,D:\NCKH_DATATEAM\dataset\E-DAIC\684_P\684_AUDIO.wav,Participant
684_P,684,684_104,I'm able to,910.5,911.4,D:\NCKH_DATATEAM\dataset\E-DAIC\684_P\684_AUDIO.wav,Ellie
684_P,684,684_105,get more to the bottom of things I'm able to understand myself a little bit better me to understand the issues of things better,913.2,922.2,D:\NCKH_DATATEAM\dataset\E-DAIC\684_P\684_AUDIO.wav,Participant
684_P,684,684_106,really happy last time I felt really happy is,936.3,940.3,D:\NCKH_DATATEAM\dataset\E-DAIC\684_P\684_AUDIO.wav,Ellie
684_P,684,684_107,tonight that I stayed up for,943.5,946.2,D:\NCKH_DATATEAM\dataset\E-DAIC\684_P\684_AUDIO.wav,Participant
684_P,684,684_108,last ate up without taking my meds and I danced I've climbing trees,947.5,954.5,D:\NCKH_DATATEAM\dataset\E-DAIC\684_P\684_AUDIO.wav,Ellie
684_P,684,684_109,I was just I had a good 24 hours,955.9,958.5,D:\NCKH_DATATEAM\dataset\E-DAIC\684_P\684_AUDIO.wav,Participant
684_P,684,684_110,real or not real,970.8,972.1,D:\NCKH_DATATEAM\dataset\E-DAIC\684_P\684_AUDIO.wav,Ellie
684_P,684,684_111,I don't know,995.1,995.8,D:\NCKH_DATATEAM\dataset\E-DAIC\684_P\684_AUDIO.wav,Participant
684_P,684,684_112,tell me about something you did,999.1,1000.4,D:\NCKH_DATATEAM\dataset\E-DAIC\684_P\684_AUDIO.wav,Ellie
684_P,684,684_113,yoga meditation,1005.3,1006.9,D:\NCKH_DATATEAM\dataset\E-DAIC\684_P\684_AUDIO.wav,Participant
684_P,684,684_114,ride my bike,1010.0,1010.6,D:\NCKH_DATATEAM\dataset\E-DAIC\684_P\684_AUDIO.wav,Ellie
684_P,684,684_115,nothing,1028.9,1029.6,D:\NCKH_DATATEAM\dataset\E-DAIC\684_P\684_AUDIO.wav,Participant
684_P,684,684_116,I think I've asked,1033.6,1034.4,D:\NCKH_DATATEAM\dataset\E-DAIC\684_P\684_AUDIO.wav,Ellie
684_P,684,684_117,thanks for sharing your thoughts,1035.8,1036.9,D:\NCKH_DATATEAM\dataset\E-DAIC\684_P\684_AUDIO.wav,Participant
684_P,684,684_118,Define,1040.0,1040.6,D:\NCKH_DATATEAM\dataset\E-DAIC\684_P\684_AUDIO.wav,Ellie
684_P,684,684_119,are ashy motion effective,1062.0,1064.6,D:\NCKH_DATATEAM\dataset\E-DAIC\684_P\684_AUDIO.wav,Participant
684_P,684,684_120,what's lean,1065.2,1066.2,D:\NCKH_DATATEAM\dataset\E-DAIC\684_P\684_AUDIO.wav,Ellie
684_P,684,684_121,if I,1067.0,1067.5,D:\NCKH_DATATEAM\dataset\E-DAIC\684_P\684_AUDIO.wav,Participant
687_P,687,687_0,I'm on my ring 2 doorbell,1.0,2.4,D:\NCKH_DATATEAM\dataset\E-DAIC\687_P\687_AUDIO.wav,Ellie
687_P,687,687_1,okay,11.9,12.6,D:\NCKH_DATATEAM\dataset\E-DAIC\687_P\687_AUDIO.wav,Participant
687_P,687,687_2,thank you,38.5,39.2,D:\NCKH_DATATEAM\dataset\E-DAIC\687_P\687_AUDIO.wav,Ellie
687_P,687,687_3,yes,66.3,66.9,D:\NCKH_DATATEAM\dataset\E-DAIC\687_P\687_AUDIO.wav,Participant
687_P,687,687_4,okay,70.0,70.6,D:\NCKH_DATATEAM\dataset\E-DAIC\687_P\687_AUDIO.wav,Ellie
687_P,687,687_5,I'm doing great,75.7,76.5,D:\NCKH_DATATEAM\dataset\E-DAIC\687_P\687_AUDIO.wav,Participant
687_P,687,687_6,where are you from,83.1,83.8,D:\NCKH_DATATEAM\dataset\E-DAIC\687_P\687_AUDIO.wav,Ellie
687_P,687,687_7,Guam,85.9,86.5,D:\NCKH_DATATEAM\dataset\E-DAIC\687_P\687_AUDIO.wav,Participant
687_P,687,687_8,the lifestyle,93.2,95.7,D:\NCKH_DATATEAM\dataset\E-DAIC\687_P\687_AUDIO.wav,Ellie
687_P,687,687_9,the lifestyle,102.1,103.0,D:\NCKH_DATATEAM\dataset\E-DAIC\687_P\687_AUDIO.wav,Participant
687_P,687,687_10,you travel a lot sometimes,111.1,113.2,D:\NCKH_DATATEAM\dataset\E-DAIC\687_P\687_AUDIO.wav,Ellie
687_P,687,687_11,when I went to Korea,120.8,121.8,D:\NCKH_DATATEAM\dataset\E-DAIC\687_P\687_AUDIO.wav,Participant
687_P,687,687_12,being on the DMZ,128.4,129.4,D:\NCKH_DATATEAM\dataset\E-DAIC\687_P\687_AUDIO.wav,Ellie
687_P,687,687_13,addiction behavior and I'm drug intervention,136.5,139.6,D:\NCKH_DATATEAM\dataset\E-DAIC\687_P\687_AUDIO.wav,Participant
687_P,687,687_14,I'm still in school,145.0,145.9,D:\NCKH_DATATEAM\dataset\E-DAIC\687_P\687_AUDIO.wav,Ellie
687_P,687,687_15,I'm not sure,156.4,157.1,D:\NCKH_DATATEAM\dataset\E-DAIC\687_P\687_AUDIO.wav,Participant
687_P,687,687_16,Shia times,167.0,168.5,D:\NCKH_DATATEAM\dataset\E-DAIC\687_P\687_AUDIO.wav,Ellie
687_P,687,687_17,outgoing as time goes on,170.0,171.6,D:\NCKH_DATATEAM\dataset\E-DAIC\687_P\687_AUDIO.wav,Participant
687_P,687,687_18,tell me about your relationship with your family,175.5,177.8,D:\NCKH_DATATEAM\dataset\E-DAIC\687_P\687_AUDIO.wav,Ellie
687_P,687,687_19,dysfunctional,182.2,183.2,D:\NCKH_DATATEAM\dataset\E-DAIC\687_P\687_AUDIO.wav,Participant
687_P,687,687_20,sometimes when I'm feeling 10 I turn on the fish tank screensaver hey I know it's not Hawaii but it's the best I've got,187.7,195.8,D:\NCKH_DATATEAM\dataset\E-DAIC\687_P\687_AUDIO.wav,Ellie
687_P,687,687_21,what do you do,197.3,198.0,D:\NCKH_DATATEAM\dataset\E-DAIC\687_P\687_AUDIO.wav,Participant
687_P,687,687_22,pray,200.1,200.7,D:\NCKH_DATATEAM\dataset\E-DAIC\687_P\687_AUDIO.wav,Ellie
687_P,687,687_23,much better,207.0,207.7,D:\NCKH_DATATEAM\dataset\E-DAIC\687_P\687_AUDIO.wav,Participant
687_P,687,687_24,I try not to argue anymore the last sign have to be,217.2,221.7,D:\NCKH_DATATEAM\dataset\E-DAIC\687_P\687_AUDIO.wav,Ellie
687_P,687,687_25,3 weeks ago,223.5,224.4,D:\NCKH_DATATEAM\dataset\E-DAIC\687_P\687_AUDIO.wav,Participant
687_P,687,687_26,I didn't agree with their behavior,225.4,228.4,D:\NCKH_DATATEAM\dataset\E-DAIC\687_P\687_AUDIO.wav,Ellie
687_P,687,687_27,my divorce,247.6,248.3,D:\NCKH_DATATEAM\dataset\E-DAIC\687_P\687_AUDIO.wav,Participant
687_P,687,687_28,I wish I would have handled differently,251.6,253.1,D:\NCKH_DATATEAM\dataset\E-DAIC\687_P\687_AUDIO.wav,Ellie
687_P,687,687_29,my divorce,256.9,257.6,D:\NCKH_DATATEAM\dataset\E-DAIC\687_P\687_AUDIO.wav,Participant
687_P,687,687_30,not sure about that one,270.1,271.6,D:\NCKH_DATATEAM\dataset\E-DAIC\687_P\687_AUDIO.wav,Ellie
687_P,687,687_31,I got my divorce,273.8,274.7,D:\NCKH_DATATEAM\dataset\E-DAIC\687_P\687_AUDIO.wav,Participant
687_P,687,687_32,my childhood,285.5,286.4,D:\NCKH_DATATEAM\dataset\E-DAIC\687_P\687_AUDIO.wav,Ellie
687_P,687,687_33,the way I was raised,290.8,292.1,D:\NCKH_DATATEAM\dataset\E-DAIC\687_P\687_AUDIO.wav,Participant
687_P,687,687_34,yes,296.0,297.4,D:\NCKH_DATATEAM\dataset\E-DAIC\687_P\687_AUDIO.wav,Ellie
687_P,687,687_35,18,302.9,303.6,D:\NCKH_DATATEAM\dataset\E-DAIC\687_P\687_AUDIO.wav,Participant
687_P,687,687_36,to get away from home,311.3,312.4,D:\NCKH_DATATEAM\dataset\E-DAIC\687_P\687_AUDIO.wav,Ellie
687_P,687,687_37,are you happy,316.1,316.8,D:\NCKH_DATATEAM\dataset\E-DAIC\687_P\687_AUDIO.wav,Participant
687_P,687,687_38,yes,318.0,318.5,D:\NCKH_DATATEAM\dataset\E-DAIC\687_P\687_AUDIO.wav,Ellie
687_P,687,687_39,no,327.6,328.0,D:\NCKH_DATATEAM\dataset\E-DAIC\687_P\687_AUDIO.wav,Participant
687_P,687,687_40,okay,332.0,332.6,D:\NCKH_DATATEAM\dataset\E-DAIC\687_P\687_AUDIO.wav,Ellie
687_P,687,687_41,how easy was it for you to go back to civilian life,335.4,337.7,D:\NCKH_DATATEAM\dataset\E-DAIC\687_P\687_AUDIO.wav,Participant
687_P,687,687_42,kind of hard,339.9,340.8,D:\NCKH_DATATEAM\dataset\E-DAIC\687_P\687_AUDIO.wav,Ellie
687_P,687,687_43,wandered around for a few years,351.8,353.3,D:\NCKH_DATATEAM\dataset\E-DAIC\687_P\687_AUDIO.wav,Participant
687_P,687,687_44,did whatever I felt like doing,356.6,357.9,D:\NCKH_DATATEAM\dataset\E-DAIC\687_P\687_AUDIO.wav,Ellie
687_P,687,687_45,how did serving in the military change you,364.2,366.1,D:\NCKH_DATATEAM\dataset\E-DAIC\687_P\687_AUDIO.wav,Participant
687_P,687,687_46,they taught me to be accountable,369.2,370.5,D:\NCKH_DATATEAM\dataset\E-DAIC\687_P\687_AUDIO.wav,Ellie
687_P,687,687_47,taught me compassion,373.2,373.9,D:\NCKH_DATATEAM\dataset\E-DAIC\687_P\687_AUDIO.wav,Participant
687_P,687,687_48,okay,386.3,386.9,D:\NCKH_DATATEAM\dataset\E-DAIC\687_P\687_AUDIO.wav,Ellie
687_P,687,687_49,not too happy not too sad,388.2,389.8,D:\NCKH_DATATEAM\dataset\E-DAIC\687_P\687_AUDIO.wav,Participant
687_P,687,687_50,mediocre,390.7,391.4,D:\NCKH_DATATEAM\dataset\E-DAIC\687_P\687_AUDIO.wav,Ellie
687_P,687,687_51,have you ever,395.9,396.6,D:\NCKH_DATATEAM\dataset\E-DAIC\687_P\687_AUDIO.wav,Participant
687_P,687,687_52,I think I'm starting to get more positive,401.2,404.2,D:\NCKH_DATATEAM\dataset\E-DAIC\687_P\687_AUDIO.wav,Ellie
687_P,687,687_53,tell me more about that,407.4,408.2,D:\NCKH_DATATEAM\dataset\E-DAIC\687_P\687_AUDIO.wav,Participant
687_P,687,687_54,I'm in recovery been in recovery for,409.5,412.4,D:\NCKH_DATATEAM\dataset\E-DAIC\687_P\687_AUDIO.wav,Ellie
687_P,687,687_55,19 months and,413.7,415.4,D:\NCKH_DATATEAM\dataset\E-DAIC\687_P\687_AUDIO.wav,Participant
687_P,687,687_56,it's been a positive influence in my life,416.5,418.8,D:\NCKH_DATATEAM\dataset\E-DAIC\687_P\687_AUDIO.wav,Ellie
687_P,687,687_57,very easy,428.8,429.5,D:\NCKH_DATATEAM\dataset\E-DAIC\687_P\687_AUDIO.wav,Participant
687_P,687,687_58,grouchy,436.2,437.1,D:\NCKH_DATATEAM\dataset\E-DAIC\687_P\687_AUDIO.wav,Ellie
687_P,687,687_59,not very nice,439.7,440.4,D:\NCKH_DATATEAM\dataset\E-DAIC\687_P\687_AUDIO.wav,Participant
687_P,687,687_60,yes,449.3,449.8,D:\NCKH_DATATEAM\dataset\E-DAIC\687_P\687_AUDIO.wav,Ellie
687_P,687,687_61,how long is,453.3,453.9,D:\NCKH_DATATEAM\dataset\E-DAIC\687_P\687_AUDIO.wav,Participant
687_P,687,687_62,about 2 years ago,456.2,457.3,D:\NCKH_DATATEAM\dataset\E-DAIC\687_P\687_AUDIO.wav,Ellie
687_P,687,687_63,I don't like crowds,464.0,466.4,D:\NCKH_DATATEAM\dataset\E-DAIC\687_P\687_AUDIO.wav,Participant
687_P,687,687_64,loud noises are people being behind me,467.9,472.5,D:\NCKH_DATATEAM\dataset\E-DAIC\687_P\687_AUDIO.wav,Ellie
687_P,687,687_65,almost a general fear of people,474.3,476.7,D:\NCKH_DATATEAM\dataset\E-DAIC\687_P\687_AUDIO.wav,Participant
687_P,687,687_66,when I don't know what their intentions are,478.1,479.9,D:\NCKH_DATATEAM\dataset\E-DAIC\687_P\687_AUDIO.wav,Ellie
687_P,687,687_67,maybe their actions or movements,488.4,489.9,D:\NCKH_DATATEAM\dataset\E-DAIC\687_P\687_AUDIO.wav,Participant
687_P,687,687_68,maybe we sometimes what they say,493.3,495.0,D:\NCKH_DATATEAM\dataset\E-DAIC\687_P\687_AUDIO.wav,Ellie
687_P,687,687_69,can you tell me about that,499.3,500.3,D:\NCKH_DATATEAM\dataset\E-DAIC\687_P\687_AUDIO.wav,Participant
687_P,687,687_70,growing up I started in gangs at about 13,504.4,509.0,D:\NCKH_DATATEAM\dataset\E-DAIC\687_P\687_AUDIO.wav,Ellie
687_P,687,687_71,and I seen a lot of bad things happen and since I didn't have a great childhood I was never home I was more in the street sent home so I'm,510.0,519.0,D:\NCKH_DATATEAM\dataset\E-DAIC\687_P\687_AUDIO.wav,Participant
687_P,687,687_72,I seen some things that kids shouldn't have been exposed to and therefore I got involved with some things kids should have been involved in,521.0,529.8,D:\NCKH_DATATEAM\dataset\E-DAIC\687_P\687_AUDIO.wav,Ellie
687_P,687,687_73,that's something I regret also,531.5,533.2,D:\NCKH_DATATEAM\dataset\E-DAIC\687_P\687_AUDIO.wav,Participant
687_P,687,687_74,can't believe one peanut sauce,537.5,539.0,D:\NCKH_DATATEAM\dataset\E-DAIC\687_P\687_AUDIO.wav,Ellie
687_P,687,687_75,prayer,543.0,543.6,D:\NCKH_DATATEAM\dataset\E-DAIC\687_P\687_AUDIO.wav,Participant
687_P,687,687_76,a lot of prayer,545.6,546.6,D:\NCKH_DATATEAM\dataset\E-DAIC\687_P\687_AUDIO.wav,Ellie
687_P,687,687_77,since I've been in recovery,553.8,555.1,D:\NCKH_DATATEAM\dataset\E-DAIC\687_P\687_AUDIO.wav,Participant
687_P,687,687_78,I found what some people call her higher power I believe in God,556.7,560.3,D:\NCKH_DATATEAM\dataset\E-DAIC\687_P\687_AUDIO.wav,Ellie
687_P,687,687_79,growing up I really didn't believe there was a god,563.3,566.4,D:\NCKH_DATATEAM\dataset\E-DAIC\687_P\687_AUDIO.wav,Participant
687_P,687,687_80,not by what I experienced in when I went through,567.9,570.8,D:\NCKH_DATATEAM\dataset\E-DAIC\687_P\687_AUDIO.wav,Ellie
687_P,687,687_81,can't believe won't be in this honest with a character,571.6,574.3,D:\NCKH_DATATEAM\dataset\E-DAIC\687_P\687_AUDIO.wav,Participant
687_P,687,687_82,it's brought me peace,577.8,579.4,D:\NCKH_DATATEAM\dataset\E-DAIC\687_P\687_AUDIO.wav,Ellie
687_P,687,687_83,piece of my life something I needed very much and I enjoy,580.7,585.3,D:\NCKH_DATATEAM\dataset\E-DAIC\687_P\687_AUDIO.wav,Participant
687_P,687,687_84,I can't take it no more I was tired of being locked up going in and out of jails prisons,593.4,600.8,D:\NCKH_DATATEAM\dataset\E-DAIC\687_P\687_AUDIO.wav,Ellie
687_P,687,687_85,I've been arrested so many times I lost count,602.2,604.1,D:\NCKH_DATATEAM\dataset\E-DAIC\687_P\687_AUDIO.wav,Participant
687_P,687,687_86,the lifestyle that's why I meant about the lifestyle being in LA,607.1,610.7,D:\NCKH_DATATEAM\dataset\E-DAIC\687_P\687_AUDIO.wav,Ellie
687_P,687,687_87,it worried down if you don't die first so,614.1,619.3,D:\NCKH_DATATEAM\dataset\E-DAIC\687_P\687_AUDIO.wav,Participant
687_P,687,687_88,I got tired of living that way,621.5,623.1,D:\NCKH_DATATEAM\dataset\E-DAIC\687_P\687_AUDIO.wav,Ellie
687_P,687,687_89,y'alls becoming-animal at times and,624.9,628.0,D:\NCKH_DATATEAM\dataset\E-DAIC\687_P\687_AUDIO.wav,Participant
687_P,687,687_90,you become less than a human being,629.3,630.9,D:\NCKH_DATATEAM\dataset\E-DAIC\687_P\687_AUDIO.wav,Ellie
687_P,687,687_91,it's no way to live life,632.2,633.1,D:\NCKH_DATATEAM\dataset\E-DAIC\687_P\687_AUDIO.wav,Participant
687_P,687,687_92,it has its moments,639.0,639.8,D:\NCKH_DATATEAM\dataset\E-DAIC\687_P\687_AUDIO.wav,Ellie
687_P,687,687_93,yes everyday,645.9,646.9,D:\NCKH_DATATEAM\dataset\E-DAIC\687_P\687_AUDIO.wav,Participant
687_P,687,687_94,except Saturday and Sunday,649.7,651.1,D:\NCKH_DATATEAM\dataset\E-DAIC\687_P\687_AUDIO.wav,Ellie
687_P,687,687_95,you feel better,659.0,659.8,D:\NCKH_DATATEAM\dataset\E-DAIC\687_P\687_AUDIO.wav,Participant
687_P,687,687_96,all very useful,661.5,662.8,D:\NCKH_DATATEAM\dataset\E-DAIC\687_P\687_AUDIO.wav,Ellie
687_P,687,687_97,gives you away Tom,664.0,665.6,D:\NCKH_DATATEAM\dataset\E-DAIC\687_P\687_AUDIO.wav,Participant
687_P,687,687_98,figure out your feelings your thought process,667.3,669.6,D:\NCKH_DATATEAM\dataset\E-DAIC\687_P\687_AUDIO.wav,Ellie
687_P,687,687_99,Channel your emotions it actually,671.6,674.4,D:\NCKH_DATATEAM\dataset\E-DAIC\687_P\687_AUDIO.wav,Participant
687_P,687,687_100,how to teach you how to deal with your emotions and,676.1,678.5,D:\NCKH_DATATEAM\dataset\E-DAIC\687_P\687_AUDIO.wav,Ellie
687_P,687,687_101,can make you aware of what brings out certain emotions,680.6,684.0,D:\NCKH_DATATEAM\dataset\E-DAIC\687_P\687_AUDIO.wav,Participant
687_P,687,687_102,sharp pain in certain anger issues,686.2,689.3,D:\NCKH_DATATEAM\dataset\E-DAIC\687_P\687_AUDIO.wav,Ellie
687_P,687,687_103,things that you weren't generally talk about,692.2,694.1,D:\NCKH_DATATEAM\dataset\E-DAIC\687_P\687_AUDIO.wav,Participant
687_P,687,687_104,"just like I'm here talking to you right now normally I would never do something like this in fact I'm, Mase I'm doing right now",695.0,701.5,D:\NCKH_DATATEAM\dataset\E-DAIC\687_P\687_AUDIO.wav,Ellie
687_P,687,687_105,I generally don't trust people so here I am talking to a virtual person I know somebody on their side who I have no idea who you are and,710.5,719.6,D:\NCKH_DATATEAM\dataset\E-DAIC\687_P\687_AUDIO.wav,Participant
687_P,687,687_106,before this would never happen I wouldn't I wouldn't be as open as I am now cuz I honestly believe it's none of your business and anything I had to say you could only use against me but now I'm running recovery have nothing to hide I'm not proud of things I've done,721.3,740.4,D:\NCKH_DATATEAM\dataset\E-DAIC\687_P\687_AUDIO.wav,Ellie
687_P,687,687_107,I've learned to accept them because I can't change them,741.7,744.4,D:\NCKH_DATATEAM\dataset\E-DAIC\687_P\687_AUDIO.wav,Participant
687_P,687,687_108,for the mistakes I've made I'm learning to be a better person,746.5,750.3,D:\NCKH_DATATEAM\dataset\E-DAIC\687_P\687_AUDIO.wav,Ellie
687_P,687,687_109,in some ways I think it's made me a better person and people who haven't been through what I've been through because they have less compassion I can feel more empathy for others and compassion for others because of what I've been through compared to someone who has it,752.1,769.5,D:\NCKH_DATATEAM\dataset\E-DAIC\687_P\687_AUDIO.wav,Participant
687_P,687,687_110,I stay out of trouble,779.0,780.9,D:\NCKH_DATATEAM\dataset\E-DAIC\687_P\687_AUDIO.wav,Ellie
687_P,687,687_111,I'm more trusting cuz right now this is really just is it really messing with my head seen her talking to you,784.1,794.1,D:\NCKH_DATATEAM\dataset\E-DAIC\687_P\687_AUDIO.wav,Participant
687_P,687,687_112,this is really a trip I'm peaceful I don't have my anger issues no more no hostilities no,797.9,808.5,D:\NCKH_DATATEAM\dataset\E-DAIC\687_P\687_AUDIO.wav,Ellie
687_P,687,687_113,no more dreams,810.4,811.5,D:\NCKH_DATATEAM\dataset\E-DAIC\687_P\687_AUDIO.wav,Participant
687_P,687,687_114,last time I talked to my son,827.3,828.7,D:\NCKH_DATATEAM\dataset\E-DAIC\687_P\687_AUDIO.wav,Ellie
687_P,687,687_115,about a week ago,830.1,831.6,D:\NCKH_DATATEAM\dataset\E-DAIC\687_P\687_AUDIO.wav,Participant
687_P,687,687_116,that brought me a lot of joy,832.8,834.0,D:\NCKH_DATATEAM\dataset\E-DAIC\687_P\687_AUDIO.wav,Ellie
687_P,687,687_117,fifth grade,838.2,839.1,D:\NCKH_DATATEAM\dataset\E-DAIC\687_P\687_AUDIO.wav,Participant
687_P,687,687_118,so my counselors also some of the people that I've been in therapy with all of us are,847.8,855.3,D:\NCKH_DATATEAM\dataset\E-DAIC\687_P\687_AUDIO.wav,Ellie
687_P,687,687_119,veterans Raikou therapy so a lot of us have been through some really traumatic events and,856.3,863.3,D:\NCKH_DATATEAM\dataset\E-DAIC\687_P\687_AUDIO.wav,Participant
687_P,687,687_120,some of us are really overcome me some,864.7,867.2,D:\NCKH_DATATEAM\dataset\E-DAIC\687_P\687_AUDIO.wav,Ellie
687_P,687,687_121,deep issues in a positive way which is on,868.1,873.0,D:\NCKH_DATATEAM\dataset\E-DAIC\687_P\687_AUDIO.wav,Participant
687_P,687,687_122,it's really,875.7,876.9,D:\NCKH_DATATEAM\dataset\E-DAIC\687_P\687_AUDIO.wav,Ellie
687_P,687,687_123,how my best friend describe me,878.4,880.0,D:\NCKH_DATATEAM\dataset\E-DAIC\687_P\687_AUDIO.wav,Participant
687_P,687,687_124,my best friend hasn't seen me since I've been in recovery so,882.7,886.5,D:\NCKH_DATATEAM\dataset\E-DAIC\687_P\687_AUDIO.wav,Ellie
687_P,687,687_125,he described me as being loyal,887.9,890.2,D:\NCKH_DATATEAM\dataset\E-DAIC\687_P\687_AUDIO.wav,Participant
687_P,687,687_126,honest straight up,891.8,893.2,D:\NCKH_DATATEAM\dataset\E-DAIC\687_P\687_AUDIO.wav,Ellie
687_P,687,687_127,but I,894.7,895.2,D:\NCKH_DATATEAM\dataset\E-DAIC\687_P\687_AUDIO.wav,Participant
687_P,687,687_128,volatile,896.5,897.3,D:\NCKH_DATATEAM\dataset\E-DAIC\687_P\687_AUDIO.wav,Ellie
687_P,687,687_129,wouldn't take nothing for nobody no Flack,899.9,904.3,D:\NCKH_DATATEAM\dataset\E-DAIC\687_P\687_AUDIO.wav,Participant
687_P,687,687_130,but a good person to have on your side always loyal,906.6,909.5,D:\NCKH_DATATEAM\dataset\E-DAIC\687_P\687_AUDIO.wav,Ellie
687_P,687,687_131,get some for my roommate he's dying of a disease where his brain is deteriorating slowly he's only 30 years old and I'm,923.2,932.2,D:\NCKH_DATATEAM\dataset\E-DAIC\687_P\687_AUDIO.wav,Participant
687_P,687,687_132,he inspires me because he's got such courage everyday he's always in a good mood even though he's suffering from Life suffering you would never know so he inspires me so a Time song,934.0,947.2,D:\NCKH_DATATEAM\dataset\E-DAIC\687_P\687_AUDIO.wav,Ellie
687_P,687,687_133,I tend to feel like I'm,948.5,950.1,D:\NCKH_DATATEAM\dataset\E-DAIC\687_P\687_AUDIO.wav,Participant
687_P,687,687_134,I want to give him something back. He gives me so much everyday so sometimes I'll go out and I'll buy us a couple steaks or am I know he loves cheesecake it's all gone game cheesecake because at 30 years old to be suffering from the disease face suffering from where his brain is deteriorating slowly so he's losing all muscle control is starting to lose his eyesight this is like a slow killer which will progress and speed I guess as time goes on but he doesn't last long down and he's always good people now.,951.1,989.8,D:\NCKH_DATATEAM\dataset\E-DAIC\687_P\687_AUDIO.wav,Ellie
687_P,687,687_135,that inspires me to be a better person so I have nothing but respect and love for him so in turn,991.2,997.2,D:\NCKH_DATATEAM\dataset\E-DAIC\687_P\687_AUDIO.wav,Participant
687_P,687,687_136,I try to do whatever I can for him,998.1,999.7,D:\NCKH_DATATEAM\dataset\E-DAIC\687_P\687_AUDIO.wav,Ellie
687_P,687,687_137,sometimes when our vets are trying to push him around us or white stand up for him cuz I don't believe now he's a little guy so I don't believe in no way push around other guys,1001.4,1012.6,D:\NCKH_DATATEAM\dataset\E-DAIC\687_P\687_AUDIO.wav,Participant
687_P,687,687_138,thank you,1018.5,1019.2,D:\NCKH_DATATEAM\dataset\E-DAIC\687_P\687_AUDIO.wav,Ellie
687_P,687,687_139,Asiana accomplishing that you not really,1024.2,1026.5,D:\NCKH_DATATEAM\dataset\E-DAIC\687_P\687_AUDIO.wav,Participant
687_P,687,687_140,that proud of you,1027.8,1028.8,D:\NCKH_DATATEAM\dataset\E-DAIC\687_P\687_AUDIO.wav,Ellie
687_P,687,687_141,I'm working towards that but I,1030.3,1032.2,D:\NCKH_DATATEAM\dataset\E-DAIC\687_P\687_AUDIO.wav,Participant
687_P,687,687_142,Aussie everything I've done so far I feel like a,1035.2,1037.4,D:\NCKH_DATATEAM\dataset\E-DAIC\687_P\687_AUDIO.wav,Ellie
687_P,687,687_143,it's nothing really I should claim as being proud of you know even my changes I made it's just a part of all being a decent human being as far as,1039.3,1050.5,D:\NCKH_DATATEAM\dataset\E-DAIC\687_P\687_AUDIO.wav,Participant
687_P,687,687_144,actually doing something that I feel like it clean and proud of,1051.5,1055.3,D:\NCKH_DATATEAM\dataset\E-DAIC\687_P\687_AUDIO.wav,Ellie
687_P,687,687_145,I haven't reached a plateau yet I hope to that one day,1058.7,1061.4,D:\NCKH_DATATEAM\dataset\E-DAIC\687_P\687_AUDIO.wav,Participant
687_P,687,687_146,thanks it's been interesting,1069.8,1070.9,D:\NCKH_DATATEAM\dataset\E-DAIC\687_P\687_AUDIO.wav,Ellie
687_P,687,687_147,goodbye,1076.2,1076.7,D:\NCKH_DATATEAM\dataset\E-DAIC\687_P\687_AUDIO.wav,Participant
687_P,687,687_148,like your outfit,1094.9,1095.9,D:\NCKH_DATATEAM\dataset\E-DAIC\687_P\687_AUDIO.wav,Ellie
687_P,687,687_149,stop the recording and you can take that number off of your shirt,1102.6,1106.1,D:\NCKH_DATATEAM\dataset\E-DAIC\687_P\687_AUDIO.wav,Participant
687_P,687,687_150,and then the next step after this is,1.0,1111.7,D:\NCKH_DATATEAM\dataset\E-DAIC\687_P\687_AUDIO.wav,Ellie
688_P,688,688_0,hi I'm Ellie,27.4,28.8,D:\NCKH_DATATEAM\dataset\E-DAIC\688_P\688_AUDIO.wav,Ellie
688_P,688,688_1,I'm pleased,42.4,43.2,D:\NCKH_DATATEAM\dataset\E-DAIC\688_P\688_AUDIO.wav,Participant
688_P,688,688_2,yes,52.5,53.1,D:\NCKH_DATATEAM\dataset\E-DAIC\688_P\688_AUDIO.wav,Ellie
688_P,688,688_3,I'm doing okay just a little tired,62.9,65.0,D:\NCKH_DATATEAM\dataset\E-DAIC\688_P\688_AUDIO.wav,Participant
688_P,688,688_4,Elektra from Texas,71.9,73.6,D:\NCKH_DATATEAM\dataset\E-DAIC\688_P\688_AUDIO.wav,Ellie
688_P,688,688_5,what's wrong with all my school as a military brat,74.9,77.4,D:\NCKH_DATATEAM\dataset\E-DAIC\688_P\688_AUDIO.wav,Participant
688_P,688,688_6,I realized just like the size of the town I've been through since I got something to do,85.7,91.4,D:\NCKH_DATATEAM\dataset\E-DAIC\688_P\688_AUDIO.wav,Ellie
688_P,688,688_7,just wish I had the energy to get out and do it,92.5,94.4,D:\NCKH_DATATEAM\dataset\E-DAIC\688_P\688_AUDIO.wav,Participant
688_P,688,688_8,traffic,101.2,102.2,D:\NCKH_DATATEAM\dataset\E-DAIC\688_P\688_AUDIO.wav,Ellie
688_P,688,688_9,pollution,103.8,104.8,D:\NCKH_DATATEAM\dataset\E-DAIC\688_P\688_AUDIO.wav,Participant
688_P,688,688_10,excuse me,113.9,114.6,D:\NCKH_DATATEAM\dataset\E-DAIC\688_P\688_AUDIO.wav,Ellie
688_P,688,688_11,oh really remember is not really that great,122.8,127.1,D:\NCKH_DATATEAM\dataset\E-DAIC\688_P\688_AUDIO.wav,Participant
688_P,688,688_12,lately I've been thinking a lot about when I was in Japan as a child,128.9,132.0,D:\NCKH_DATATEAM\dataset\E-DAIC\688_P\688_AUDIO.wav,Ellie
688_P,688,688_13,going up the camera Zuma,133.2,136.7,D:\NCKH_DATATEAM\dataset\E-DAIC\688_P\688_AUDIO.wav,Participant
688_P,688,688_14,started x-ray technology has x-ray technician for a couple years ago I lost my license because of drug addiction,142.5,150.6,D:\NCKH_DATATEAM\dataset\E-DAIC\688_P\688_AUDIO.wav,Ellie
688_P,688,688_15,I'm not retired I really don't do anything,156.2,158.5,D:\NCKH_DATATEAM\dataset\E-DAIC\688_P\688_AUDIO.wav,Participant
688_P,688,688_16,all of my working again but I lose my benefits if I do so with the economy being what it is there's not a whole lot to do,159.8,167.0,D:\NCKH_DATATEAM\dataset\E-DAIC\688_P\688_AUDIO.wav,Ellie
688_P,688,688_17,what's your dream job,174.1,175.2,D:\NCKH_DATATEAM\dataset\E-DAIC\688_P\688_AUDIO.wav,Participant
688_P,688,688_18,I'm sorry,177.0,177.7,D:\NCKH_DATATEAM\dataset\E-DAIC\688_P\688_AUDIO.wav,Ellie
688_P,688,688_19,do you consider yourself more shy or outgoing pretty shy person,182.1,188.0,D:\NCKH_DATATEAM\dataset\E-DAIC\688_P\688_AUDIO.wav,Participant
688_P,688,688_20,find it difficult to make friends lot of trust issues I guess,191.8,195.9,D:\NCKH_DATATEAM\dataset\E-DAIC\688_P\688_AUDIO.wav,Ellie
688_P,688,688_21,I just don't really live,202.7,204.4,D:\NCKH_DATATEAM\dataset\E-DAIC\688_P\688_AUDIO.wav,Participant
688_P,688,688_22,no I guess I Spritz is my past,205.4,208.8,D:\NCKH_DATATEAM\dataset\E-DAIC\688_P\688_AUDIO.wav,Ellie
688_P,688,688_23,really I found was never very close so I can wear military family how much everybody did their own thing and we did all get together for so don't worry. But it was you watching TV,216.1,227.0,D:\NCKH_DATATEAM\dataset\E-DAIC\688_P\688_AUDIO.wav,Participant
688_P,688,688_24,I like to watch a lot of movies,245.3,247.6,D:\NCKH_DATATEAM\dataset\E-DAIC\688_P\688_AUDIO.wav,Ellie
688_P,688,688_25,just stretch out of my recliner,250.5,253.3,D:\NCKH_DATATEAM\dataset\E-DAIC\688_P\688_AUDIO.wav,Participant
688_P,688,688_26,actually I don't really have much of a temper trying to text a lot to set me off as far as getting angry,260.2,266.2,D:\NCKH_DATATEAM\dataset\E-DAIC\688_P\688_AUDIO.wav,Ellie
688_P,688,688_27,so I don't have really have a problem my temper at all,268.7,271.3,D:\NCKH_DATATEAM\dataset\E-DAIC\688_P\688_AUDIO.wav,Participant
688_P,688,688_28,when was the,278.1,278.8,D:\NCKH_DATATEAM\dataset\E-DAIC\688_P\688_AUDIO.wav,Ellie
688_P,688,688_29,wow,284.2,284.6,D:\NCKH_DATATEAM\dataset\E-DAIC\688_P\688_AUDIO.wav,Participant
688_P,688,688_30,all I saw was actually yesterday was just a person stupid we trained put your back back in place,286.8,296.1,D:\NCKH_DATATEAM\dataset\E-DAIC\688_P\688_AUDIO.wav,Ellie
688_P,688,688_31,crack your spine,297.1,297.9,D:\NCKH_DATATEAM\dataset\E-DAIC\688_P\688_AUDIO.wav,Participant
688_P,688,688_32,loja,313.1,313.9,D:\NCKH_DATATEAM\dataset\E-DAIC\688_P\688_AUDIO.wav,Ellie
688_P,688,688_33,my last sunrise of the military has,315.3,317.2,D:\NCKH_DATATEAM\dataset\E-DAIC\688_P\688_AUDIO.wav,Participant
688_P,688,688_34,Taylor Swift really good woman,318.4,320.9,D:\NCKH_DATATEAM\dataset\E-DAIC\688_P\688_AUDIO.wav,Ellie
688_P,688,688_35,I wish I could have had never broke off relations with her if I might take my life would have went a whole different direction,322.4,327.2,D:\NCKH_DATATEAM\dataset\E-DAIC\688_P\688_AUDIO.wav,Participant
688_P,688,688_36,how do I stay with her,328.4,329.7,D:\NCKH_DATATEAM\dataset\E-DAIC\688_P\688_AUDIO.wav,Ellie
688_P,688,688_37,I feel good about the way I broke it off with her over the,337.8,340.6,D:\NCKH_DATATEAM\dataset\E-DAIC\688_P\688_AUDIO.wav,Participant
688_P,688,688_38,I'm going to come all the way out here from Virginia to Texas where I was staying at the time and then drop them off I don't think we have a future together,341.7,350.4,D:\NCKH_DATATEAM\dataset\E-DAIC\688_P\688_AUDIO.wav,Ellie
688_P,688,688_39,tell me about the hardest,357.2,358.5,D:\NCKH_DATATEAM\dataset\E-DAIC\688_P\688_AUDIO.wav,Participant
688_P,688,688_40,I don't know,367.4,368.1,D:\NCKH_DATATEAM\dataset\E-DAIC\688_P\688_AUDIO.wav,Ellie
688_P,688,688_41,I really can't think of any anything I mean,372.2,376.3,D:\NCKH_DATATEAM\dataset\E-DAIC\688_P\688_AUDIO.wav,Participant
688_P,688,688_42,I wish I could resell that time that I was out there doing drugs,389.3,392.7,D:\NCKH_DATATEAM\dataset\E-DAIC\688_P\688_AUDIO.wav,Ellie
688_P,688,688_43,so screwed up my life,393.6,394.9,D:\NCKH_DATATEAM\dataset\E-DAIC\688_P\688_AUDIO.wav,Participant
688_P,688,688_44,wish I never even started,396.6,398.0,D:\NCKH_DATATEAM\dataset\E-DAIC\688_P\688_AUDIO.wav,Ellie
688_P,688,688_45,yeah it's been 11 years in the army,406.5,408.9,D:\NCKH_DATATEAM\dataset\E-DAIC\688_P\688_AUDIO.wav,Participant
688_P,688,688_46,I got down after the whenever doing the draw down after the first Gulf War Desert Storm,410.6,415.9,D:\NCKH_DATATEAM\dataset\E-DAIC\688_P\688_AUDIO.wav,Ellie
688_P,688,688_47,how old were you when you done,419.3,420.3,D:\NCKH_DATATEAM\dataset\E-DAIC\688_P\688_AUDIO.wav,Participant
688_P,688,688_48,I'm sorry I didn't quite understand the question,423.8,426.9,D:\NCKH_DATATEAM\dataset\E-DAIC\688_P\688_AUDIO.wav,Ellie
688_P,688,688_49,I'm a little hard of hearing,429.5,430.7,D:\NCKH_DATATEAM\dataset\E-DAIC\688_P\688_AUDIO.wav,Participant
688_P,688,688_50,I'm sorry I didn't get cash I was talking when you were getting ready to talk,436.1,439.5,D:\NCKH_DATATEAM\dataset\E-DAIC\688_P\688_AUDIO.wav,Ellie
688_P,688,688_51,my thoughts,445.2,446.7,D:\NCKH_DATATEAM\dataset\E-DAIC\688_P\688_AUDIO.wav,Participant
688_P,688,688_52,not really seems like a lot of times it's just feel blank like I'm not really,448.7,455.6,D:\NCKH_DATATEAM\dataset\E-DAIC\688_P\688_AUDIO.wav,Ellie
688_P,688,688_53,thinking about anyting,456.6,457.8,D:\NCKH_DATATEAM\dataset\E-DAIC\688_P\688_AUDIO.wav,Participant
688_P,688,688_54,it's just,458.7,459.5,D:\NCKH_DATATEAM\dataset\E-DAIC\688_P\688_AUDIO.wav,Ellie
688_P,688,688_55,I feel like I'm on autopilot,460.5,461.6,D:\NCKH_DATATEAM\dataset\E-DAIC\688_P\688_AUDIO.wav,Participant
688_P,688,688_56,"no I did I never saw, but I was supposed to deploy you over there but by the time my appointment world around the war was already over",470.4,480.0,D:\NCKH_DATATEAM\dataset\E-DAIC\688_P\688_AUDIO.wav,Ellie
688_P,688,688_57,okay,485.0,485.6,D:\NCKH_DATATEAM\dataset\E-DAIC\688_P\688_AUDIO.wav,Participant
688_P,688,688_58,how easy was it for you to go back to civilian life,488.4,490.7,D:\NCKH_DATATEAM\dataset\E-DAIC\688_P\688_AUDIO.wav,Ellie
688_P,688,688_59,actually was pretty easy I mean I was pretty hard charging already what I want to go to x-ray School get my degree,492.3,499.2,D:\NCKH_DATATEAM\dataset\E-DAIC\688_P\688_AUDIO.wav,Participant
688_P,688,688_60,start start being a first-rate technician which I did,501.7,505.1,D:\NCKH_DATATEAM\dataset\E-DAIC\688_P\688_AUDIO.wav,Ellie
688_P,688,688_61,what kind of a screwed-up I get involved with drugs,506.2,509.4,D:\NCKH_DATATEAM\dataset\E-DAIC\688_P\688_AUDIO.wav,Participant
688_P,688,688_62,welcome back to school full-time I mean I got a severance pay when I got out so I was going to pay my pay my rent up that you yours eyes in school,518.9,528.7,D:\NCKH_DATATEAM\dataset\E-DAIC\688_P\688_AUDIO.wav,Ellie
688_P,688,688_63,and after work and worry about I just looked up my GI Bill,530.0,532.7,D:\NCKH_DATATEAM\dataset\E-DAIC\688_P\688_AUDIO.wav,Participant
688_P,688,688_64,dresses was pretty easy I mean every now and then I'm there once upon a time this time as the comradery,534.6,541.0,D:\NCKH_DATATEAM\dataset\E-DAIC\688_P\688_AUDIO.wav,Ellie
688_P,688,688_65,how did serving in the military change you,547.2,549.1,D:\NCKH_DATATEAM\dataset\E-DAIC\688_P\688_AUDIO.wav,Participant
688_P,688,688_66,well I mean I give you more Focus,551.5,554.0,D:\NCKH_DATATEAM\dataset\E-DAIC\688_P\688_AUDIO.wav,Ellie
688_P,688,688_67,I was,555.7,556.3,D:\NCKH_DATATEAM\dataset\E-DAIC\688_P\688_AUDIO.wav,Participant
688_P,688,688_68,ready to go back to school which is if I could have I could have gone to college right on his high school I just was tired of school when the military kind of,557.6,566.7,D:\NCKH_DATATEAM\dataset\E-DAIC\688_P\688_AUDIO.wav,Ellie
688_P,688,688_69,how many calm down and,567.7,570.0,D:\NCKH_DATATEAM\dataset\E-DAIC\688_P\688_AUDIO.wav,Participant
688_P,688,688_70,do I get my thoughts organized,571.3,573.6,D:\NCKH_DATATEAM\dataset\E-DAIC\688_P\688_AUDIO.wav,Ellie
688_P,688,688_71,basically just got me Focus to go back to school,578.5,581.2,D:\NCKH_DATATEAM\dataset\E-DAIC\688_P\688_AUDIO.wav,Participant
688_P,688,688_72,how did the feeling lately,585.2,586.5,D:\NCKH_DATATEAM\dataset\E-DAIC\688_P\688_AUDIO.wav,Ellie
688_P,688,688_73,how do I feel lately,588.8,590.0,D:\NCKH_DATATEAM\dataset\E-DAIC\688_P\688_AUDIO.wav,Participant
688_P,688,688_74,lately I just,596.8,598.2,D:\NCKH_DATATEAM\dataset\E-DAIC\688_P\688_AUDIO.wav,Ellie
688_P,688,688_75,but a little tired,600.9,603.0,D:\NCKH_DATATEAM\dataset\E-DAIC\688_P\688_AUDIO.wav,Participant
688_P,688,688_76,worn out,603.8,604.5,D:\NCKH_DATATEAM\dataset\E-DAIC\688_P\688_AUDIO.wav,Ellie
688_P,688,688_77,I don't know I just,606.0,607.0,D:\NCKH_DATATEAM\dataset\E-DAIC\688_P\688_AUDIO.wav,Participant
688_P,688,688_78,don't feel like I have any energy to really do anything,608.2,610.4,D:\NCKH_DATATEAM\dataset\E-DAIC\688_P\688_AUDIO.wav,Ellie
688_P,688,688_79,changes are,620.8,622.1,D:\NCKH_DATATEAM\dataset\E-DAIC\688_P\688_AUDIO.wav,Participant
688_P,688,688_80,like I said it's as soon as I can recently,623.5,625.7,D:\NCKH_DATATEAM\dataset\E-DAIC\688_P\688_AUDIO.wav,Ellie
688_P,688,688_81,I just can't get started motivated to do anything,627.1,629.6,D:\NCKH_DATATEAM\dataset\E-DAIC\688_P\688_AUDIO.wav,Participant
688_P,688,688_82,I'm not sure with people I just don't like being around a lot of people lately,634.3,638.2,D:\NCKH_DATATEAM\dataset\E-DAIC\688_P\688_AUDIO.wav,Ellie
688_P,688,688_83,I'm trying to,640.1,640.9,D:\NCKH_DATATEAM\dataset\E-DAIC\688_P\688_AUDIO.wav,Participant
688_P,688,688_84,trying to break out of that but,643.1,644.7,D:\NCKH_DATATEAM\dataset\E-DAIC\688_P\688_AUDIO.wav,Ellie
688_P,688,688_85,it's not always easy but get a little irritated,645.6,648.2,D:\NCKH_DATATEAM\dataset\E-DAIC\688_P\688_AUDIO.wav,Participant
688_P,688,688_86,how easy is it for you to get a good night sleep,655.2,657.2,D:\NCKH_DATATEAM\dataset\E-DAIC\688_P\688_AUDIO.wav,Ellie
688_P,688,688_87,when will I take my Seroquel,658.6,660.5,D:\NCKH_DATATEAM\dataset\E-DAIC\688_P\688_AUDIO.wav,Participant
688_P,688,688_88,was pretty much every night,661.9,663.3,D:\NCKH_DATATEAM\dataset\E-DAIC\688_P\688_AUDIO.wav,Ellie
688_P,688,688_89,I sleep pretty good only get up about once or twice about to use the restroom,665.3,669.9,D:\NCKH_DATATEAM\dataset\E-DAIC\688_P\688_AUDIO.wav,Participant
688_P,688,688_90,but I just said,673.4,674.5,D:\NCKH_DATATEAM\dataset\E-DAIC\688_P\688_AUDIO.wav,Ellie
688_P,688,688_91,I just dragged I don't want to do anything because you just found sleeping in bed asleep in the recliner I just pretty much to my recliner all day and not off.,677.7,689.8,D:\NCKH_DATATEAM\dataset\E-DAIC\688_P\688_AUDIO.wav,Participant
688_P,688,688_92,Yes I was first diagnosed with in the past year with PTSD,700.0,705.0,D:\NCKH_DATATEAM\dataset\E-DAIC\688_P\688_AUDIO.wav,Ellie
688_P,688,688_93,you have been diagnosed with depression for several years now.,714.6,717.7,D:\NCKH_DATATEAM\dataset\E-DAIC\688_P\688_AUDIO.wav,Participant
688_P,688,688_94,Like I said it's I don't know what maybe I'm getting just one medication or what's going on but,720.8,726.4,D:\NCKH_DATATEAM\dataset\E-DAIC\688_P\688_AUDIO.wav,Ellie
688_P,688,688_95,I really wanted to just really been feeling,728.1,730.4,D:\NCKH_DATATEAM\dataset\E-DAIC\688_P\688_AUDIO.wav,Participant
688_P,688,688_96,s town,731.7,732.6,D:\NCKH_DATATEAM\dataset\E-DAIC\688_P\688_AUDIO.wav,Ellie
688_P,688,688_97,where the depression it's been about 3 years through half years,739.3,744.1,D:\NCKH_DATATEAM\dataset\E-DAIC\688_P\688_AUDIO.wav,Participant
688_P,688,688_98,Liza Riverside,745.3,748.1,D:\NCKH_DATATEAM\dataset\E-DAIC\688_P\688_AUDIO.wav,Ellie
688_P,688,688_99,lack of energy sleeplessness,755.0,757.6,D:\NCKH_DATATEAM\dataset\E-DAIC\688_P\688_AUDIO.wav,Participant
688_P,688,688_100,constant worrying,759.8,762.5,D:\NCKH_DATATEAM\dataset\E-DAIC\688_P\688_AUDIO.wav,Ellie
688_P,688,688_101,I'm sorry I didn't understand the question,772.7,774.5,D:\NCKH_DATATEAM\dataset\E-DAIC\688_P\688_AUDIO.wav,Participant
688_P,688,688_102,can you tell me about that,779.3,780.3,D:\NCKH_DATATEAM\dataset\E-DAIC\688_P\688_AUDIO.wav,Ellie
688_P,688,688_103,like I said I just didn't I'm a little hard of hearing and I really didn't catch the question,784.3,789.6,D:\NCKH_DATATEAM\dataset\E-DAIC\688_P\688_AUDIO.wav,Participant
688_P,688,688_104,"all right, Missouri restaurant in my feelings",797.4,802.4,D:\NCKH_DATATEAM\dataset\E-DAIC\688_P\688_AUDIO.wav,Ellie
688_P,688,688_105,I said I just was not a whole lot to do I just deal with them I don't,803.9,809.4,D:\NCKH_DATATEAM\dataset\E-DAIC\688_P\688_AUDIO.wav,Participant
688_P,688,688_106,you know that I have any room coping skills that I use I mean,810.4,814.6,D:\NCKH_DATATEAM\dataset\E-DAIC\688_P\688_AUDIO.wav,Ellie
688_P,688,688_107,I try not to focus on the negatives and stuff like that,816.0,818.8,D:\NCKH_DATATEAM\dataset\E-DAIC\688_P\688_AUDIO.wav,Participant
688_P,688,688_108,but I don't really focus on positives either,821.1,823.6,D:\NCKH_DATATEAM\dataset\E-DAIC\688_P\688_AUDIO.wav,Ellie
688_P,688,688_109,what caused her to seek help Mom has a drug addiction I was living on the streets and finally woke up one day I was just tired of it,833.6,844.1,D:\NCKH_DATATEAM\dataset\E-DAIC\688_P\688_AUDIO.wav,Participant
688_P,688,688_110,end up going to shopping Riverside where I found out that I had VA benefits coming,845.4,852.0,D:\NCKH_DATATEAM\dataset\E-DAIC\688_P\688_AUDIO.wav,Ellie
688_P,688,688_111,when I start getting out,855.5,856.8,D:\NCKH_DATATEAM\dataset\E-DAIC\688_P\688_AUDIO.wav,Participant
688_P,688,688_112,you still go to therapy now,863.3,864.5,D:\NCKH_DATATEAM\dataset\E-DAIC\688_P\688_AUDIO.wav,Ellie
688_P,688,688_113,assume I see a psychiatrist about every 6 days a week so yeah I do,867.2,873.4,D:\NCKH_DATATEAM\dataset\E-DAIC\688_P\688_AUDIO.wav,Participant
688_P,688,688_114,actual reviews of the doctor I've got here in the Long Beach VA,874.9,878.2,D:\NCKH_DATATEAM\dataset\E-DAIC\688_P\688_AUDIO.wav,Ellie
688_P,688,688_115,and she takes time to listen,880.7,882.2,D:\NCKH_DATATEAM\dataset\E-DAIC\688_P\688_AUDIO.wav,Participant
688_P,688,688_116,NFL therapist you swab,894.0,896.1,D:\NCKH_DATATEAM\dataset\E-DAIC\688_P\688_AUDIO.wav,Ellie
688_P,688,688_117,azure,898.7,899.3,D:\NCKH_DATATEAM\dataset\E-DAIC\688_P\688_AUDIO.wav,Participant
688_P,688,688_118,actually sometimes I feel that it is useful,901.8,905.1,D:\NCKH_DATATEAM\dataset\E-DAIC\688_P\688_AUDIO.wav,Ellie
688_P,688,688_119,just nauseous as soon as I get things off my chest,907.6,909.7,D:\NCKH_DATATEAM\dataset\E-DAIC\688_P\688_AUDIO.wav,Participant
688_P,688,688_120,I'm a very good,913.9,914.6,D:\NCKH_DATATEAM\dataset\E-DAIC\688_P\688_AUDIO.wav,Ellie
688_P,688,688_121,I've been going to therapy,923.3,924.3,D:\NCKH_DATATEAM\dataset\E-DAIC\688_P\688_AUDIO.wav,Participant
688_P,688,688_122,understood,925.9,926.7,D:\NCKH_DATATEAM\dataset\E-DAIC\688_P\688_AUDIO.wav,Ellie
688_P,688,688_123,I'm right,930.2,930.8,D:\NCKH_DATATEAM\dataset\E-DAIC\688_P\688_AUDIO.wav,Participant
688_P,688,688_124,I can't remember the last time I felt really happy it's been a,933.5,936.7,D:\NCKH_DATATEAM\dataset\E-DAIC\688_P\688_AUDIO.wav,Ellie
688_P,688,688_125,been ages,938.0,939.0,D:\NCKH_DATATEAM\dataset\E-DAIC\688_P\688_AUDIO.wav,Participant
688_P,688,688_126,that's great,946.2,947.2,D:\NCKH_DATATEAM\dataset\E-DAIC\688_P\688_AUDIO.wav,Ellie
688_P,688,688_127,positive influence in your life,950.2,952.4,D:\NCKH_DATATEAM\dataset\E-DAIC\688_P\688_AUDIO.wav,Participant
688_P,688,688_128,how to close my life is a,955.1,957.4,D:\NCKH_DATATEAM\dataset\E-DAIC\688_P\688_AUDIO.wav,Ellie
688_P,688,688_129,ended up at us vets in here in Long Beach around a concert,959.4,966.1,D:\NCKH_DATATEAM\dataset\E-DAIC\688_P\688_AUDIO.wav,Participant
688_P,688,688_130,couple of guys that were,967.2,968.8,D:\NCKH_DATATEAM\dataset\E-DAIC\688_P\688_AUDIO.wav,Ellie
688_P,688,688_131,what are some Citrus I've been at were pretty straightforward guys and I mean,969.8,973.2,D:\NCKH_DATATEAM\dataset\E-DAIC\688_P\688_AUDIO.wav,Participant
688_P,688,688_132,we've already liked hanging out with,974.3,975.9,D:\NCKH_DATATEAM\dataset\E-DAIC\688_P\688_AUDIO.wav,Ellie
688_P,688,688_133,I don't really have any best friends with most of them,982.4,985.0,D:\NCKH_DATATEAM\dataset\E-DAIC\688_P\688_AUDIO.wav,Participant
688_P,688,688_134,I think I'm pretty funny I mean cuz I,986.4,988.6,D:\NCKH_DATATEAM\dataset\E-DAIC\688_P\688_AUDIO.wav,Ellie
688_P,688,688_135,I got a pretty crude sense of humor,990.0,994.3,D:\NCKH_DATATEAM\dataset\E-DAIC\688_P\688_AUDIO.wav,Participant
688_P,688,688_136,I joke all the time which month are sister defense mechanism to avoid taking everything seriously,995.8,1002.9,D:\NCKH_DATATEAM\dataset\E-DAIC\688_P\688_AUDIO.wav,Ellie
688_P,688,688_137,that's great,1007.2,1008.2,D:\NCKH_DATATEAM\dataset\E-DAIC\688_P\688_AUDIO.wav,Participant
688_P,688,688_138,tell me about something you did,1011.3,1012.7,D:\NCKH_DATATEAM\dataset\E-DAIC\688_P\688_AUDIO.wav,Ellie
688_P,688,688_139,if I understood the question correctly I'm something I really enjoyed I used to be real face of really enjoy reading and then I go through book every 2 or 3 days and just haven't been able to focus on over here line of human Savannah breed,1016.5,1031.0,D:\NCKH_DATATEAM\dataset\E-DAIC\688_P\688_AUDIO.wav,Participant
688_P,688,688_140,that's what really gets me frustrated I used to really be a real B reader,1032.1,1036.8,D:\NCKH_DATATEAM\dataset\E-DAIC\688_P\688_AUDIO.wav,Ellie
688_P,688,688_141,nice,1041.1,1041.8,D:\NCKH_DATATEAM\dataset\E-DAIC\688_P\688_AUDIO.wav,Participant
688_P,688,688_142,what are you most proud of in your,1046.2,1047.6,D:\NCKH_DATATEAM\dataset\E-DAIC\688_P\688_AUDIO.wav,Ellie
688_P,688,688_143,almost driving on life,1049.2,1050.7,D:\NCKH_DATATEAM\dataset\E-DAIC\688_P\688_AUDIO.wav,Participant
688_P,688,688_144,well I'm going to go try was pretty proud of that was up there I guess I'm most proud of us much stopping doing drugs,1052.6,1061.6,D:\NCKH_DATATEAM\dataset\E-DAIC\688_P\688_AUDIO.wav,Ellie
688_P,688,688_145,I mean it was,1063.3,1064.1,D:\NCKH_DATATEAM\dataset\E-DAIC\688_P\688_AUDIO.wav,Participant
688_P,688,688_146,just waking up one morning side enough is enough and,1065.5,1068.4,D:\NCKH_DATATEAM\dataset\E-DAIC\688_P\688_AUDIO.wav,Ellie
688_P,688,688_147,how's it going to stick to a McClain over 3 years now,1070.5,1075.9,D:\NCKH_DATATEAM\dataset\E-DAIC\688_P\688_AUDIO.wav,Participant
688_P,688,688_148,a three and a half,1077.1,1077.9,D:\NCKH_DATATEAM\dataset\E-DAIC\688_P\688_AUDIO.wav,Ellie
688_P,688,688_149,I think I've asked,1085.8,1086.6,D:\NCKH_DATATEAM\dataset\E-DAIC\688_P\688_AUDIO.wav,Participant
688_P,688,688_150,thanks for sharing your thoughts,1088.1,1089.2,D:\NCKH_DATATEAM\dataset\E-DAIC\688_P\688_AUDIO.wav,Ellie
688_P,688,688_151,thank you,1091.2,1091.8,D:\NCKH_DATATEAM\dataset\E-DAIC\688_P\688_AUDIO.wav,Participant
688_P,688,688_152,yeah there's a couple questions I couldn't understand a little hard of hearing,1111.3,1114.4,D:\NCKH_DATATEAM\dataset\E-DAIC\688_P\688_AUDIO.wav,Ellie
688_P,688,688_153,little cup,1118.5,1119.5,D:\NCKH_DATATEAM\dataset\E-DAIC\688_P\688_AUDIO.wav,Participant
689_P,689,689_0,okay,4.7,5.3,D:\NCKH_DATATEAM\dataset\E-DAIC\689_P\689_AUDIO.wav,Ellie
689_P,689,689_1,okay okay,8.9,10.5,D:\NCKH_DATATEAM\dataset\E-DAIC\689_P\689_AUDIO.wav,Participant
689_P,689,689_2,okay,13.9,14.4,D:\NCKH_DATATEAM\dataset\E-DAIC\689_P\689_AUDIO.wav,Ellie
689_P,689,689_3,goodbye okay okay,38.7,40.5,D:\NCKH_DATATEAM\dataset\E-DAIC\689_P\689_AUDIO.wav,Participant
689_P,689,689_4,I'll turn around,41.7,42.6,D:\NCKH_DATATEAM\dataset\E-DAIC\689_P\689_AUDIO.wav,Ellie
689_P,689,689_5,I'm not a therapist,54.6,55.6,D:\NCKH_DATATEAM\dataset\E-DAIC\689_P\689_AUDIO.wav,Participant
689_P,689,689_6,and please feel,61.7,62.6,D:\NCKH_DATATEAM\dataset\E-DAIC\689_P\689_AUDIO.wav,Ellie
689_P,689,689_7,are you okay,70.3,71.0,D:\NCKH_DATATEAM\dataset\E-DAIC\689_P\689_AUDIO.wav,Participant
689_P,689,689_8,yes,72.5,73.0,D:\NCKH_DATATEAM\dataset\E-DAIC\689_P\689_AUDIO.wav,Ellie
689_P,689,689_9,yes,75.7,76.2,D:\NCKH_DATATEAM\dataset\E-DAIC\689_P\689_AUDIO.wav,Participant
689_P,689,689_10,fine,83.4,84.0,D:\NCKH_DATATEAM\dataset\E-DAIC\689_P\689_AUDIO.wav,Ellie
689_P,689,689_11,okay,86.2,86.7,D:\NCKH_DATATEAM\dataset\E-DAIC\689_P\689_AUDIO.wav,Participant
689_P,689,689_12,Chicago,95.8,96.8,D:\NCKH_DATATEAM\dataset\E-DAIC\689_P\689_AUDIO.wav,Ellie
689_P,689,689_13,universities,106.9,108.7,D:\NCKH_DATATEAM\dataset\E-DAIC\689_P\689_AUDIO.wav,Participant
689_P,689,689_14,places to go,110.2,111.3,D:\NCKH_DATATEAM\dataset\E-DAIC\689_P\689_AUDIO.wav,Ellie
689_P,689,689_15,fight,113.7,114.3,D:\NCKH_DATATEAM\dataset\E-DAIC\689_P\689_AUDIO.wav,Participant
689_P,689,689_16,besides,116.6,117.4,D:\NCKH_DATATEAM\dataset\E-DAIC\689_P\689_AUDIO.wav,Ellie
689_P,689,689_17,the beaches,118.9,120.2,D:\NCKH_DATATEAM\dataset\E-DAIC\689_P\689_AUDIO.wav,Participant
689_P,689,689_18,crime crowded,130.5,133.2,D:\NCKH_DATATEAM\dataset\E-DAIC\689_P\689_AUDIO.wav,Ellie
689_P,689,689_19,Prime crowded the air air,134.8,138.3,D:\NCKH_DATATEAM\dataset\E-DAIC\689_P\689_AUDIO.wav,Participant
689_P,689,689_20,you travel a lot,146.4,147.2,D:\NCKH_DATATEAM\dataset\E-DAIC\689_P\689_AUDIO.wav,Ellie
689_P,689,689_21,no,148.8,149.4,D:\NCKH_DATATEAM\dataset\E-DAIC\689_P\689_AUDIO.wav,Participant
689_P,689,689_22,I get around transportation in the buses so I get use the buses,155.2,164.2,D:\NCKH_DATATEAM\dataset\E-DAIC\689_P\689_AUDIO.wav,Ellie
689_P,689,689_23,going to Universal cities places like Universal City,177.5,181.8,D:\NCKH_DATATEAM\dataset\E-DAIC\689_P\689_AUDIO.wav,Participant
689_P,689,689_24,walkway,182.6,183.3,D:\NCKH_DATATEAM\dataset\E-DAIC\689_P\689_AUDIO.wav,Ellie
689_P,689,689_25,computer,189.6,190.9,D:\NCKH_DATATEAM\dataset\E-DAIC\689_P\689_AUDIO.wav,Participant
689_P,689,689_26,nursing Healthcare,192.4,194.2,D:\NCKH_DATATEAM\dataset\E-DAIC\689_P\689_AUDIO.wav,Ellie
689_P,689,689_27,look for employment,200.7,205.5,D:\NCKH_DATATEAM\dataset\E-DAIC\689_P\689_AUDIO.wav,Participant
689_P,689,689_28,I write antique shopping travel a little bit,207.4,214.5,D:\NCKH_DATATEAM\dataset\E-DAIC\689_P\689_AUDIO.wav,Ellie
689_P,689,689_29,visit,215.8,216.7,D:\NCKH_DATATEAM\dataset\E-DAIC\689_P\689_AUDIO.wav,Participant
689_P,689,689_30,things like that,218.3,219.1,D:\NCKH_DATATEAM\dataset\E-DAIC\689_P\689_AUDIO.wav,Ellie
689_P,689,689_31,what's your dream job,225.4,226.4,D:\NCKH_DATATEAM\dataset\E-DAIC\689_P\689_AUDIO.wav,Participant
689_P,689,689_32,my dream job is come,228.7,231.2,D:\NCKH_DATATEAM\dataset\E-DAIC\689_P\689_AUDIO.wav,Ellie
689_P,689,689_33,riding,234.1,234.9,D:\NCKH_DATATEAM\dataset\E-DAIC\689_P\689_AUDIO.wav,Participant
689_P,689,689_34,shy,239.6,240.0,D:\NCKH_DATATEAM\dataset\E-DAIC\689_P\689_AUDIO.wav,Ellie
689_P,689,689_35,tell me about your relationship with your family,243.8,246.0,D:\NCKH_DATATEAM\dataset\E-DAIC\689_P\689_AUDIO.wav,Participant
689_P,689,689_36,oh it's cordial,247.6,249.8,D:\NCKH_DATATEAM\dataset\E-DAIC\689_P\689_AUDIO.wav,Ellie
689_P,689,689_37,Brothers Brothers on nieces nephews cordial,251.4,256.9,D:\NCKH_DATATEAM\dataset\E-DAIC\689_P\689_AUDIO.wav,Participant
689_P,689,689_38,music maybe and play music go antique shopping,272.3,280.3,D:\NCKH_DATATEAM\dataset\E-DAIC\689_P\689_AUDIO.wav,Ellie
689_P,689,689_39,watch TV things like that,286.4,288.3,D:\NCKH_DATATEAM\dataset\E-DAIC\689_P\689_AUDIO.wav,Participant
689_P,689,689_40,very good,296.5,298.3,D:\NCKH_DATATEAM\dataset\E-DAIC\689_P\689_AUDIO.wav,Ellie
689_P,689,689_41,very good,299.7,300.4,D:\NCKH_DATATEAM\dataset\E-DAIC\689_P\689_AUDIO.wav,Participant
689_P,689,689_42,when was the,307.3,308.0,D:\NCKH_DATATEAM\dataset\E-DAIC\689_P\689_AUDIO.wav,Ellie
689_P,689,689_43,acumen,311.5,313.6,D:\NCKH_DATATEAM\dataset\E-DAIC\689_P\689_AUDIO.wav,Participant
689_P,689,689_44,I didn't,316.9,317.7,D:\NCKH_DATATEAM\dataset\E-DAIC\689_P\689_AUDIO.wav,Ellie
689_P,689,689_45,brother with a brother,321.2,323.2,D:\NCKH_DATATEAM\dataset\E-DAIC\689_P\689_AUDIO.wav,Participant
689_P,689,689_46,brother,325.3,325.9,D:\NCKH_DATATEAM\dataset\E-DAIC\689_P\689_AUDIO.wav,Ellie
689_P,689,689_47,it was about calling him and using the,327.8,332.8,D:\NCKH_DATATEAM\dataset\E-DAIC\689_P\689_AUDIO.wav,Participant
689_P,689,689_48,the Star 82 before I call him 2 * 82,334.9,339.5,D:\NCKH_DATATEAM\dataset\E-DAIC\689_P\689_AUDIO.wav,Ellie
689_P,689,689_49,differently,351.5,352.3,D:\NCKH_DATATEAM\dataset\E-DAIC\689_P\689_AUDIO.wav,Participant
689_P,689,689_50,can't think of anything,353.7,355.2,D:\NCKH_DATATEAM\dataset\E-DAIC\689_P\689_AUDIO.wav,Ellie
689_P,689,689_51,I can't lose you,357.0,358.3,D:\NCKH_DATATEAM\dataset\E-DAIC\689_P\689_AUDIO.wav,Participant
689_P,689,689_52,I can't think of anything right now I can't think right now,361.2,365.5,D:\NCKH_DATATEAM\dataset\E-DAIC\689_P\689_AUDIO.wav,Ellie
689_P,689,689_53,the hardest decision I ever had to make,378.1,380.3,D:\NCKH_DATATEAM\dataset\E-DAIC\689_P\689_AUDIO.wav,Participant
689_P,689,689_54,going to,387.4,388.3,D:\NCKH_DATATEAM\dataset\E-DAIC\689_P\689_AUDIO.wav,Ellie
689_P,689,689_55,wish my memory,393.1,394.4,D:\NCKH_DATATEAM\dataset\E-DAIC\689_P\689_AUDIO.wav,Participant
689_P,689,689_56,probably being in the military,397.6,399.6,D:\NCKH_DATATEAM\dataset\E-DAIC\689_P\689_AUDIO.wav,Ellie
689_P,689,689_57,yeah yes,405.4,406.6,D:\NCKH_DATATEAM\dataset\E-DAIC\689_P\689_AUDIO.wav,Participant
689_P,689,689_58,yes yes,407.8,408.5,D:\NCKH_DATATEAM\dataset\E-DAIC\689_P\689_AUDIO.wav,Ellie
689_P,689,689_59,18,411.3,412.6,D:\NCKH_DATATEAM\dataset\E-DAIC\689_P\689_AUDIO.wav,Participant
689_P,689,689_60,18 years old,414.4,415.5,D:\NCKH_DATATEAM\dataset\E-DAIC\689_P\689_AUDIO.wav,Ellie
689_P,689,689_61,college education experience things like that,421.7,427.1,D:\NCKH_DATATEAM\dataset\E-DAIC\689_P\689_AUDIO.wav,Participant
689_P,689,689_62,yes yes yes,432.8,434.5,D:\NCKH_DATATEAM\dataset\E-DAIC\689_P\689_AUDIO.wav,Ellie
689_P,689,689_63,yes,438.4,439.0,D:\NCKH_DATATEAM\dataset\E-DAIC\689_P\689_AUDIO.wav,Participant
689_P,689,689_64,no no,447.4,448.3,D:\NCKH_DATATEAM\dataset\E-DAIC\689_P\689_AUDIO.wav,Ellie
689_P,689,689_65,how easy was it for you,454.5,455.6,D:\NCKH_DATATEAM\dataset\E-DAIC\689_P\689_AUDIO.wav,Participant
689_P,689,689_66,it was not very easy it was not very easy,459.5,465.6,D:\NCKH_DATATEAM\dataset\E-DAIC\689_P\689_AUDIO.wav,Ellie
689_P,689,689_67,I went to school,476.5,478.4,D:\NCKH_DATATEAM\dataset\E-DAIC\689_P\689_AUDIO.wav,Participant
689_P,689,689_68,school,480.0,480.5,D:\NCKH_DATATEAM\dataset\E-DAIC\689_P\689_AUDIO.wav,Ellie
689_P,689,689_69,I went to school,484.3,485.0,D:\NCKH_DATATEAM\dataset\E-DAIC\689_P\689_AUDIO.wav,Participant
689_P,689,689_70,why you probably become very distrustful of some men probably,491.9,497.7,D:\NCKH_DATATEAM\dataset\E-DAIC\689_P\689_AUDIO.wav,Ellie
689_P,689,689_71,distrust,499.0,501.0,D:\NCKH_DATATEAM\dataset\E-DAIC\689_P\689_AUDIO.wav,Participant
689_P,689,689_72,okay okay,509.8,510.7,D:\NCKH_DATATEAM\dataset\E-DAIC\689_P\689_AUDIO.wav,Ellie
689_P,689,689_73,okay,513.4,513.9,D:\NCKH_DATATEAM\dataset\E-DAIC\689_P\689_AUDIO.wav,Participant
689_P,689,689_74,how,519.9,521.1,D:\NCKH_DATATEAM\dataset\E-DAIC\689_P\689_AUDIO.wav,Ellie
689_P,689,689_75,oh trouble sleeping,524.8,526.6,D:\NCKH_DATATEAM\dataset\E-DAIC\689_P\689_AUDIO.wav,Participant
689_P,689,689_76,it's very hard,537.7,539.1,D:\NCKH_DATATEAM\dataset\E-DAIC\689_P\689_AUDIO.wav,Ellie
689_P,689,689_77,her,540.1,540.6,D:\NCKH_DATATEAM\dataset\E-DAIC\689_P\689_AUDIO.wav,Participant
689_P,689,689_78,very hard,541.6,542.4,D:\NCKH_DATATEAM\dataset\E-DAIC\689_P\689_AUDIO.wav,Ellie
689_P,689,689_79,very hard,544.7,545.5,D:\NCKH_DATATEAM\dataset\E-DAIC\689_P\689_AUDIO.wav,Participant
689_P,689,689_80,very cranky cranky just cranky cranky can't concentrate too well just cranky,552.8,560.7,D:\NCKH_DATATEAM\dataset\E-DAIC\689_P\689_AUDIO.wav,Ellie
689_P,689,689_81,for concentration,561.8,562.9,D:\NCKH_DATATEAM\dataset\E-DAIC\689_P\689_AUDIO.wav,Participant
689_P,689,689_82,have you ever been tag cast,569.2,570.6,D:\NCKH_DATATEAM\dataset\E-DAIC\689_P\689_AUDIO.wav,Ellie
689_P,689,689_83,yes,571.8,572.8,D:\NCKH_DATATEAM\dataset\E-DAIC\689_P\689_AUDIO.wav,Participant
689_P,689,689_84,yes,575.3,575.8,D:\NCKH_DATATEAM\dataset\E-DAIC\689_P\689_AUDIO.wav,Ellie
689_P,689,689_85,yes,577.3,577.9,D:\NCKH_DATATEAM\dataset\E-DAIC\689_P\689_AUDIO.wav,Participant
689_P,689,689_86,about 7 years ago,589.7,590.8,D:\NCKH_DATATEAM\dataset\E-DAIC\689_P\689_AUDIO.wav,Ellie
689_P,689,689_87,mistrust,596.8,599.4,D:\NCKH_DATATEAM\dataset\E-DAIC\689_P\689_AUDIO.wav,Participant
689_P,689,689_88,trouble sleeping,601.1,602.1,D:\NCKH_DATATEAM\dataset\E-DAIC\689_P\689_AUDIO.wav,Ellie
689_P,689,689_89,waking up jolted from sleeping things like that,605.9,609.4,D:\NCKH_DATATEAM\dataset\E-DAIC\689_P\689_AUDIO.wav,Participant
689_P,689,689_90,yes yes air yeah,617.9,620.0,D:\NCKH_DATATEAM\dataset\E-DAIC\689_P\689_AUDIO.wav,Ellie
689_P,689,689_91,well it was like that,625.8,627.8,D:\NCKH_DATATEAM\dataset\E-DAIC\689_P\689_AUDIO.wav,Participant
689_P,689,689_92,Airborne training,629.6,630.6,D:\NCKH_DATATEAM\dataset\E-DAIC\689_P\689_AUDIO.wav,Ellie
689_P,689,689_93,Airborne training,631.7,632.7,D:\NCKH_DATATEAM\dataset\E-DAIC\689_P\689_AUDIO.wav,Participant
689_P,689,689_94,and I'd put in a great big tower,634.2,636.7,D:\NCKH_DATATEAM\dataset\E-DAIC\689_P\689_AUDIO.wav,Ellie
689_P,689,689_95,and just training and not being able to jump off the tower,637.7,642.4,D:\NCKH_DATATEAM\dataset\E-DAIC\689_P\689_AUDIO.wav,Participant
689_P,689,689_96,well counseling,652.0,653.7,D:\NCKH_DATATEAM\dataset\E-DAIC\689_P\689_AUDIO.wav,Ellie
689_P,689,689_97,just counseling counseling in counseling and trying to overcome a fear of heights,655.5,660.7,D:\NCKH_DATATEAM\dataset\E-DAIC\689_P\689_AUDIO.wav,Participant
689_P,689,689_98,and being pushed,663.3,664.1,D:\NCKH_DATATEAM\dataset\E-DAIC\689_P\689_AUDIO.wav,Ellie
689_P,689,689_99,from training Tower,665.2,666.1,D:\NCKH_DATATEAM\dataset\E-DAIC\689_P\689_AUDIO.wav,Participant
689_P,689,689_100,history of work trouble at work things like that social problems trouble at work things like that,676.2,682.1,D:\NCKH_DATATEAM\dataset\E-DAIC\689_P\689_AUDIO.wav,Ellie
689_P,689,689_101,you still going to therapy now yes,688.3,690.8,D:\NCKH_DATATEAM\dataset\E-DAIC\689_P\689_AUDIO.wav,Participant
689_P,689,689_102,you feel therapy in Hughesville yes,698.1,701.2,D:\NCKH_DATATEAM\dataset\E-DAIC\689_P\689_AUDIO.wav,Ellie
689_P,689,689_103,yes yes,703.1,703.8,D:\NCKH_DATATEAM\dataset\E-DAIC\689_P\689_AUDIO.wav,Participant
689_P,689,689_104,well I was shoved off of tower when I went and refused to jump basically I was shoved off when I I froze mentally and physically but not supposed to show jump off this power and I froze I couldn't jump I got afraid I look down and couldn't right ahead and I was just shut off the tower and,713.0,734.4,D:\NCKH_DATATEAM\dataset\E-DAIC\689_P\689_AUDIO.wav,Ellie
689_P,689,689_105,basically told I was worthless so,736.0,738.2,D:\NCKH_DATATEAM\dataset\E-DAIC\689_P\689_AUDIO.wav,Participant
689_P,689,689_106,tengas,746.1,746.9,D:\NCKH_DATATEAM\dataset\E-DAIC\689_P\689_AUDIO.wav,Ellie
689_P,689,689_107,all starts maybe. On and off during the weeks so just maybe we could Our Song,759.9,767.6,D:\NCKH_DATATEAM\dataset\E-DAIC\689_P\689_AUDIO.wav,Participant
689_P,689,689_108,great,771.7,772.2,D:\NCKH_DATATEAM\dataset\E-DAIC\689_P\689_AUDIO.wav,Ellie
689_P,689,689_109,who has been a positive influence in your life,775.2,777.4,D:\NCKH_DATATEAM\dataset\E-DAIC\689_P\689_AUDIO.wav,Participant
689_P,689,689_110,the Women's Health Center,779.0,781.9,D:\NCKH_DATATEAM\dataset\E-DAIC\689_P\689_AUDIO.wav,Ellie
689_P,689,689_111,well,787.3,787.8,D:\NCKH_DATATEAM\dataset\E-DAIC\689_P\689_AUDIO.wav,Participant
689_P,689,689_112,there's a there's a psychologist there a psychiatrist at the women's health clinic in West LA,788.8,793.9,D:\NCKH_DATATEAM\dataset\E-DAIC\689_P\689_AUDIO.wav,Ellie
689_P,689,689_113,quiet introvert,805.0,807.3,D:\NCKH_DATATEAM\dataset\E-DAIC\689_P\689_AUDIO.wav,Participant
689_P,689,689_114,oh,816.5,816.9,D:\NCKH_DATATEAM\dataset\E-DAIC\689_P\689_AUDIO.wav,Ellie
689_P,689,689_115,like I said antique shopping probably,819.5,822.2,D:\NCKH_DATATEAM\dataset\E-DAIC\689_P\689_AUDIO.wav,Participant
689_P,689,689_116,antique shopping,823.6,824.5,D:\NCKH_DATATEAM\dataset\E-DAIC\689_P\689_AUDIO.wav,Ellie
689_P,689,689_117,trying to go forward just trying to go for it,836.7,840.4,D:\NCKH_DATATEAM\dataset\E-DAIC\689_P\689_AUDIO.wav,Participant
689_P,689,689_118,thanks for sharing your thoughts,847.1,848.2,D:\NCKH_DATATEAM\dataset\E-DAIC\689_P\689_AUDIO.wav,Ellie
689_P,689,689_119,and just give me a second,4.7,885.0,D:\NCKH_DATATEAM\dataset\E-DAIC\689_P\689_AUDIO.wav,Participant
691_P,691,691_0,where are the cameras I see that one,7.3,10.7,D:\NCKH_DATATEAM\dataset\E-DAIC\691_P\691_AUDIO.wav,Ellie
691_P,691,691_1,let's do it,29.6,31.3,D:\NCKH_DATATEAM\dataset\E-DAIC\691_P\691_AUDIO.wav,Participant
691_P,691,691_2,and please,49.1,49.8,D:\NCKH_DATATEAM\dataset\E-DAIC\691_P\691_AUDIO.wav,Ellie
691_P,691,691_3,I'm good.,59.0,59.8,D:\NCKH_DATATEAM\dataset\E-DAIC\691_P\691_AUDIO.wav,Participant
691_P,691,691_4,My little tired,69.5,70.9,D:\NCKH_DATATEAM\dataset\E-DAIC\691_P\691_AUDIO.wav,Ellie
691_P,691,691_5,where you from,74.8,75.5,D:\NCKH_DATATEAM\dataset\E-DAIC\691_P\691_AUDIO.wav,Participant
691_P,691,691_6,born in LA Live Griffin Carson so California,76.6,81.1,D:\NCKH_DATATEAM\dataset\E-DAIC\691_P\691_AUDIO.wav,Ellie
691_P,691,691_7,you know,89.2,90.6,D:\NCKH_DATATEAM\dataset\E-DAIC\691_P\691_AUDIO.wav,Participant
691_P,691,691_8,I'm sick of losing my interest in California with more and more everyday so I guess the weather,92.0,99.5,D:\NCKH_DATATEAM\dataset\E-DAIC\691_P\691_AUDIO.wav,Ellie
691_P,691,691_9,if the congestion and all the people that people out here kind of rude now,107.7,114.3,D:\NCKH_DATATEAM\dataset\E-DAIC\691_P\691_AUDIO.wav,Participant
691_P,691,691_10,I'm sure,119.7,123.0,D:\NCKH_DATATEAM\dataset\E-DAIC\691_P\691_AUDIO.wav,Ellie
691_P,691,691_11,you travel a lot,127.8,128.6,D:\NCKH_DATATEAM\dataset\E-DAIC\691_P\691_AUDIO.wav,Participant
691_P,691,691_12,not lately no,129.7,130.7,D:\NCKH_DATATEAM\dataset\E-DAIC\691_P\691_AUDIO.wav,Ellie
691_P,691,691_13,no money that's a big part of it and that there's no money no time,135.9,143.6,D:\NCKH_DATATEAM\dataset\E-DAIC\691_P\691_AUDIO.wav,Participant
691_P,691,691_14,what happened,158.8,159.6,D:\NCKH_DATATEAM\dataset\E-DAIC\691_P\691_AUDIO.wav,Ellie
691_P,691,691_15,everything I was went to college for some Human Services did some solartech installation studies than high school just general study,165.4,175.6,D:\NCKH_DATATEAM\dataset\E-DAIC\691_P\691_AUDIO.wav,Participant
691_P,691,691_16,nothing I'm unemployed so I stayed,181.4,184.9,D:\NCKH_DATATEAM\dataset\E-DAIC\691_P\691_AUDIO.wav,Ellie
691_P,691,691_17,to own and run my own medical marijuana dispensary,197.6,201.8,D:\NCKH_DATATEAM\dataset\E-DAIC\691_P\691_AUDIO.wav,Participant
691_P,691,691_18,kind of shy,213.2,213.9,D:\NCKH_DATATEAM\dataset\E-DAIC\691_P\691_AUDIO.wav,Ellie
691_P,691,691_19,not much,217.7,218.4,D:\NCKH_DATATEAM\dataset\E-DAIC\691_P\691_AUDIO.wav,Participant
691_P,691,691_20,it's okay you know I don't talk to him much I see him every now and again you know I don't see my kids too much but now it is what it is,221.0,230.0,D:\NCKH_DATATEAM\dataset\E-DAIC\691_P\691_AUDIO.wav,Ellie
691_P,691,691_21,sometimes when I'm feeling 10 I turn on the fish tank screensaver,235.2,239.4,D:\NCKH_DATATEAM\dataset\E-DAIC\691_P\691_AUDIO.wav,Participant
691_P,691,691_22,listen to music play some chess just sit back kind of just relax and let my mind wander,247.5,255.8,D:\NCKH_DATATEAM\dataset\E-DAIC\691_P\691_AUDIO.wav,Ellie
691_P,691,691_23,pretty bad at that I'm working on it though,262.7,266.2,D:\NCKH_DATATEAM\dataset\E-DAIC\691_P\691_AUDIO.wav,Participant
691_P,691,691_24,when was the,269.7,270.4,D:\NCKH_DATATEAM\dataset\E-DAIC\691_P\691_AUDIO.wav,Ellie
691_P,691,691_25,what's today Thursday so Monday Tuesday it was about somebody trying to tell me how I felt,274.2,282.9,D:\NCKH_DATATEAM\dataset\E-DAIC\691_P\691_AUDIO.wav,Participant
691_P,691,691_26,tell me about,294.8,295.4,D:\NCKH_DATATEAM\dataset\E-DAIC\691_P\691_AUDIO.wav,Ellie
691_P,691,691_27,all right,300.3,302.8,D:\NCKH_DATATEAM\dataset\E-DAIC\691_P\691_AUDIO.wav,Participant
691_P,691,691_28,damn good one,307.0,308.1,D:\NCKH_DATATEAM\dataset\E-DAIC\691_P\691_AUDIO.wav,Ellie
691_P,691,691_29,losing my job and not getting my daughter her birthday present on the day of supposed to be there,310.8,317.0,D:\NCKH_DATATEAM\dataset\E-DAIC\691_P\691_AUDIO.wav,Participant
691_P,691,691_30,tell me about the hardest decision you've ever had,321.8,324.7,D:\NCKH_DATATEAM\dataset\E-DAIC\691_P\691_AUDIO.wav,Ellie
691_P,691,691_31,shit hard to say that I'd rather make leaving my son leaving my son's mother and my son wasn't an easy decision but it was probably for the best because we weren't getting along that much and I wanted to grow up in that type of environment where was always arguing,326.8,344.3,D:\NCKH_DATATEAM\dataset\E-DAIC\691_P\691_AUDIO.wav,Participant
691_P,691,691_32,so there,347.7,348.6,D:\NCKH_DATATEAM\dataset\E-DAIC\691_P\691_AUDIO.wav,Ellie
691_P,691,691_33,tell me about Nevada,353.3,354.3,D:\NCKH_DATATEAM\dataset\E-DAIC\691_P\691_AUDIO.wav,Participant
691_P,691,691_34,the shit that happened to me when I was a kid when I'm with my family members I wish I could just forget about all that and have it not happen,361.9,369.0,D:\NCKH_DATATEAM\dataset\E-DAIC\691_P\691_AUDIO.wav,Ellie
691_P,691,691_35,yeah,372.2,372.5,D:\NCKH_DATATEAM\dataset\E-DAIC\691_P\691_AUDIO.wav,Participant
691_P,691,691_36,have you ever,376.7,377.3,D:\NCKH_DATATEAM\dataset\E-DAIC\691_P\691_AUDIO.wav,Ellie
691_P,691,691_37,yes,378.5,379.1,D:\NCKH_DATATEAM\dataset\E-DAIC\691_P\691_AUDIO.wav,Participant
691_P,691,691_38,United States Navy,380.7,382.0,D:\NCKH_DATATEAM\dataset\E-DAIC\691_P\691_AUDIO.wav,Ellie
691_P,691,691_39,how old were you when you done,385.9,386.9,D:\NCKH_DATATEAM\dataset\E-DAIC\691_P\691_AUDIO.wav,Participant
691_P,691,691_40,19 years old,388.8,390.0,D:\NCKH_DATATEAM\dataset\E-DAIC\691_P\691_AUDIO.wav,Ellie
691_P,691,691_41,yeah 19,392.6,394.2,D:\NCKH_DATATEAM\dataset\E-DAIC\691_P\691_AUDIO.wav,Participant
691_P,691,691_42,because when I got out of high school that wasn't doing anything I wanted my kids to have something to look up to and it was a promise that me and my buddy made to each other we were going to go in the service together but he died so I went just to keep the promise you know that's it,396.3,415.9,D:\NCKH_DATATEAM\dataset\E-DAIC\691_P\691_AUDIO.wav,Ellie
691_P,691,691_43,are you happy,418.7,419.4,D:\NCKH_DATATEAM\dataset\E-DAIC\691_P\691_AUDIO.wav,Participant
691_P,691,691_44,yes or no,420.6,421.2,D:\NCKH_DATATEAM\dataset\E-DAIC\691_P\691_AUDIO.wav,Ellie
691_P,691,691_45,real yes or no,422.4,423.7,D:\NCKH_DATATEAM\dataset\E-DAIC\691_P\691_AUDIO.wav,Participant
691_P,691,691_46,no,433.4,433.9,D:\NCKH_DATATEAM\dataset\E-DAIC\691_P\691_AUDIO.wav,Ellie
691_P,691,691_47,kind of difficult it's kind of hard making add adjustment from being able to tell people what to do and have them do it and then come out and you can't get a job and you don't say if you were telling you what to do you know the structure was different so a little difficult,449.2,465.8,D:\NCKH_DATATEAM\dataset\E-DAIC\691_P\691_AUDIO.wav,Participant
691_P,691,691_48,that's okay you didn't do it,470.3,472.6,D:\NCKH_DATATEAM\dataset\E-DAIC\691_P\691_AUDIO.wav,Ellie
691_P,691,691_49,I started working at a power plant Mill doing some painting and I've had a bunch of different job since then,480.3,488.3,D:\NCKH_DATATEAM\dataset\E-DAIC\691_P\691_AUDIO.wav,Participant
691_P,691,691_50,so I did a few jobs,489.3,490.9,D:\NCKH_DATATEAM\dataset\E-DAIC\691_P\691_AUDIO.wav,Ellie
691_P,691,691_51,work work work,492.0,493.8,D:\NCKH_DATATEAM\dataset\E-DAIC\691_P\691_AUDIO.wav,Participant
691_P,691,691_52,be worked at the airport California rather so you know bunch of different things,498.4,505.3,D:\NCKH_DATATEAM\dataset\E-DAIC\691_P\691_AUDIO.wav,Ellie
691_P,691,691_53,made me a harder person I don't have as much compassion and empathy for people,515.0,520.6,D:\NCKH_DATATEAM\dataset\E-DAIC\691_P\691_AUDIO.wav,Participant
691_P,691,691_54,so you know it kind of shows you how people can really be,521.7,524.8,D:\NCKH_DATATEAM\dataset\E-DAIC\691_P\691_AUDIO.wav,Ellie
691_P,691,691_55,so yeah that's how change me,526.2,528.1,D:\NCKH_DATATEAM\dataset\E-DAIC\691_P\691_AUDIO.wav,Participant
691_P,691,691_56,okay,531.6,532.2,D:\NCKH_DATATEAM\dataset\E-DAIC\691_P\691_AUDIO.wav,Ellie
691_P,691,691_57,how do you get feeling lately,534.7,536.1,D:\NCKH_DATATEAM\dataset\E-DAIC\691_P\691_AUDIO.wav,Participant
691_P,691,691_58,anxious little upset from time to time,539.9,542.4,D:\NCKH_DATATEAM\dataset\E-DAIC\691_P\691_AUDIO.wav,Ellie
691_P,691,691_59,different like I'm changing I just don't know how,546.2,550.9,D:\NCKH_DATATEAM\dataset\E-DAIC\691_P\691_AUDIO.wav,Participant
691_P,691,691_60,will strange little weird feeling,555.7,557.5,D:\NCKH_DATATEAM\dataset\E-DAIC\691_P\691_AUDIO.wav,Ellie
691_P,691,691_61,yeah I don't want to I don't want to kill people like I used to I'm a little bit more open with people I'm quicker to a talk to him and would not so yeah my big my behavior has changed my attitude,565.4,576.8,D:\NCKH_DATATEAM\dataset\E-DAIC\691_P\691_AUDIO.wav,Participant
691_P,691,691_62,how easy is it for you to get a good night sleep I don't know it's almost impossible,580.8,585.8,D:\NCKH_DATATEAM\dataset\E-DAIC\691_P\691_AUDIO.wav,Ellie
691_P,691,691_63,I'm working off of maybe two maybe three hours of sleep right now,587.3,590.5,D:\NCKH_DATATEAM\dataset\E-DAIC\691_P\691_AUDIO.wav,Participant
691_P,691,691_64,so yeah It Don't Come Easy,591.6,593.3,D:\NCKH_DATATEAM\dataset\E-DAIC\691_P\691_AUDIO.wav,Ellie
691_P,691,691_65,A little grumpy agitated all the time just so you know all I'm thinking about is I want to get to sleep in my how come I can't sleep what's keeping me from doing it,599.1,611.8,D:\NCKH_DATATEAM\dataset\E-DAIC\691_P\691_AUDIO.wav,Participant
691_P,691,691_66,so yeah I'm easily agitated,613.0,615.1,D:\NCKH_DATATEAM\dataset\E-DAIC\691_P\691_AUDIO.wav,Ellie
691_P,691,691_67,have you ever,624.8,625.4,D:\NCKH_DATATEAM\dataset\E-DAIC\691_P\691_AUDIO.wav,Participant
691_P,691,691_68,yep,626.9,627.4,D:\NCKH_DATATEAM\dataset\E-DAIC\691_P\691_AUDIO.wav,Ellie
691_P,691,691_69,yes yes I have depression PTSD anxiety,641.7,646.2,D:\NCKH_DATATEAM\dataset\E-DAIC\691_P\691_AUDIO.wav,Participant
691_P,691,691_70,beginning of the year like January February sometime this year,653.4,657.5,D:\NCKH_DATATEAM\dataset\E-DAIC\691_P\691_AUDIO.wav,Ellie
691_P,691,691_71,like I said everybody I saw I want to kill or do some kind of bodily harm to him real short fuse I was mad at everything for nothing you know I don't sleep,663.7,676.8,D:\NCKH_DATATEAM\dataset\E-DAIC\691_P\691_AUDIO.wav,Participant
691_P,691,691_72,I'm always I hate crowds I don't like going into a confined spaces,677.9,686.1,D:\NCKH_DATATEAM\dataset\E-DAIC\691_P\691_AUDIO.wav,Ellie
691_P,691,691_73,so you know strange places I never been before it's a lot of people I don't like going to,687.4,691.5,D:\NCKH_DATATEAM\dataset\E-DAIC\691_P\691_AUDIO.wav,Participant
691_P,691,691_74,so yeah I don't like people getting too close to me,693.4,696.5,D:\NCKH_DATATEAM\dataset\E-DAIC\691_P\691_AUDIO.wav,Ellie
691_P,691,691_75,you know that's a good read that's a good answer I mean good question I don't know it just crowns and strange people come in and closer to me and everything else I don't know what that might be it. Just,701.9,714.4,D:\NCKH_DATATEAM\dataset\E-DAIC\691_P\691_AUDIO.wav,Participant
691_P,691,691_76,what it is but I'm always wondering what the next person is going to do when they get that close to me like especially you think in a crowded room where you can't move around as much and you know I'm always watching the whole everything trying to see who's going to do what and when,715.3,729.2,D:\NCKH_DATATEAM\dataset\E-DAIC\691_P\691_AUDIO.wav,Ellie
691_P,691,691_77,usually I try and get away from the crowd you know that's how I cope with them that I usually just trying to get away from the crowd not focus so much on it but it ain't hard specially if you got to be there but yeah I just kind of stay to myself and watch everything moving,737.1,755.4,D:\NCKH_DATATEAM\dataset\E-DAIC\691_P\691_AUDIO.wav,Participant
691_P,691,691_78,okay,758.5,759.1,D:\NCKH_DATATEAM\dataset\E-DAIC\691_P\691_AUDIO.wav,Ellie
691_P,691,691_79,A friend of mine who I used to serve in the Navy with he told me,764.2,769.7,D:\NCKH_DATATEAM\dataset\E-DAIC\691_P\691_AUDIO.wav,Participant
691_P,691,691_80,I should go,771.3,772.1,D:\NCKH_DATATEAM\dataset\E-DAIC\691_P\691_AUDIO.wav,Ellie
691_P,691,691_81,"I should go and actually check out what's going on with my back but when I got in there I start talking to the first place I went was the mental health ward and told him what was going on with me, attitudes in my harmful thoughts to other people and that's what got me here but I got to say a friend of mine suggested that I go",773.6,794.7,D:\NCKH_DATATEAM\dataset\E-DAIC\691_P\691_AUDIO.wav,Participant
691_P,691,691_82,yeah yes I do well my last therapy session was about a week or two ago but I'm getting scheduled to go back,804.2,812.2,D:\NCKH_DATATEAM\dataset\E-DAIC\691_P\691_AUDIO.wav,Ellie
691_P,691,691_83,into therapy,813.3,814.1,D:\NCKH_DATATEAM\dataset\E-DAIC\691_P\691_AUDIO.wav,Participant
691_P,691,691_84,yeah yeah yeah it's it's slow me down you know I'm not so quick to want to hurt nobody no more I'm not so while still defensive but,824.0,835.2,D:\NCKH_DATATEAM\dataset\E-DAIC\691_P\691_AUDIO.wav,Ellie
691_P,691,691_85,I don't look at it is I want to go and you'll saying,836.6,839.8,D:\NCKH_DATATEAM\dataset\E-DAIC\691_P\691_AUDIO.wav,Participant
691_P,691,691_86,put do physical harm the young saying certain people just for being around,840.7,844.6,D:\NCKH_DATATEAM\dataset\E-DAIC\691_P\691_AUDIO.wav,Ellie
691_P,691,691_87,three more about what we want to hurt people,850.6,852.5,D:\NCKH_DATATEAM\dataset\E-DAIC\691_P\691_AUDIO.wav,Participant
691_P,691,691_88,it's a weird feeling I don't know how to describe it it's kind of like describing the taste of milk to somebody it's just anybody I'll be walking in the hallway and a minute I'm looking at them I'm figuring,855.3,868.4,D:\NCKH_DATATEAM\dataset\E-DAIC\691_P\691_AUDIO.wav,Ellie
691_P,691,691_89,what kind of if I had to encounter that person how would I physically disabled them you know do you know the saying don't show come out do I just strike him in the throat poker I don't say break a leg or arm or something you'll just how can I incapacitate this person,869.3,887.3,D:\NCKH_DATATEAM\dataset\E-DAIC\691_P\691_AUDIO.wav,Participant
691_P,691,691_90,it's a trip I'm telling you the alternative just had a thought all the time with a complete stranger who really doesn't pose a threat to you is true,888.8,897.7,D:\NCKH_DATATEAM\dataset\E-DAIC\691_P\691_AUDIO.wav,Ellie
691_P,691,691_91,so,899.5,899.9,D:\NCKH_DATATEAM\dataset\E-DAIC\691_P\691_AUDIO.wav,Participant
691_P,691,691_92,I'm a little more tolerant I don't fly off the handle as much as I used to you know stuff that used to piss me off like you don't say little things I don't really get too upset about a may have sent me but,908.4,921.9,D:\NCKH_DATATEAM\dataset\E-DAIC\691_P\691_AUDIO.wav,Ellie
691_P,691,691_93,my reactions of different I don't like I said I don't explode cuz everything I mean the smallest thing with send me mail saying over the top but not so much no more you know it's kind of breathing take it in stride or try to you know,923.6,938.6,D:\NCKH_DATATEAM\dataset\E-DAIC\691_P\691_AUDIO.wav,Participant
691_P,691,691_94,so yeah it's just it's working it helps,940.1,943.3,D:\NCKH_DATATEAM\dataset\E-DAIC\691_P\691_AUDIO.wav,Ellie
691_P,691,691_95,oh man really happy,954.1,957.2,D:\NCKH_DATATEAM\dataset\E-DAIC\691_P\691_AUDIO.wav,Participant
691_P,691,691_96,oh my God,961.8,963.0,D:\NCKH_DATATEAM\dataset\E-DAIC\691_P\691_AUDIO.wav,Ellie
691_P,691,691_97,may all that has been some years it's been some years I can't even really put a finger on what I actually felt really happy,965.2,973.3,D:\NCKH_DATATEAM\dataset\E-DAIC\691_P\691_AUDIO.wav,Participant
691_P,691,691_98,so you know cuz it's always been I might have moments where you don't say everything's cool and it's a good day or whatever but,974.7,982.3,D:\NCKH_DATATEAM\dataset\E-DAIC\691_P\691_AUDIO.wav,Ellie
691_P,691,691_99,I'm still throughout the day there's they'll still Bostwick creep in and you know I'm saying I'm looking at people this that another thing I'm saying this way and nut so yeah it's been awful long time since I was just genuinely really happy,983.6,997.1,D:\NCKH_DATATEAM\dataset\E-DAIC\691_P\691_AUDIO.wav,Participant
691_P,691,691_100,great,1002.1,1002.7,D:\NCKH_DATATEAM\dataset\E-DAIC\691_P\691_AUDIO.wav,Ellie
691_P,691,691_101,is it all right if you say so,1003.4,1008.2,D:\NCKH_DATATEAM\dataset\E-DAIC\691_P\691_AUDIO.wav,Participant
691_P,691,691_102,who's the real life,1012.7,1015.1,D:\NCKH_DATATEAM\dataset\E-DAIC\691_P\691_AUDIO.wav,Ellie
691_P,691,691_103,somebody's been a positive influence in my life my parents you although we have a problems you know I look up to them they've been through with each other for umpteen years and a positive influence to me I mean outside of that there's a old girlfriend of mine named it don't matter who what name is old girlfriend of mine she's,1018.2,1040.8,D:\NCKH_DATATEAM\dataset\E-DAIC\691_P\691_AUDIO.wav,Participant
691_P,691,691_104,kind of show me how to take life as it comes and you'll not everything's a battle because she's going through stuff that I'll never have to go through you know saying she's terminally ill but yet she still has a smile on her face and you know just keeps it going so I got to take a,1042.3,1058.1,D:\NCKH_DATATEAM\dataset\E-DAIC\691_P\691_AUDIO.wav,Ellie
691_P,691,691_105,a page out of her book with that one you know everything's not always all bet,1059.1,1063.5,D:\NCKH_DATATEAM\dataset\E-DAIC\691_P\691_AUDIO.wav,Participant
691_P,691,691_106,how would you describe me that's a good question I really cool you know funny,1074.3,1081.1,D:\NCKH_DATATEAM\dataset\E-DAIC\691_P\691_AUDIO.wav,Ellie
691_P,691,691_107,you know but real honest you know and loyal you know crazy are crazy cool loyal fun and you know just,1082.9,1094.7,D:\NCKH_DATATEAM\dataset\E-DAIC\691_P\691_AUDIO.wav,Participant
691_P,691,691_108,all around pretty decent person because he told me that not too long ago you like doing ain't nothing wrong with you man you all right you know you just you human so don't trip,1096.1,1106.1,D:\NCKH_DATATEAM\dataset\E-DAIC\691_P\691_AUDIO.wav,Ellie
691_P,691,691_109,but yeah that's my boy,1107.5,1108.6,D:\NCKH_DATATEAM\dataset\E-DAIC\691_P\691_AUDIO.wav,Participant
691_P,691,691_110,but I really enjoyed,1120.5,1121.3,D:\NCKH_DATATEAM\dataset\E-DAIC\691_P\691_AUDIO.wav,Ellie
691_P,691,691_111,damn what was it cuz we just did it not too long ago,1124.7,1127.1,D:\NCKH_DATATEAM\dataset\E-DAIC\691_P\691_AUDIO.wav,Participant
691_P,691,691_112,you know we,1129.3,1130.6,D:\NCKH_DATATEAM\dataset\E-DAIC\691_P\691_AUDIO.wav,Ellie
691_P,691,691_113,had a little cookout for some kids at The Villages where we stay at and I did the cooking for him you know it was for us but I got to cook for them and you know they was happy and we got to work in the garden a couple of days after that or the week after that is something so I kind of duck that real cool Yule saying watching a little kids run around happy you insane still innocent not knowing what life is really about the old saying Thanking us for,1132.9,1159.7,D:\NCKH_DATATEAM\dataset\E-DAIC\691_P\691_AUDIO.wav,Participant
691_P,691,691_114,the shit we went through so hopefully they don't have to go through it but I had a ball with that a lot of kids,1161.0,1167.1,D:\NCKH_DATATEAM\dataset\E-DAIC\691_P\691_AUDIO.wav,Ellie
691_P,691,691_115,what are you most proud of,1176.7,1177.8,D:\NCKH_DATATEAM\dataset\E-DAIC\691_P\691_AUDIO.wav,Participant
691_P,691,691_116,my children my kids mother my son my daughter's I'm proud of them,1180.8,1186.9,D:\NCKH_DATATEAM\dataset\E-DAIC\691_P\691_AUDIO.wav,Ellie
691_P,691,691_117,because they're,1188.2,1189.8,D:\NCKH_DATATEAM\dataset\E-DAIC\691_P\691_AUDIO.wav,Participant
691_P,691,691_118,did not like me my children are smart there like outstandingly smart you know,1191.0,1198.3,D:\NCKH_DATATEAM\dataset\E-DAIC\691_P\691_AUDIO.wav,Ellie
691_P,691,691_119,I started out that way but then I got,1200.8,1202.8,D:\NCKH_DATATEAM\dataset\E-DAIC\691_P\691_AUDIO.wav,Participant
691_P,691,691_120,into wanting to be a cool kid in school start drinking and running around skipping school and all that but now my kids they don't do none of that and I'm so grateful and proud that you don't think they actually make it somewhere in life my daughters have shipped my daughter in the Africa and other places places I was in the service and then go to she went because she was in school you know my son he's a he's a good kid you don't need a lot more like me than he actually knows he is but he's doing,1203.8,1234.6,D:\NCKH_DATATEAM\dataset\E-DAIC\691_P\691_AUDIO.wav,Ellie
691_P,691,691_121,so many things that I want to do when I was a kid but I couldn't playing football is playing sports he's going here he's going there you know he's a smart kid he's real smart kid I couldn't be prouder,1235.7,1247.1,D:\NCKH_DATATEAM\dataset\E-DAIC\691_P\691_AUDIO.wav,Participant
691_P,691,691_122,I think I've asked everything I need to know,1251.3,1254.6,D:\NCKH_DATATEAM\dataset\E-DAIC\691_P\691_AUDIO.wav,Ellie
691_P,691,691_123,you're welcome have a good one,1256.3,1258.7,D:\NCKH_DATATEAM\dataset\E-DAIC\691_P\691_AUDIO.wav,Participant
691_P,691,691_124,see you later,1268.8,1269.5,D:\NCKH_DATATEAM\dataset\E-DAIC\691_P\691_AUDIO.wav,Ellie
691_P,691,691_125,will the next part of this study is reduced,7.3,1292.1,D:\NCKH_DATATEAM\dataset\E-DAIC\691_P\691_AUDIO.wav,Participant
698_P,698,698_0,going to press that button it just means something went wrong I'm hoping that doesn't happen,2.6,6.3,D:\NCKH_DATATEAM\dataset\E-DAIC\698_P\698_AUDIO.wav,Ellie
698_P,698,698_1,okay,9.0,9.6,D:\NCKH_DATATEAM\dataset\E-DAIC\698_P\698_AUDIO.wav,Participant
698_P,698,698_2,and it's okay,12.7,13.5,D:\NCKH_DATATEAM\dataset\E-DAIC\698_P\698_AUDIO.wav,Ellie
698_P,698,698_3,there she is,29.8,30.4,D:\NCKH_DATATEAM\dataset\E-DAIC\698_P\698_AUDIO.wav,Participant
698_P,698,698_4,okay,41.4,42.0,D:\NCKH_DATATEAM\dataset\E-DAIC\698_P\698_AUDIO.wav,Ellie
698_P,698,698_5,hi,45.5,46.3,D:\NCKH_DATATEAM\dataset\E-DAIC\698_P\698_AUDIO.wav,Participant
698_P,698,698_6,I'm not a therapist,53.8,54.9,D:\NCKH_DATATEAM\dataset\E-DAIC\698_P\698_AUDIO.wav,Ellie
698_P,698,698_7,and please,60.8,61.6,D:\NCKH_DATATEAM\dataset\E-DAIC\698_P\698_AUDIO.wav,Participant
698_P,698,698_8,okay,66.9,67.6,D:\NCKH_DATATEAM\dataset\E-DAIC\698_P\698_AUDIO.wav,Ellie
698_P,698,698_9,definitely,71.0,71.8,D:\NCKH_DATATEAM\dataset\E-DAIC\698_P\698_AUDIO.wav,Participant
698_P,698,698_10,okay,75.2,75.7,D:\NCKH_DATATEAM\dataset\E-DAIC\698_P\698_AUDIO.wav,Ellie
698_P,698,698_11,how are you doing today,78.5,80.4,D:\NCKH_DATATEAM\dataset\E-DAIC\698_P\698_AUDIO.wav,Participant
698_P,698,698_12,I'm doing okay A little tired and I had some pizza so I'm a little sleepy right now and other than that I'm doing okay,81.7,90.1,D:\NCKH_DATATEAM\dataset\E-DAIC\698_P\698_AUDIO.wav,Ellie
698_P,698,698_13,I was born in,99.1,101.0,D:\NCKH_DATATEAM\dataset\E-DAIC\698_P\698_AUDIO.wav,Participant
698_P,698,698_14,so I was raised in LA,104.2,105.6,D:\NCKH_DATATEAM\dataset\E-DAIC\698_P\698_AUDIO.wav,Ellie
698_P,698,698_15,let's see what do I like about La I like the beaches I like the weather I like the fact that there's a lot of jobs here that there aren't a lot of other states like the beautiful women and that's about it,115.4,136.1,D:\NCKH_DATATEAM\dataset\E-DAIC\698_P\698_AUDIO.wav,Participant
698_P,698,698_16,what are some things you don't really,140.6,141.9,D:\NCKH_DATATEAM\dataset\E-DAIC\698_P\698_AUDIO.wav,Ellie
698_P,698,698_17,let's see I don't like I don't like the smog I don't like the overcrowded freeways I don't like the crime rate the the violence the the economy is a little hard to deal with things like the things of that nature yeah,143.3,160.7,D:\NCKH_DATATEAM\dataset\E-DAIC\698_P\698_AUDIO.wav,Participant
698_P,698,698_18,you travel a lot I used to used to travel all over the place state to state a spare truck driver at one point so I used to drive a diesel truck so I've been to a lot of different states seen a lot of different things but not not so much anymore I kind of been a homebody now,168.3,187.6,D:\NCKH_DATATEAM\dataset\E-DAIC\698_P\698_AUDIO.wav,Ellie
698_P,698,698_19,what do you enjoy about,191.3,192.2,D:\NCKH_DATATEAM\dataset\E-DAIC\698_P\698_AUDIO.wav,Participant
698_P,698,698_20,I like seeing ice like seeing new things new people new places like the food the weather for everything I love I love just seeing new and it and experiencing new things,194.0,210.4,D:\NCKH_DATATEAM\dataset\E-DAIC\698_P\698_AUDIO.wav,Ellie
698_P,698,698_21,I'd like to hear about what,214.5,215.5,D:\NCKH_DATATEAM\dataset\E-DAIC\698_P\698_AUDIO.wav,Participant
698_P,698,698_22,one of my trips,216.5,217.6,D:\NCKH_DATATEAM\dataset\E-DAIC\698_P\698_AUDIO.wav,Ellie
698_P,698,698_23,let's see,218.5,219.3,D:\NCKH_DATATEAM\dataset\E-DAIC\698_P\698_AUDIO.wav,Participant
698_P,698,698_24,let's see actually one of my trips that I've had that that that was a little interesting was I didn't want besides Travis United States was going to Mexico that was kind of interesting and I didn't have the greatest experience in Mexico cuz I got my car stolen in Mexico so I wasn't that didn't have that great of a time there but I I enjoyed the Baja that's why I went was Baja Wi-Fi Tijuana enjoyed the fish there the taco stuff like that,222.3,257.4,D:\NCKH_DATATEAM\dataset\E-DAIC\698_P\698_AUDIO.wav,Ellie
698_P,698,698_25,which one of your most,261.3,262.2,D:\NCKH_DATATEAM\dataset\E-DAIC\698_P\698_AUDIO.wav,Participant
698_P,698,698_26,one of my most memorable experiences,264.3,267.0,D:\NCKH_DATATEAM\dataset\E-DAIC\698_P\698_AUDIO.wav,Ellie
698_P,698,698_27,let's see,268.1,269.0,D:\NCKH_DATATEAM\dataset\E-DAIC\698_P\698_AUDIO.wav,Participant
698_P,698,698_28,what did I study at school I studied went for my bspm degree,274.5,279.0,D:\NCKH_DATATEAM\dataset\E-DAIC\698_P\698_AUDIO.wav,Ellie
698_P,698,698_29,I didn't finish my degree,281.2,282.4,D:\NCKH_DATATEAM\dataset\E-DAIC\698_P\698_AUDIO.wav,Participant
698_P,698,698_30,what do you do now,286.4,287.2,D:\NCKH_DATATEAM\dataset\E-DAIC\698_P\698_AUDIO.wav,Ellie
698_P,698,698_31,now I'm a disabled vet I spent a lot of time writing poetry writing a number of different things spending time with family biking just enjoying join a lot of lot of things reading I love to read love to spend time with family things like that,288.0,309.8,D:\NCKH_DATATEAM\dataset\E-DAIC\698_P\698_AUDIO.wav,Participant
698_P,698,698_32,what's your dream job,316.4,317.4,D:\NCKH_DATATEAM\dataset\E-DAIC\698_P\698_AUDIO.wav,Ellie
698_P,698,698_33,my dream job,318.8,320.0,D:\NCKH_DATATEAM\dataset\E-DAIC\698_P\698_AUDIO.wav,Participant
698_P,698,698_34,how to see my dream job,322.1,324.8,D:\NCKH_DATATEAM\dataset\E-DAIC\698_P\698_AUDIO.wav,Ellie
698_P,698,698_35,I used to do a lot of workman's comp investigations why did Workman's Comp fraud and I checked out people that were lying and and supposedly defrauding insurance companies for for money and I enjoy that I did that for years that was pretty much my dream job I loved it I did surveillance I did I did report writing I did Undercover work I did all kinds of different things at one point so that would be my dream job,326.0,355.6,D:\NCKH_DATATEAM\dataset\E-DAIC\698_P\698_AUDIO.wav,Participant
698_P,698,698_36,you consider yourself more shy or outgoing,360.2,362.8,D:\NCKH_DATATEAM\dataset\E-DAIC\698_P\698_AUDIO.wav,Ellie
698_P,698,698_37,right now I feel like I'm outgoing but generally I'm shy when it comes to the two social scenes lot of times I'm shy but right now I don't feel shy right now I feel comfortable talking to you,364.4,376.9,D:\NCKH_DATATEAM\dataset\E-DAIC\698_P\698_AUDIO.wav,Participant
698_P,698,698_38,I was adopted so my relationship with my family,384.0,387.5,D:\NCKH_DATATEAM\dataset\E-DAIC\698_P\698_AUDIO.wav,Ellie
698_P,698,698_39,didn't really go that well so I'm really not close with my adopted family and I don't have limited biological family so I don't really have a lot of family but the the very few that I have I love them very much and I try to spend as much time with him as I can,388.7,404.9,D:\NCKH_DATATEAM\dataset\E-DAIC\698_P\698_AUDIO.wav,Participant
698_P,698,698_40,what is the best,416.4,417.7,D:\NCKH_DATATEAM\dataset\E-DAIC\698_P\698_AUDIO.wav,Ellie
698_P,698,698_41,what do you do,419.4,420.2,D:\NCKH_DATATEAM\dataset\E-DAIC\698_P\698_AUDIO.wav,Participant
698_P,698,698_42,I listen to music and I pray,421.9,424.1,D:\NCKH_DATATEAM\dataset\E-DAIC\698_P\698_AUDIO.wav,Ellie
698_P,698,698_43,I pray I listen to music and imma just meditate on positive things take a walk ride a bike read a book things like that,425.3,434.3,D:\NCKH_DATATEAM\dataset\E-DAIC\698_P\698_AUDIO.wav,Participant
698_P,698,698_44,didn't used to be very good at it but throughout the years going through hard times and learning the hard way I've learned to control my temper pretty well now it takes a lot to get me to give me angry I'm more passive now than I ever have been and I I like that about myself,441.5,459.0,D:\NCKH_DATATEAM\dataset\E-DAIC\698_P\698_AUDIO.wav,Ellie
698_P,698,698_45,when was the last time,463.3,464.4,D:\NCKH_DATATEAM\dataset\E-DAIC\698_P\698_AUDIO.wav,Participant
698_P,698,698_46,I argued with my best friend probably wasn't like a real serious argument but we argued a little bit about a religion which I don't like to go into a r i don't like 2 to get into arguments about but unfortunately we got into argument about religion she wanted me to she wants me to join her religion I don't feel like it's right what I should do and I so we got into a little dispute about that,467.5,496.4,D:\NCKH_DATATEAM\dataset\E-DAIC\698_P\698_AUDIO.wav,Ellie
698_P,698,698_47,better situation that,503.9,505.2,D:\NCKH_DATATEAM\dataset\E-DAIC\698_P\698_AUDIO.wav,Participant
698_P,698,698_48,Etsy,509.5,510.2,D:\NCKH_DATATEAM\dataset\E-DAIC\698_P\698_AUDIO.wav,Ellie
698_P,698,698_49,there's many many many situations that I wish I had it handled differently and one of them was my children I wish I could have been,513.2,522.5,D:\NCKH_DATATEAM\dataset\E-DAIC\698_P\698_AUDIO.wav,Participant
698_P,698,698_50,I wish I could have been a better dad to my kids I wish I could have made better decisions for my children and I didn't,527.0,535.1,D:\NCKH_DATATEAM\dataset\E-DAIC\698_P\698_AUDIO.wav,Ellie
698_P,698,698_51,what's something you feel guilty about my guilt I feel guilty about that about not being a good parent to my kids at many times in my life and that guilt stays with me my whole life everyday I think about it,539.3,553.4,D:\NCKH_DATATEAM\dataset\E-DAIC\698_P\698_AUDIO.wav,Participant
698_P,698,698_52,tell me about,560.4,561.0,D:\NCKH_DATATEAM\dataset\E-DAIC\698_P\698_AUDIO.wav,Ellie
698_P,698,698_53,let's see the hardest dishes decision I've ever had to make,569.1,572.3,D:\NCKH_DATATEAM\dataset\E-DAIC\698_P\698_AUDIO.wav,Participant
698_P,698,698_54,I wish I could erase from my memory,585.6,588.0,D:\NCKH_DATATEAM\dataset\E-DAIC\698_P\698_AUDIO.wav,Ellie
698_P,698,698_55,the last time that,590.9,592.1,D:\NCKH_DATATEAM\dataset\E-DAIC\698_P\698_AUDIO.wav,Participant
698_P,698,698_56,having,596.2,597.8,D:\NCKH_DATATEAM\dataset\E-DAIC\698_P\698_AUDIO.wav,Ellie
698_P,698,698_57,getting divorced would be one of the last things with the memory of that relationship going bad was probably one of the things of the last excuse me one of the things I'd like to erase from my memory,599.0,614.4,D:\NCKH_DATATEAM\dataset\E-DAIC\698_P\698_AUDIO.wav,Participant
698_P,698,698_58,the last time I interacted with my ex-wife,615.2,617.9,D:\NCKH_DATATEAM\dataset\E-DAIC\698_P\698_AUDIO.wav,Ellie
698_P,698,698_59,yeah I was in the Navy,623.1,624.2,D:\NCKH_DATATEAM\dataset\E-DAIC\698_P\698_AUDIO.wav,Participant
698_P,698,698_60,how old are you,628.5,629.1,D:\NCKH_DATATEAM\dataset\E-DAIC\698_P\698_AUDIO.wav,Ellie
698_P,698,698_61,I was 18,630.5,631.3,D:\NCKH_DATATEAM\dataset\E-DAIC\698_P\698_AUDIO.wav,Participant
698_P,698,698_62,just a kid,632.4,633.3,D:\NCKH_DATATEAM\dataset\E-DAIC\698_P\698_AUDIO.wav,Ellie
698_P,698,698_63,well to be honest with you I was 18 years old and I didn't have anywhere else to go I was homeless and it was either be homeless on the street at 18 or join the military and try to do something with my life and so that's what I chose to do,640.2,654.4,D:\NCKH_DATATEAM\dataset\E-DAIC\698_P\698_AUDIO.wav,Participant
698_P,698,698_64,are you happy you did,658.3,659.2,D:\NCKH_DATATEAM\dataset\E-DAIC\698_P\698_AUDIO.wav,Ellie
698_P,698,698_65,yeah,659.9,660.2,D:\NCKH_DATATEAM\dataset\E-DAIC\698_P\698_AUDIO.wav,Participant
698_P,698,698_66,in a way out you know I got out I got out of the military and wish I had stayed in longer so yeah It ultimately I'm glad I did that,661.6,670.1,D:\NCKH_DATATEAM\dataset\E-DAIC\698_P\698_AUDIO.wav,Ellie
698_P,698,698_67,no never saw combat I was in an 80 86 and 87 those years and I was in the Cold War era I was stationed on the,679.2,689.5,D:\NCKH_DATATEAM\dataset\E-DAIC\698_P\698_AUDIO.wav,Participant
698_P,698,698_68,and my ship was dry dock for a little while so I didn't I didn't see combat they didn't have combat at that time,691.3,697.4,D:\NCKH_DATATEAM\dataset\E-DAIC\698_P\698_AUDIO.wav,Ellie
698_P,698,698_69,how easy was it for you to go,705.6,707.0,D:\NCKH_DATATEAM\dataset\E-DAIC\698_P\698_AUDIO.wav,Participant
698_P,698,698_70,I think it was too easy for me I just did actually I just did real well getting out and and I'm getting back into civilian life I went in with it with both feet running and so yeah it was it was wasn't hard at all,710.5,727.3,D:\NCKH_DATATEAM\dataset\E-DAIC\698_P\698_AUDIO.wav,Ellie
698_P,698,698_71,alright,731.3,732.0,D:\NCKH_DATATEAM\dataset\E-DAIC\698_P\698_AUDIO.wav,Participant
698_P,698,698_72,what did you do,734.4,735.1,D:\NCKH_DATATEAM\dataset\E-DAIC\698_P\698_AUDIO.wav,Ellie
698_P,698,698_73,after the military,736.7,737.8,D:\NCKH_DATATEAM\dataset\E-DAIC\698_P\698_AUDIO.wav,Participant
698_P,698,698_74,I work several different jobs looking didn't thinking about what career I wanted to choose I apply for the sheriff's department didn't make the sheriff's department but got into working for different private investigative companies at that time and that's how I ended up working and getting into Workman's Comp fraud and different surveillance and investigative aspects of a private investigation so I work 5 investigation a little time after getting out of the military,739.6,769.2,D:\NCKH_DATATEAM\dataset\E-DAIC\698_P\698_AUDIO.wav,Ellie
698_P,698,698_75,how did serving in the military change you,776.3,778.3,D:\NCKH_DATATEAM\dataset\E-DAIC\698_P\698_AUDIO.wav,Participant
698_P,698,698_76,it taught me honor atami dignity you taught me respect it it taught me how to,780.1,786.1,D:\NCKH_DATATEAM\dataset\E-DAIC\698_P\698_AUDIO.wav,Ellie
698_P,698,698_77,to Listen and Obey chain of command it kind of grew me up a GroupMe app from a kid to a man in a lot of ways like I said I wish I had stayed in longer to have grown more but I did,788.6,802.6,D:\NCKH_DATATEAM\dataset\E-DAIC\698_P\698_AUDIO.wav,Participant
698_P,698,698_78,how have you been feeling lately,808.3,809.5,D:\NCKH_DATATEAM\dataset\E-DAIC\698_P\698_AUDIO.wav,Ellie
698_P,698,698_79,lately I been feeling,811.3,813.1,D:\NCKH_DATATEAM\dataset\E-DAIC\698_P\698_AUDIO.wav,Participant
698_P,698,698_80,just really I don't know just kind of worthless you know depressed a lot kind of a little bit worthless. Feeling like I don't know maybe a little bit a little lack of Hope in a lot of ways not knowing what my future holds and I guess you could say and I don't know just feeling a little down in the last couple weeks,815.4,835.9,D:\NCKH_DATATEAM\dataset\E-DAIC\698_P\698_AUDIO.wav,Ellie
698_P,698,698_81,have you noticed any changes in her behavior,841.0,842.8,D:\NCKH_DATATEAM\dataset\E-DAIC\698_P\698_AUDIO.wav,Participant
698_P,698,698_82,yeah this feeling kind of hopeless and just depressed and not having a lot of energy and and,845.7,854.0,D:\NCKH_DATATEAM\dataset\E-DAIC\698_P\698_AUDIO.wav,Ellie
698_P,698,698_83,like I said just feeling down just feeling just feeling down about myself now not feeling worthy you know those kind of feelings,855.8,865.9,D:\NCKH_DATATEAM\dataset\E-DAIC\698_P\698_AUDIO.wav,Participant
698_P,698,698_84,all right,869.2,869.9,D:\NCKH_DATATEAM\dataset\E-DAIC\698_P\698_AUDIO.wav,Ellie
698_P,698,698_85,how easy is it for you to get a good night sleep,872.3,874.3,D:\NCKH_DATATEAM\dataset\E-DAIC\698_P\698_AUDIO.wav,Participant
698_P,698,698_86,depends on the night sometimes I I sleep really well other nights it's Restless I have bad dreams things like that but lately I've just been kind of feeling depressed I've been sleeping too much,875.8,888.6,D:\NCKH_DATATEAM\dataset\E-DAIC\698_P\698_AUDIO.wav,Ellie
698_P,698,698_87,what are you,892.3,892.8,D:\NCKH_DATATEAM\dataset\E-DAIC\698_P\698_AUDIO.wav,Participant
698_P,698,698_88,sometimes I get irritable,895.2,896.6,D:\NCKH_DATATEAM\dataset\E-DAIC\698_P\698_AUDIO.wav,Ellie
698_P,698,698_89,I can't think straight I might my mind's a jumble,897.7,902.2,D:\NCKH_DATATEAM\dataset\E-DAIC\698_P\698_AUDIO.wav,Participant
698_P,698,698_90,are you,903.1,904.4,D:\NCKH_DATATEAM\dataset\E-DAIC\698_P\698_AUDIO.wav,Ellie
698_P,698,698_91,I just can't think straight and and irritable and may be cranky things like that,907.0,912.6,D:\NCKH_DATATEAM\dataset\E-DAIC\698_P\698_AUDIO.wav,Participant
698_P,698,698_92,yes,921.5,922.1,D:\NCKH_DATATEAM\dataset\E-DAIC\698_P\698_AUDIO.wav,Ellie
698_P,698,698_93,yes I am actually take medication for to get counseling for it and I've been dealing with that for a little while now but yeah I have been diagnosed with PTSD,923.0,934.5,D:\NCKH_DATATEAM\dataset\E-DAIC\698_P\698_AUDIO.wav,Participant
698_P,698,698_94,how long ago when he died,938.4,939.7,D:\NCKH_DATATEAM\dataset\E-DAIC\698_P\698_AUDIO.wav,Ellie
698_P,698,698_95,nice excuse me several years ago,940.9,944.2,D:\NCKH_DATATEAM\dataset\E-DAIC\698_P\698_AUDIO.wav,Participant
698_P,698,698_96,my earphones coming off a little bit but yeah several years ago,946.0,949.9,D:\NCKH_DATATEAM\dataset\E-DAIC\698_P\698_AUDIO.wav,Ellie
698_P,698,698_97,Tremors at night nightmares depression,956.5,961.6,D:\NCKH_DATATEAM\dataset\E-DAIC\698_P\698_AUDIO.wav,Participant
698_P,698,698_98,feeling feeling low something something bad is going to happen to me at all times you know that's how I felt when I was in the military I feel like our ship was going to be bombed anytime just being feeling a sense of Terror a lot of the time,964.5,982.3,D:\NCKH_DATATEAM\dataset\E-DAIC\698_P\698_AUDIO.wav,Ellie
698_P,698,698_99,are they triggered by something no that's the strange part about it it's just,986.3,991.4,D:\NCKH_DATATEAM\dataset\E-DAIC\698_P\698_AUDIO.wav,Participant
698_P,698,698_100,it's just the way I feel I don't know why it's like that I can't tell you but it's it's it's the way the way I've been feeling for 4 years ever since I was in the military I feel that way now like we're going to get bombed something's going to happen at any moment a cast is going to break out things like that and I can hate it I wish it was like that which I didn't think that way,993.2,1017.2,D:\NCKH_DATATEAM\dataset\E-DAIC\698_P\698_AUDIO.wav,Ellie
698_P,698,698_101,how do you cook with them,1022.1,1023.1,D:\NCKH_DATATEAM\dataset\E-DAIC\698_P\698_AUDIO.wav,Participant
698_P,698,698_102,isolate sometimes and and try to I pray I believe in God so I pray and I try to get him to comfort me in and help me to get through the the scary feelings I feel and I try to get support from the little friends I have in the few family members I have and I just try to tell myself everything's going to be okay it's it's not what I'm thinking you know things aren't the way I think they're they are in my head those those kind of coping mechanisms,1028.6,1062.7,D:\NCKH_DATATEAM\dataset\E-DAIC\698_P\698_AUDIO.wav,Ellie
698_P,698,698_103,I couldn't take it anymore I was having a,1072.7,1075.0,D:\NCKH_DATATEAM\dataset\E-DAIC\698_P\698_AUDIO.wav,Participant
698_P,698,698_104,still pressing up in the hospital,1076.8,1078.7,D:\NCKH_DATATEAM\dataset\E-DAIC\698_P\698_AUDIO.wav,Ellie
698_P,698,698_105,this feeling like I said feeling tired of being scared all the time couldn't I just couldn't deal with it anymore so I ended up getting help and I'm glad I did and it's a day-by-day struggle I still struggle everyday to to do Skip by but I basically I'm doing okay I'm hanging in there,1081.3,1103.5,D:\NCKH_DATATEAM\dataset\E-DAIC\698_P\698_AUDIO.wav,Participant
698_P,698,698_106,it's very hard,1109.6,1110.7,D:\NCKH_DATATEAM\dataset\E-DAIC\698_P\698_AUDIO.wav,Ellie
698_P,698,698_107,yeah I go to therapy like probably once a month I take meds for it helps me out a lot,1117.3,1123.9,D:\NCKH_DATATEAM\dataset\E-DAIC\698_P\698_AUDIO.wav,Participant
698_P,698,698_108,I probably should be going to therapy more but it's once a month right now,1126.7,1130.5,D:\NCKH_DATATEAM\dataset\E-DAIC\698_P\698_AUDIO.wav,Ellie
698_P,698,698_109,all right,1134.2,1134.9,D:\NCKH_DATATEAM\dataset\E-DAIC\698_P\698_AUDIO.wav,Participant
698_P,698,698_110,you feel therapy in Hughesville,1138.1,1139.7,D:\NCKH_DATATEAM\dataset\E-DAIC\698_P\698_AUDIO.wav,Ellie
698_P,698,698_111,I think it's useful if you're serious about it and you take it seriously and you have the right therapist and everything is,1141.3,1150.2,D:\NCKH_DATATEAM\dataset\E-DAIC\698_P\698_AUDIO.wav,Participant
698_P,698,698_112,the right Dynamics are there I think it's very useful yeah,1152.3,1155.2,D:\NCKH_DATATEAM\dataset\E-DAIC\698_P\698_AUDIO.wav,Ellie
698_P,698,698_113,well I think that,1162.2,1163.3,D:\NCKH_DATATEAM\dataset\E-DAIC\698_P\698_AUDIO.wav,Participant
698_P,698,698_114,if you if you go if you're going just to go it's not going to help if you're going to seat the true answers to get help I think it's it's going to it's going to work it's good you're going to get help it's good things will work out but if you've got the wrong person to talk to their that the chemistry is not there or the education or whatever Dynamics are involved aren't working they're not in sync with each other either on your side of the of the therapist is there is going to be,1166.2,1193.9,D:\NCKH_DATATEAM\dataset\E-DAIC\698_P\698_AUDIO.wav,Ellie
698_P,698,698_115,more difficult for the for the solution to be a positive when I think,1195.4,1200.9,D:\NCKH_DATATEAM\dataset\E-DAIC\698_P\698_AUDIO.wav,Participant
698_P,698,698_116,I don't know I I I don't know if I said that properly but basically yeah,1201.8,1206.6,D:\NCKH_DATATEAM\dataset\E-DAIC\698_P\698_AUDIO.wav,Ellie
698_P,698,698_117,let's sort of changes have I noticed,1213.5,1216.4,D:\NCKH_DATATEAM\dataset\E-DAIC\698_P\698_AUDIO.wav,Participant
698_P,698,698_118,I'm more of a positive person actually that I that I ever have been was completely negative about everything for so many years I'm more positive I have more hope even though I have days of hopelessness more hope I feel more secure Within Myself and I feel like I've got a release I've got somebody that I could talk to,1217.8,1241.2,D:\NCKH_DATATEAM\dataset\E-DAIC\698_P\698_AUDIO.wav,Ellie
698_P,698,698_119,that will then understands me and somebody that could really relate with,1244.5,1249.4,D:\NCKH_DATATEAM\dataset\E-DAIC\698_P\698_AUDIO.wav,Participant
698_P,698,698_120,when is the,1256.3,1257.0,D:\NCKH_DATATEAM\dataset\E-DAIC\698_P\698_AUDIO.wav,Ellie
698_P,698,698_121,you know,1261.9,1262.5,D:\NCKH_DATATEAM\dataset\E-DAIC\698_P\698_AUDIO.wav,Participant
698_P,698,698_122,I don't remember the last time I was very happy to be honest with you I don't remember,1268.8,1273.9,D:\NCKH_DATATEAM\dataset\E-DAIC\698_P\698_AUDIO.wav,Ellie
698_P,698,698_123,it's a,1274.9,1275.7,D:\NCKH_DATATEAM\dataset\E-DAIC\698_P\698_AUDIO.wav,Participant
698_P,698,698_124,I don't remember it's been a long time,1277.1,1279.0,D:\NCKH_DATATEAM\dataset\E-DAIC\698_P\698_AUDIO.wav,Ellie
698_P,698,698_125,let's see my brother my older brother,1285.1,1290.0,D:\NCKH_DATATEAM\dataset\E-DAIC\698_P\698_AUDIO.wav,Participant
698_P,698,698_126,he's a real positive influence in my life my best friend,1291.3,1296.0,D:\NCKH_DATATEAM\dataset\E-DAIC\698_P\698_AUDIO.wav,Ellie
698_P,698,698_127,she's a rub super positive person in my life every time I start talking negative or looking down on things she always reminds me be positive be positive and that helps a lot and she's there to encourage me and those two people right there or play a big role in my life,1297.2,1315.7,D:\NCKH_DATATEAM\dataset\E-DAIC\698_P\698_AUDIO.wav,Participant
698_P,698,698_128,how do your best friend is,1320.5,1321.7,D:\NCKH_DATATEAM\dataset\E-DAIC\698_P\698_AUDIO.wav,Ellie
698_P,698,698_129,oh boy I have I think she probably describe me as,1325.6,1329.7,D:\NCKH_DATATEAM\dataset\E-DAIC\698_P\698_AUDIO.wav,Participant
698_P,698,698_130,somebody that needs to take things more seriously when it comes to his health is spirituality life itself,1330.9,1339.2,D:\NCKH_DATATEAM\dataset\E-DAIC\698_P\698_AUDIO.wav,Ellie
698_P,698,698_131,somebody that has a lot of issues but yet she cares very much about,1342.7,1347.9,D:\NCKH_DATATEAM\dataset\E-DAIC\698_P\698_AUDIO.wav,Participant
698_P,698,698_132,tell me about something you did recently,1352.3,1354.0,D:\NCKH_DATATEAM\dataset\E-DAIC\698_P\698_AUDIO.wav,Ellie
698_P,698,698_133,let's see something I've done recently that I've really enjoyed that I've really enjoyed I enjoyed going over my brother's house and watching seeing him work on his Harley-Davidson he's building a Harley-Davidson from the ground up so I enjoyed going over there and seeing him get almost finished building this Harley from the ground up that was something I really enjoyed doing,1360.7,1382.9,D:\NCKH_DATATEAM\dataset\E-DAIC\698_P\698_AUDIO.wav,Participant
698_P,698,698_134,nice,1387.0,1387.7,D:\NCKH_DATATEAM\dataset\E-DAIC\698_P\698_AUDIO.wav,Ellie
698_P,698,698_135,what are you most proud of,1391.1,1392.2,D:\NCKH_DATATEAM\dataset\E-DAIC\698_P\698_AUDIO.wav,Participant
698_P,698,698_136,I guess it would,1404.6,1405.6,D:\NCKH_DATATEAM\dataset\E-DAIC\698_P\698_AUDIO.wav,Ellie
698_P,698,698_137,okay thank you,1410.5,1411.5,D:\NCKH_DATATEAM\dataset\E-DAIC\698_P\698_AUDIO.wav,Participant
698_P,698,698_138,goodbye,1416.2,1416.7,D:\NCKH_DATATEAM\dataset\E-DAIC\698_P\698_AUDIO.wav,Ellie
699_P,699,699_0,okay,1.7000000000000002,3.5,D:\NCKH_DATATEAM\dataset\E-DAIC\699_P\699_AUDIO.wav,Ellie
699_P,699,699_1,20 seconds or more go ahead and press that button every once in awhile things could go wrong I hope that doesn't happen but I just don't want you to be sitting here wondering what's happening if she is frozen or something okay,13.0,23.9,D:\NCKH_DATATEAM\dataset\E-DAIC\699_P\699_AUDIO.wav,Participant
699_P,699,699_2,do I need to see something,35.3,36.9,D:\NCKH_DATATEAM\dataset\E-DAIC\699_P\699_AUDIO.wav,Ellie
699_P,699,699_3,I don't need to see,40.9,41.9,D:\NCKH_DATATEAM\dataset\E-DAIC\699_P\699_AUDIO.wav,Participant
699_P,699,699_4,I need to see,45.1,46.2,D:\NCKH_DATATEAM\dataset\E-DAIC\699_P\699_AUDIO.wav,Ellie
699_P,699,699_5,okay good cuz I'm having a problem saying that's fine,50.5,55.3,D:\NCKH_DATATEAM\dataset\E-DAIC\699_P\699_AUDIO.wav,Participant
699_P,699,699_6,for some reason pauses for a very long time okay okay,82.5,85.6,D:\NCKH_DATATEAM\dataset\E-DAIC\699_P\699_AUDIO.wav,Ellie
699_P,699,699_7,and please,105.4,106.1,D:\NCKH_DATATEAM\dataset\E-DAIC\699_P\699_AUDIO.wav,Participant
699_P,699,699_8,are you okay with this yes,113.9,115.8,D:\NCKH_DATATEAM\dataset\E-DAIC\699_P\699_AUDIO.wav,Ellie
699_P,699,699_9,okay,118.7,119.3,D:\NCKH_DATATEAM\dataset\E-DAIC\699_P\699_AUDIO.wav,Participant
699_P,699,699_10,how are you doing today pretty good,122.0,125.3,D:\NCKH_DATATEAM\dataset\E-DAIC\699_P\699_AUDIO.wav,Ellie
699_P,699,699_11,Detroit Michigan,130.5,131.5,D:\NCKH_DATATEAM\dataset\E-DAIC\699_P\699_AUDIO.wav,Participant
699_P,699,699_12,the weather,138.2,138.9,D:\NCKH_DATATEAM\dataset\E-DAIC\699_P\699_AUDIO.wav,Ellie
699_P,699,699_13,the games,145.8,146.7,D:\NCKH_DATATEAM\dataset\E-DAIC\699_P\699_AUDIO.wav,Participant
699_P,699,699_14,you travel a lot,153.9,154.7,D:\NCKH_DATATEAM\dataset\E-DAIC\699_P\699_AUDIO.wav,Ellie
699_P,699,699_15,I move around quite a bit,156.8,158.7,D:\NCKH_DATATEAM\dataset\E-DAIC\699_P\699_AUDIO.wav,Participant
699_P,699,699_16,I don't understand the question,176.0,177.2,D:\NCKH_DATATEAM\dataset\E-DAIC\699_P\699_AUDIO.wav,Ellie
699_P,699,699_17,auto body repair,186.6,187.9,D:\NCKH_DATATEAM\dataset\E-DAIC\699_P\699_AUDIO.wav,Participant
699_P,699,699_18,I'm a disabled veteran,193.9,195.2,D:\NCKH_DATATEAM\dataset\E-DAIC\699_P\699_AUDIO.wav,Ellie
699_P,699,699_19,senior citizen,196.3,197.3,D:\NCKH_DATATEAM\dataset\E-DAIC\699_P\699_AUDIO.wav,Participant
699_P,699,699_20,not to work,207.1,208.1,D:\NCKH_DATATEAM\dataset\E-DAIC\699_P\699_AUDIO.wav,Ellie
699_P,699,699_21,in between,218.0,219.0,D:\NCKH_DATATEAM\dataset\E-DAIC\699_P\699_AUDIO.wav,Participant
699_P,699,699_22,tell me about your relationship with your family,223.2,225.5,D:\NCKH_DATATEAM\dataset\E-DAIC\699_P\699_AUDIO.wav,Ellie
699_P,699,699_23,9,228.5,229.7,D:\NCKH_DATATEAM\dataset\E-DAIC\699_P\699_AUDIO.wav,Participant
699_P,699,699_24,sometimes when I'm feeling 10,233.2,235.0,D:\NCKH_DATATEAM\dataset\E-DAIC\699_P\699_AUDIO.wav,Ellie
699_P,699,699_25,what do you do,242.9,243.6,D:\NCKH_DATATEAM\dataset\E-DAIC\699_P\699_AUDIO.wav,Participant
699_P,699,699_26,communicate with veterans,246.9,248.4,D:\NCKH_DATATEAM\dataset\E-DAIC\699_P\699_AUDIO.wav,Ellie
699_P,699,699_27,sometimey,258.1,258.9,D:\NCKH_DATATEAM\dataset\E-DAIC\699_P\699_AUDIO.wav,Participant
699_P,699,699_28,when was the law,262.8,263.6,D:\NCKH_DATATEAM\dataset\E-DAIC\699_P\699_AUDIO.wav,Ellie
699_P,699,699_29,yesterday,269.6,270.6,D:\NCKH_DATATEAM\dataset\E-DAIC\699_P\699_AUDIO.wav,Participant
699_P,699,699_30,don't remember,279.3,280.0,D:\NCKH_DATATEAM\dataset\E-DAIC\699_P\699_AUDIO.wav,Ellie
699_P,699,699_31,nothing right now,295.9,296.8,D:\NCKH_DATATEAM\dataset\E-DAIC\699_P\699_AUDIO.wav,Participant
699_P,699,699_32,not being a good father,308.0,309.2,D:\NCKH_DATATEAM\dataset\E-DAIC\699_P\699_AUDIO.wav,Ellie
699_P,699,699_33,tell me about,315.8,316.4,D:\NCKH_DATATEAM\dataset\E-DAIC\699_P\699_AUDIO.wav,Participant
699_P,699,699_34,can taking one now,324.3,325.4,D:\NCKH_DATATEAM\dataset\E-DAIC\699_P\699_AUDIO.wav,Ellie
699_P,699,699_35,thank you for my mother,338.5,339.8,D:\NCKH_DATATEAM\dataset\E-DAIC\699_P\699_AUDIO.wav,Participant
699_P,699,699_36,yes,349.3,349.9,D:\NCKH_DATATEAM\dataset\E-DAIC\699_P\699_AUDIO.wav,Ellie
699_P,699,699_37,18,357.8,358.7,D:\NCKH_DATATEAM\dataset\E-DAIC\699_P\699_AUDIO.wav,Participant
699_P,699,699_38,the most presidents organization I've ever been in,365.7,368.3,D:\NCKH_DATATEAM\dataset\E-DAIC\699_P\699_AUDIO.wav,Ellie
699_P,699,699_39,are you happy,371.5,372.2,D:\NCKH_DATATEAM\dataset\E-DAIC\699_P\699_AUDIO.wav,Participant
699_P,699,699_40,yes,373.4,374.0,D:\NCKH_DATATEAM\dataset\E-DAIC\699_P\699_AUDIO.wav,Ellie
699_P,699,699_41,yes,382.2,382.9,D:\NCKH_DATATEAM\dataset\E-DAIC\699_P\699_AUDIO.wav,Participant
699_P,699,699_42,all right,386.5,387.1,D:\NCKH_DATATEAM\dataset\E-DAIC\699_P\699_AUDIO.wav,Ellie
699_P,699,699_43,how easy was it for you to go back,389.8,391.2,D:\NCKH_DATATEAM\dataset\E-DAIC\699_P\699_AUDIO.wav,Participant
699_P,699,699_44,how to understand,395.3,397.5,D:\NCKH_DATATEAM\dataset\E-DAIC\699_P\699_AUDIO.wav,Ellie
699_P,699,699_45,I drinked drugged,406.9,408.6,D:\NCKH_DATATEAM\dataset\E-DAIC\699_P\699_AUDIO.wav,Participant
699_P,699,699_46,I matured,419.8,420.9,D:\NCKH_DATATEAM\dataset\E-DAIC\699_P\699_AUDIO.wav,Ellie
699_P,699,699_47,we're about a lot of things,433.7,434.7,D:\NCKH_DATATEAM\dataset\E-DAIC\699_P\699_AUDIO.wav,Participant
699_P,699,699_48,can you tell me about that,438.6,439.7,D:\NCKH_DATATEAM\dataset\E-DAIC\699_P\699_AUDIO.wav,Ellie
699_P,699,699_49,relationships,442.9,444.1,D:\NCKH_DATATEAM\dataset\E-DAIC\699_P\699_AUDIO.wav,Participant
699_P,699,699_50,yes,453.5,454.1,D:\NCKH_DATATEAM\dataset\E-DAIC\699_P\699_AUDIO.wav,Ellie
699_P,699,699_51,I,463.5,463.8,D:\NCKH_DATATEAM\dataset\E-DAIC\699_P\699_AUDIO.wav,Participant
699_P,699,699_52,Tinder make friends better,465.0,467.7,D:\NCKH_DATATEAM\dataset\E-DAIC\699_P\699_AUDIO.wav,Ellie
699_P,699,699_53,how easy is it for you to get a good night sleep,471.6,473.6,D:\NCKH_DATATEAM\dataset\E-DAIC\699_P\699_AUDIO.wav,Participant
699_P,699,699_54,not easy at all,475.8,476.9,D:\NCKH_DATATEAM\dataset\E-DAIC\699_P\699_AUDIO.wav,Ellie
699_P,699,699_55,trying to get to sleep,484.3,485.4,D:\NCKH_DATATEAM\dataset\E-DAIC\699_P\699_AUDIO.wav,Participant
699_P,699,699_56,yes,494.8,495.4,D:\NCKH_DATATEAM\dataset\E-DAIC\699_P\699_AUDIO.wav,Ellie
699_P,699,699_57,in the 90s,502.3,503.4,D:\NCKH_DATATEAM\dataset\E-DAIC\699_P\699_AUDIO.wav,Participant
699_P,699,699_58,my behavior,512.5,513.2,D:\NCKH_DATATEAM\dataset\E-DAIC\699_P\699_AUDIO.wav,Ellie
699_P,699,699_59,what's,514.6,515.3,D:\NCKH_DATATEAM\dataset\E-DAIC\699_P\699_AUDIO.wav,Participant
699_P,699,699_60,rabbit,516.8,517.6,D:\NCKH_DATATEAM\dataset\E-DAIC\699_P\699_AUDIO.wav,Ellie
699_P,699,699_61,hostel,518.7,520.2,D:\NCKH_DATATEAM\dataset\E-DAIC\699_P\699_AUDIO.wav,Participant
699_P,699,699_62,a lot of things,526.2,527.4,D:\NCKH_DATATEAM\dataset\E-DAIC\699_P\699_AUDIO.wav,Ellie
699_P,699,699_63,people not understanding me or my J's,535.0,538.5,D:\NCKH_DATATEAM\dataset\E-DAIC\699_P\699_AUDIO.wav,Participant
699_P,699,699_64,how do you cope with them,543.3,544.4,D:\NCKH_DATATEAM\dataset\E-DAIC\699_P\699_AUDIO.wav,Ellie
699_P,699,699_65,one day at a time,546.4,547.2,D:\NCKH_DATATEAM\dataset\E-DAIC\699_P\699_AUDIO.wav,Participant
699_P,699,699_66,I go with the flow,554.7,555.7,D:\NCKH_DATATEAM\dataset\E-DAIC\699_P\699_AUDIO.wav,Ellie
699_P,699,699_67,the VA Hospital,566.5,567.4,D:\NCKH_DATATEAM\dataset\E-DAIC\699_P\699_AUDIO.wav,Participant
699_P,699,699_68,no,578.0,578.4,D:\NCKH_DATATEAM\dataset\E-DAIC\699_P\699_AUDIO.wav,Ellie
699_P,699,699_69,you feel therapy in Haysville,583.3,584.7,D:\NCKH_DATATEAM\dataset\E-DAIC\699_P\699_AUDIO.wav,Participant
699_P,699,699_70,yes,585.8,586.5,D:\NCKH_DATATEAM\dataset\E-DAIC\699_P\699_AUDIO.wav,Ellie
699_P,699,699_71,I get I get a relief with one on one,596.2,599.6,D:\NCKH_DATATEAM\dataset\E-DAIC\699_P\699_AUDIO.wav,Participant
699_P,699,699_72,certain people,601.2,602.0,D:\NCKH_DATATEAM\dataset\E-DAIC\699_P\699_AUDIO.wav,Ellie
699_P,699,699_73,I understand me more,611.0,612.4,D:\NCKH_DATATEAM\dataset\E-DAIC\699_P\699_AUDIO.wav,Participant
699_P,699,699_74,when was the last time,619.6,620.7,D:\NCKH_DATATEAM\dataset\E-DAIC\699_P\699_AUDIO.wav,Ellie
699_P,699,699_75,can't remember,625.4,626.2,D:\NCKH_DATATEAM\dataset\E-DAIC\699_P\699_AUDIO.wav,Participant
699_P,699,699_76,I can't remember,631.1,632.1,D:\NCKH_DATATEAM\dataset\E-DAIC\699_P\699_AUDIO.wav,Ellie
699_P,699,699_77,several people,639.2,641.0,D:\NCKH_DATATEAM\dataset\E-DAIC\699_P\699_AUDIO.wav,Participant
699_P,699,699_78,I make friends easier now,650.5,652.5,D:\NCKH_DATATEAM\dataset\E-DAIC\699_P\699_AUDIO.wav,Ellie
699_P,699,699_79,how do your best,656.7,657.5,D:\NCKH_DATATEAM\dataset\E-DAIC\699_P\699_AUDIO.wav,Participant
699_P,699,699_80,that's a real good guy,660.1,661.3,D:\NCKH_DATATEAM\dataset\E-DAIC\699_P\699_AUDIO.wav,Ellie
699_P,699,699_81,sharing with others,669.9,670.8,D:\NCKH_DATATEAM\dataset\E-DAIC\699_P\699_AUDIO.wav,Participant
699_P,699,699_82,what are you most proud of,679.4,680.4,D:\NCKH_DATATEAM\dataset\E-DAIC\699_P\699_AUDIO.wav,Ellie
699_P,699,699_83,being a veteran,683.4,684.4,D:\NCKH_DATATEAM\dataset\E-DAIC\699_P\699_AUDIO.wav,Participant
699_P,699,699_84,thanks for sharing your thoughts,691.3,692.4,D:\NCKH_DATATEAM\dataset\E-DAIC\699_P\699_AUDIO.wav,Ellie
699_P,699,699_85,thank you,693.7,694.3,D:\NCKH_DATATEAM\dataset\E-DAIC\699_P\699_AUDIO.wav,Participant
699_P,699,699_86,goodbye,697.6,698.6,D:\NCKH_DATATEAM\dataset\E-DAIC\699_P\699_AUDIO.wav,Ellie
702_P,702,702_0,hi,31.4,31.7,D:\NCKH_DATATEAM\dataset\E-DAIC\702_P\702_AUDIO.wav,Ellie
702_P,702,702_1,I'm not a therapist,39.3,40.4,D:\NCKH_DATATEAM\dataset\E-DAIC\702_P\702_AUDIO.wav,Participant
702_P,702,702_2,are you okay,55.0,55.7,D:\NCKH_DATATEAM\dataset\E-DAIC\702_P\702_AUDIO.wav,Ellie
702_P,702,702_3,yes,56.4,57.1,D:\NCKH_DATATEAM\dataset\E-DAIC\702_P\702_AUDIO.wav,Participant
702_P,702,702_4,okay,61.0,61.6,D:\NCKH_DATATEAM\dataset\E-DAIC\702_P\702_AUDIO.wav,Ellie
702_P,702,702_5,so how are you doing today good,64.3,67.2,D:\NCKH_DATATEAM\dataset\E-DAIC\702_P\702_AUDIO.wav,Participant
702_P,702,702_6,where you from,71.2,71.9,D:\NCKH_DATATEAM\dataset\E-DAIC\702_P\702_AUDIO.wav,Ellie
702_P,702,702_7,Redondo Beach,72.9,73.7,D:\NCKH_DATATEAM\dataset\E-DAIC\702_P\702_AUDIO.wav,Participant
702_P,702,702_8,like surfing that I used to lecture from that I do construction that did construction I just like the people that the weather,83.2,93.3,D:\NCKH_DATATEAM\dataset\E-DAIC\702_P\702_AUDIO.wav,Ellie
702_P,702,702_9,not a whole lot I don't like about la,104.7,107.2,D:\NCKH_DATATEAM\dataset\E-DAIC\702_P\702_AUDIO.wav,Participant
702_P,702,702_10,the gangs,109.8,110.6,D:\NCKH_DATATEAM\dataset\E-DAIC\702_P\702_AUDIO.wav,Ellie
702_P,702,702_11,not really I usually stay in this area,120.5,124.3,D:\NCKH_DATATEAM\dataset\E-DAIC\702_P\702_AUDIO.wav,Participant
702_P,702,702_12,what do you enjoy it,128.1,129.0,D:\NCKH_DATATEAM\dataset\E-DAIC\702_P\702_AUDIO.wav,Ellie
702_P,702,702_13,seeing the sights,130.6,133.2,D:\NCKH_DATATEAM\dataset\E-DAIC\702_P\702_AUDIO.wav,Participant
702_P,702,702_14,hi like I went to Las Vegas and went out to see the fire Canyon that was nice,139.5,148.1,D:\NCKH_DATATEAM\dataset\E-DAIC\702_P\702_AUDIO.wav,Ellie
702_P,702,702_15,all the rock,151.7,152.5,D:\NCKH_DATATEAM\dataset\E-DAIC\702_P\702_AUDIO.wav,Participant
702_P,702,702_16,walking down the trails and fire Canyon and experiencing all the formations and things that were there,155.0,163.3,D:\NCKH_DATATEAM\dataset\E-DAIC\702_P\702_AUDIO.wav,Ellie
702_P,702,702_17,drafting mainly,169.1,171.7,D:\NCKH_DATATEAM\dataset\E-DAIC\702_P\702_AUDIO.wav,Participant
702_P,702,702_18,all I was in construction but now I'm retired and disabled,176.3,180.5,D:\NCKH_DATATEAM\dataset\E-DAIC\702_P\702_AUDIO.wav,Ellie
702_P,702,702_19,haha being executive,189.5,191.8,D:\NCKH_DATATEAM\dataset\E-DAIC\702_P\702_AUDIO.wav,Participant
702_P,702,702_20,owner of a company,194.1,195.0,D:\NCKH_DATATEAM\dataset\E-DAIC\702_P\702_AUDIO.wav,Ellie
702_P,702,702_21,do you consider yourself more shy or outgoing I'm kind of shy and reserved at first but then once I get to know people then I'm pretty outgoing and everything,200.0,209.8,D:\NCKH_DATATEAM\dataset\E-DAIC\702_P\702_AUDIO.wav,Participant
702_P,702,702_22,why,213.0,213.4,D:\NCKH_DATATEAM\dataset\E-DAIC\702_P\702_AUDIO.wav,Ellie
702_P,702,702_23,why am I shy or why am I outgoing,214.8,216.6,D:\NCKH_DATATEAM\dataset\E-DAIC\702_P\702_AUDIO.wav,Participant
702_P,702,702_24,I was raised in foster care so I don't have much familiarity with my family but with foster parents,223.6,233.5,D:\NCKH_DATATEAM\dataset\E-DAIC\702_P\702_AUDIO.wav,Ellie
702_P,702,702_25,sometimes when I'm feeling 10 I turn on the fish tank screensaver,237.5,241.8,D:\NCKH_DATATEAM\dataset\E-DAIC\702_P\702_AUDIO.wav,Participant
702_P,702,702_26,I know it's not Hawaii but it's the best I've got,242.7,245.7,D:\NCKH_DATATEAM\dataset\E-DAIC\702_P\702_AUDIO.wav,Ellie
702_P,702,702_27,what do you do,247.2,248.0,D:\NCKH_DATATEAM\dataset\E-DAIC\702_P\702_AUDIO.wav,Participant
702_P,702,702_28,go downstairs smoke a cigarette with friends talk with friends,249.4,254.5,D:\NCKH_DATATEAM\dataset\E-DAIC\702_P\702_AUDIO.wav,Ellie
702_P,702,702_29,very good,261.6,262.4,D:\NCKH_DATATEAM\dataset\E-DAIC\702_P\702_AUDIO.wav,Participant
702_P,702,702_30,hahaha it's been too long to remember I die I'm a very happy person get along go lucky person with anybody in it so it's hard to get me riled,269.4,280.1,D:\NCKH_DATATEAM\dataset\E-DAIC\702_P\702_AUDIO.wav,Ellie
702_P,702,702_31,tell me about it,287.2,287.9,D:\NCKH_DATATEAM\dataset\E-DAIC\702_P\702_AUDIO.wav,Participant
702_P,702,702_32,maybe last time I moved,296.9,298.3,D:\NCKH_DATATEAM\dataset\E-DAIC\702_P\702_AUDIO.wav,Ellie
702_P,702,702_33,something you feel,306.2,307.1,D:\NCKH_DATATEAM\dataset\E-DAIC\702_P\702_AUDIO.wav,Participant
702_P,702,702_34,guilty guilty and I couldn't tell you I don't feel guilty about anything to feel guilty about,313.5,323.5,D:\NCKH_DATATEAM\dataset\E-DAIC\702_P\702_AUDIO.wav,Ellie
702_P,702,702_35,tell me about the hardest decision you've ever had to make,328.1,331.2,D:\NCKH_DATATEAM\dataset\E-DAIC\702_P\702_AUDIO.wav,Participant
702_P,702,702_36,getting divorced,332.3,334.7,D:\NCKH_DATATEAM\dataset\E-DAIC\702_P\702_AUDIO.wav,Ellie
702_P,702,702_37,all right,339.0,339.6,D:\NCKH_DATATEAM\dataset\E-DAIC\702_P\702_AUDIO.wav,Participant
702_P,702,702_38,tell me about Nevada or something that you wish you could erase from,342.5,345.9,D:\NCKH_DATATEAM\dataset\E-DAIC\702_P\702_AUDIO.wav,Ellie
702_P,702,702_39,maybe a car accident,353.9,355.5,D:\NCKH_DATATEAM\dataset\E-DAIC\702_P\702_AUDIO.wav,Participant
702_P,702,702_40,have you ever,360.0,360.6,D:\NCKH_DATATEAM\dataset\E-DAIC\702_P\702_AUDIO.wav,Ellie
702_P,702,702_41,yes I have,361.5,362.5,D:\NCKH_DATATEAM\dataset\E-DAIC\702_P\702_AUDIO.wav,Participant
702_P,702,702_42,18,367.9,368.8,D:\NCKH_DATATEAM\dataset\E-DAIC\702_P\702_AUDIO.wav,Ellie
702_P,702,702_43,how my dad was in the military my grandfather was in the military and you know it's a family tradition,374.2,379.9,D:\NCKH_DATATEAM\dataset\E-DAIC\702_P\702_AUDIO.wav,Participant
702_P,702,702_44,are you happy you did that was good,384.0,387.2,D:\NCKH_DATATEAM\dataset\E-DAIC\702_P\702_AUDIO.wav,Ellie
702_P,702,702_45,no,395.9,396.3,D:\NCKH_DATATEAM\dataset\E-DAIC\702_P\702_AUDIO.wav,Participant
702_P,702,702_46,I just crawled underneath planes and hook them up their catapults and shot him off the flight deck,400.9,405.7,D:\NCKH_DATATEAM\dataset\E-DAIC\702_P\702_AUDIO.wav,Ellie
702_P,702,702_47,how it was it was easy no problem,413.1,415.7,D:\NCKH_DATATEAM\dataset\E-DAIC\702_P\702_AUDIO.wav,Participant
702_P,702,702_48,went into Construction,424.4,425.7,D:\NCKH_DATATEAM\dataset\E-DAIC\702_P\702_AUDIO.wav,Ellie
702_P,702,702_49,building houses,426.9,427.9,D:\NCKH_DATATEAM\dataset\E-DAIC\702_P\702_AUDIO.wav,Participant
702_P,702,702_50,it just made me more responsible I guess,439.0,442.0,D:\NCKH_DATATEAM\dataset\E-DAIC\702_P\702_AUDIO.wav,Ellie
702_P,702,702_51,all right,445.9,446.6,D:\NCKH_DATATEAM\dataset\E-DAIC\702_P\702_AUDIO.wav,Participant
702_P,702,702_52,how have you been feeling lately good,448.9,451.7,D:\NCKH_DATATEAM\dataset\E-DAIC\702_P\702_AUDIO.wav,Ellie
702_P,702,702_53,good,452.8,453.4,D:\NCKH_DATATEAM\dataset\E-DAIC\702_P\702_AUDIO.wav,Participant
702_P,702,702_54,outside the pain,454.6,455.8,D:\NCKH_DATATEAM\dataset\E-DAIC\702_P\702_AUDIO.wav,Ellie
702_P,702,702_55,shoulder pain back pain knee pain,460.6,463.6,D:\NCKH_DATATEAM\dataset\E-DAIC\702_P\702_AUDIO.wav,Participant
702_P,702,702_56,injured,467.8,468.7,D:\NCKH_DATATEAM\dataset\E-DAIC\702_P\702_AUDIO.wav,Ellie
702_P,702,702_57,I know,476.6,477.5,D:\NCKH_DATATEAM\dataset\E-DAIC\702_P\702_AUDIO.wav,Participant
702_P,702,702_58,tell me more about that,481.3,482.0,D:\NCKH_DATATEAM\dataset\E-DAIC\702_P\702_AUDIO.wav,Ellie
702_P,702,702_59,more about nothing,483.9,485.2,D:\NCKH_DATATEAM\dataset\E-DAIC\702_P\702_AUDIO.wav,Participant
702_P,702,702_60,not like I said I'm a happy-go-lucky person you know on,487.5,490.8,D:\NCKH_DATATEAM\dataset\E-DAIC\702_P\702_AUDIO.wav,Ellie
702_P,702,702_61,takes a lot to get me riled,492.2,493.6,D:\NCKH_DATATEAM\dataset\E-DAIC\702_P\702_AUDIO.wav,Participant
702_P,702,702_62,no problem I turn off the TV I go to sleep,499.9,502.2,D:\NCKH_DATATEAM\dataset\E-DAIC\702_P\702_AUDIO.wav,Ellie
702_P,702,702_63,wake up in the morning refreshed feeling fine,504.4,507.1,D:\NCKH_DATATEAM\dataset\E-DAIC\702_P\702_AUDIO.wav,Participant
702_P,702,702_64,because it's a good thing to feel fine,514.1,516.8,D:\NCKH_DATATEAM\dataset\E-DAIC\702_P\702_AUDIO.wav,Ellie
702_P,702,702_65,what are you like,520.9,521.6,D:\NCKH_DATATEAM\dataset\E-DAIC\702_P\702_AUDIO.wav,Participant
702_P,702,702_66,I always sleep well,525.6,527.1,D:\NCKH_DATATEAM\dataset\E-DAIC\702_P\702_AUDIO.wav,Ellie
702_P,702,702_67,have you ever been tagged,533.7,534.7,D:\NCKH_DATATEAM\dataset\E-DAIC\702_P\702_AUDIO.wav,Participant
702_P,702,702_68,no,535.9,536.4,D:\NCKH_DATATEAM\dataset\E-DAIC\702_P\702_AUDIO.wav,Ellie
702_P,702,702_69,no,544.8,545.2,D:\NCKH_DATATEAM\dataset\E-DAIC\702_P\702_AUDIO.wav,Participant
702_P,702,702_70,I feel happy every day,555.7,557.3,D:\NCKH_DATATEAM\dataset\E-DAIC\702_P\702_AUDIO.wav,Ellie
702_P,702,702_71,can you tell me about that,560.7,561.7,D:\NCKH_DATATEAM\dataset\E-DAIC\702_P\702_AUDIO.wav,Participant
702_P,702,702_72,last time I felt really happy I was at the wedding for my for my niece I was a good time,562.6,571.6,D:\NCKH_DATATEAM\dataset\E-DAIC\702_P\702_AUDIO.wav,Ellie
702_P,702,702_73,the pastor and his wife I go to church every Sunday,578.2,582.1,D:\NCKH_DATATEAM\dataset\E-DAIC\702_P\702_AUDIO.wav,Participant
702_P,702,702_74,can you tell me about that they helped raise me when I was younger in foster homes but then they've been in and out of my life ever since and they always help me out,585.7,596.5,D:\NCKH_DATATEAM\dataset\E-DAIC\702_P\702_AUDIO.wav,Ellie
702_P,702,702_75,when I get down I guess or whatever,597.8,599.7,D:\NCKH_DATATEAM\dataset\E-DAIC\702_P\702_AUDIO.wav,Participant
702_P,702,702_76,as a happy-go-lucky person,605.2,606.7,D:\NCKH_DATATEAM\dataset\E-DAIC\702_P\702_AUDIO.wav,Ellie
702_P,702,702_77,what's something you did,611.3,612.2,D:\NCKH_DATATEAM\dataset\E-DAIC\702_P\702_AUDIO.wav,Participant
702_P,702,702_78,went down walked around the beach hadn't seen the beach in a long time walked around the pier really enjoyed that,614.7,621.4,D:\NCKH_DATATEAM\dataset\E-DAIC\702_P\702_AUDIO.wav,Ellie
702_P,702,702_79,nice,625.5,626.2,D:\NCKH_DATATEAM\dataset\E-DAIC\702_P\702_AUDIO.wav,Participant
702_P,702,702_80,what are you most proud of in your life,629.6,631.4,D:\NCKH_DATATEAM\dataset\E-DAIC\702_P\702_AUDIO.wav,Ellie
702_P,702,702_81,some of my sculpturing and a lot of the jobs I did their work work that I put into him and go by and show people that the jobs I did you can see it and I'm happy about the things I did,632.2,648.0,D:\NCKH_DATATEAM\dataset\E-DAIC\702_P\702_AUDIO.wav,Participant
702_P,702,702_82,no problem,656.6,657.5,D:\NCKH_DATATEAM\dataset\E-DAIC\702_P\702_AUDIO.wav,Ellie
702_P,702,702_83,goodbye,661.4,661.9,D:\NCKH_DATATEAM\dataset\E-DAIC\702_P\702_AUDIO.wav,Participant
702_P,702,702_84,hello,688.9,689.4,D:\NCKH_DATATEAM\dataset\E-DAIC\702_P\702_AUDIO.wav,Ellie
702_P,702,702_85,and take this off,727.3,728.4,D:\NCKH_DATATEAM\dataset\E-DAIC\702_P\702_AUDIO.wav,Participant
703_P,703,703_0,and please,45.0,45.7,D:\NCKH_DATATEAM\dataset\E-DAIC\703_P\703_AUDIO.wav,Ellie
703_P,703,703_1,are you okay with this yes,53.5,56.3,D:\NCKH_DATATEAM\dataset\E-DAIC\703_P\703_AUDIO.wav,Participant
703_P,703,703_2,doing fine. How about yourself,65.5,67.2,D:\NCKH_DATATEAM\dataset\E-DAIC\703_P\703_AUDIO.wav,Ellie
703_P,703,703_3,Memphis Tennessee,72.6,73.6,D:\NCKH_DATATEAM\dataset\E-DAIC\703_P\703_AUDIO.wav,Participant
703_P,703,703_4,weather people,82.9,84.8,D:\NCKH_DATATEAM\dataset\E-DAIC\703_P\703_AUDIO.wav,Ellie
703_P,703,703_5,not much,95.2,96.1,D:\NCKH_DATATEAM\dataset\E-DAIC\703_P\703_AUDIO.wav,Participant
703_P,703,703_6,you travel a lot,103.7,104.6,D:\NCKH_DATATEAM\dataset\E-DAIC\703_P\703_AUDIO.wav,Ellie
703_P,703,703_7,not much,106.1,107.0,D:\NCKH_DATATEAM\dataset\E-DAIC\703_P\703_AUDIO.wav,Participant
703_P,703,703_8,don't have the means to,113.8,115.4,D:\NCKH_DATATEAM\dataset\E-DAIC\703_P\703_AUDIO.wav,Ellie
703_P,703,703_9,John in the military,122.5,124.1,D:\NCKH_DATATEAM\dataset\E-DAIC\703_P\703_AUDIO.wav,Participant
703_P,703,703_10,just liked it Adventure,135.0,137.1,D:\NCKH_DATATEAM\dataset\E-DAIC\703_P\703_AUDIO.wav,Ellie
703_P,703,703_11,what you said,140.7,141.4,D:\NCKH_DATATEAM\dataset\E-DAIC\703_P\703_AUDIO.wav,Participant
703_P,703,703_12,welding,143.9,145.1,D:\NCKH_DATATEAM\dataset\E-DAIC\703_P\703_AUDIO.wav,Ellie
703_P,703,703_13,grow old gracefully,153.6,155.0,D:\NCKH_DATATEAM\dataset\E-DAIC\703_P\703_AUDIO.wav,Participant
703_P,703,703_14,I know I have one,169.4,170.2,D:\NCKH_DATATEAM\dataset\E-DAIC\703_P\703_AUDIO.wav,Ellie
703_P,703,703_15,you consider yourself more shy or outgoing,174.7,177.1,D:\NCKH_DATATEAM\dataset\E-DAIC\703_P\703_AUDIO.wav,Participant
703_P,703,703_16,shy,179.0,179.5,D:\NCKH_DATATEAM\dataset\E-DAIC\703_P\703_AUDIO.wav,Ellie
703_P,703,703_17,on again off again,188.0,189.2,D:\NCKH_DATATEAM\dataset\E-DAIC\703_P\703_AUDIO.wav,Participant
703_P,703,703_18,good bad,190.8,192.0,D:\NCKH_DATATEAM\dataset\E-DAIC\703_P\703_AUDIO.wav,Ellie
703_P,703,703_19,I would say no,194.2,195.1,D:\NCKH_DATATEAM\dataset\E-DAIC\703_P\703_AUDIO.wav,Participant
703_P,703,703_20,sometimes when I'm feeling 10 I turn on the fish tank screensaver hey I know it's not Hawaii but it's the best I've got,199.2,207.3,D:\NCKH_DATATEAM\dataset\E-DAIC\703_P\703_AUDIO.wav,Ellie
703_P,703,703_21,listen to Jazz,211.2,212.4,D:\NCKH_DATATEAM\dataset\E-DAIC\703_P\703_AUDIO.wav,Participant
703_P,703,703_22,usually pretty good,219.4,220.6,D:\NCKH_DATATEAM\dataset\E-DAIC\703_P\703_AUDIO.wav,Ellie
703_P,703,703_23,when was the last,227.6,228.3,D:\NCKH_DATATEAM\dataset\E-DAIC\703_P\703_AUDIO.wav,Participant
703_P,703,703_24,I don't remember,234.9,235.8,D:\NCKH_DATATEAM\dataset\E-DAIC\703_P\703_AUDIO.wav,Ellie
703_P,703,703_25,I don't remember is I don't remember,242.3,245.3,D:\NCKH_DATATEAM\dataset\E-DAIC\703_P\703_AUDIO.wav,Participant
703_P,703,703_26,think I'll pass,264.2,266.2,D:\NCKH_DATATEAM\dataset\E-DAIC\703_P\703_AUDIO.wav,Ellie
703_P,703,703_27,tell me about the hardest decision,273.7,275.6,D:\NCKH_DATATEAM\dataset\E-DAIC\703_P\703_AUDIO.wav,Participant
703_P,703,703_28,tell me about Nevada or something that you wish you could erase from,284.2,287.6,D:\NCKH_DATATEAM\dataset\E-DAIC\703_P\703_AUDIO.wav,Ellie
703_P,703,703_29,can't thank you Banner,298.8,300.0,D:\NCKH_DATATEAM\dataset\E-DAIC\703_P\703_AUDIO.wav,Participant
703_P,703,703_30,have you ever served in the,306.7,307.7,D:\NCKH_DATATEAM\dataset\E-DAIC\703_P\703_AUDIO.wav,Ellie
703_P,703,703_31,yes,308.6,309.3,D:\NCKH_DATATEAM\dataset\E-DAIC\703_P\703_AUDIO.wav,Participant
703_P,703,703_32,23,315.3,316.2,D:\NCKH_DATATEAM\dataset\E-DAIC\703_P\703_AUDIO.wav,Ellie
703_P,703,703_33,well I can be all I can be,324.3,325.7,D:\NCKH_DATATEAM\dataset\E-DAIC\703_P\703_AUDIO.wav,Participant
703_P,703,703_34,best decision I ever made,332.5,334.0,D:\NCKH_DATATEAM\dataset\E-DAIC\703_P\703_AUDIO.wav,Ellie
703_P,703,703_35,nope,343.0,343.7,D:\NCKH_DATATEAM\dataset\E-DAIC\703_P\703_AUDIO.wav,Participant
703_P,703,703_36,all right,347.6,348.3,D:\NCKH_DATATEAM\dataset\E-DAIC\703_P\703_AUDIO.wav,Ellie
703_P,703,703_37,how easy was it for you to go back to,350.8,352.5,D:\NCKH_DATATEAM\dataset\E-DAIC\703_P\703_AUDIO.wav,Participant
703_P,703,703_38,no problem I had no problem,360.3,362.9,D:\NCKH_DATATEAM\dataset\E-DAIC\703_P\703_AUDIO.wav,Ellie
703_P,703,703_39,actually went to school and took a boiling and did welding for a few years,376.9,382.3,D:\NCKH_DATATEAM\dataset\E-DAIC\703_P\703_AUDIO.wav,Participant
703_P,703,703_40,also I cooked cook in the military,385.8,388.7,D:\NCKH_DATATEAM\dataset\E-DAIC\703_P\703_AUDIO.wav,Ellie
703_P,703,703_41,okay,392.5,393.0,D:\NCKH_DATATEAM\dataset\E-DAIC\703_P\703_AUDIO.wav,Participant
703_P,703,703_42,how did serving in the military change you,395.6,397.6,D:\NCKH_DATATEAM\dataset\E-DAIC\703_P\703_AUDIO.wav,Ellie
703_P,703,703_43,give me a better perspective on life,399.9,402.8,D:\NCKH_DATATEAM\dataset\E-DAIC\703_P\703_AUDIO.wav,Participant
703_P,703,703_44,and let me find out the world was bigger than my little corner of it,408.2,413.0,D:\NCKH_DATATEAM\dataset\E-DAIC\703_P\703_AUDIO.wav,Ellie
703_P,703,703_45,sometimes happy sometimes depressed,423.0,425.4,D:\NCKH_DATATEAM\dataset\E-DAIC\703_P\703_AUDIO.wav,Participant
703_P,703,703_46,no I haven't got much,440.9,443.1,D:\NCKH_DATATEAM\dataset\E-DAIC\703_P\703_AUDIO.wav,Ellie
703_P,703,703_47,not until,450.1,451.2,D:\NCKH_DATATEAM\dataset\E-DAIC\703_P\703_AUDIO.wav,Participant
703_P,703,703_48,some days no problem some days I have to medicate myself,458.3,462.0,D:\NCKH_DATATEAM\dataset\E-DAIC\703_P\703_AUDIO.wav,Ellie
703_P,703,703_49,Ian Restless irritable,469.2,471.1,D:\NCKH_DATATEAM\dataset\E-DAIC\703_P\703_AUDIO.wav,Participant
703_P,703,703_50,cranky sometimes,481.4,482.2,D:\NCKH_DATATEAM\dataset\E-DAIC\703_P\703_AUDIO.wav,Ellie
703_P,703,703_51,have you ever been diagnosed with PTSD,489.5,491.1,D:\NCKH_DATATEAM\dataset\E-DAIC\703_P\703_AUDIO.wav,Participant
703_P,703,703_52,no,492.1,492.7,D:\NCKH_DATATEAM\dataset\E-DAIC\703_P\703_AUDIO.wav,Ellie
703_P,703,703_53,have you been diagnosed with,499.6,500.8,D:\NCKH_DATATEAM\dataset\E-DAIC\703_P\703_AUDIO.wav,Participant
703_P,703,703_54,yep,501.6,502.3,D:\NCKH_DATATEAM\dataset\E-DAIC\703_P\703_AUDIO.wav,Ellie
703_P,703,703_55,been over 10 years now,509.7,511.2,D:\NCKH_DATATEAM\dataset\E-DAIC\703_P\703_AUDIO.wav,Participant
703_P,703,703_56,depressed depression,521.4,523.5,D:\NCKH_DATATEAM\dataset\E-DAIC\703_P\703_AUDIO.wav,Ellie
703_P,703,703_57,are they triggered by something,527.5,528.9,D:\NCKH_DATATEAM\dataset\E-DAIC\703_P\703_AUDIO.wav,Participant
703_P,703,703_58,a lot of different things trigger,533.4,535.3,D:\NCKH_DATATEAM\dataset\E-DAIC\703_P\703_AUDIO.wav,Ellie
703_P,703,703_59,Mannie Fresh,537.0,537.7,D:\NCKH_DATATEAM\dataset\E-DAIC\703_P\703_AUDIO.wav,Participant
703_P,703,703_60,is some days are good some days some days are bad,539.1,542.0,D:\NCKH_DATATEAM\dataset\E-DAIC\703_P\703_AUDIO.wav,Ellie
703_P,703,703_61,nope I don't care to talk about,547.6,550.0,D:\NCKH_DATATEAM\dataset\E-DAIC\703_P\703_AUDIO.wav,Participant
703_P,703,703_62,sometimes medication,563.5,565.5,D:\NCKH_DATATEAM\dataset\E-DAIC\703_P\703_AUDIO.wav,Ellie
703_P,703,703_63,sometimes I just pick up and move on do what needs to be done,566.7,570.9,D:\NCKH_DATATEAM\dataset\E-DAIC\703_P\703_AUDIO.wav,Participant
703_P,703,703_64,a life is a daily struggle when you get up you confront them and you move on,579.6,584.4,D:\NCKH_DATATEAM\dataset\E-DAIC\703_P\703_AUDIO.wav,Ellie
703_P,703,703_65,tired of being tired,595.5,596.6,D:\NCKH_DATATEAM\dataset\E-DAIC\703_P\703_AUDIO.wav,Participant
703_P,703,703_66,do you still go to therapy now,603.6,604.8,D:\NCKH_DATATEAM\dataset\E-DAIC\703_P\703_AUDIO.wav,Ellie
703_P,703,703_67,yeah,606.8,608.0,D:\NCKH_DATATEAM\dataset\E-DAIC\703_P\703_AUDIO.wav,Participant
703_P,703,703_68,you feel therapy is useful,615.3,617.0,D:\NCKH_DATATEAM\dataset\E-DAIC\703_P\703_AUDIO.wav,Ellie
703_P,703,703_69,sometimes yes sometimes no,618.0,620.1,D:\NCKH_DATATEAM\dataset\E-DAIC\703_P\703_AUDIO.wav,Participant
703_P,703,703_70,sometimes I'm open to listening or giving input and sometimes I close myself off from everything,629.9,638.9,D:\NCKH_DATATEAM\dataset\E-DAIC\703_P\703_AUDIO.wav,Ellie
703_P,703,703_71,and have some time to get a better perspective on my situation in life,652.1,657.7,D:\NCKH_DATATEAM\dataset\E-DAIC\703_P\703_AUDIO.wav,Participant
703_P,703,703_72,it's been a while I can't think of anything that's made me exceptionally happy,677.5,682.6,D:\NCKH_DATATEAM\dataset\E-DAIC\703_P\703_AUDIO.wav,Ellie
703_P,703,703_73,wife kids periodically up and down,694.4,698.2,D:\NCKH_DATATEAM\dataset\E-DAIC\703_P\703_AUDIO.wav,Participant
703_P,703,703_74,can you tell me about that,701.5,702.6,D:\NCKH_DATATEAM\dataset\E-DAIC\703_P\703_AUDIO.wav,Ellie
703_P,703,703_75,no more than the normal release of everyday American family,705.6,711.4,D:\NCKH_DATATEAM\dataset\E-DAIC\703_P\703_AUDIO.wav,Participant
703_P,703,703_76,some days,714.0,714.9,D:\NCKH_DATATEAM\dataset\E-DAIC\703_P\703_AUDIO.wav,Ellie
703_P,703,703_77,a dysfunctional family is dysfunctional some days everything clicks and everything is fine,716.0,723.1,D:\NCKH_DATATEAM\dataset\E-DAIC\703_P\703_AUDIO.wav,Participant
703_P,703,703_78,I have no idea,732.9,734.0,D:\NCKH_DATATEAM\dataset\E-DAIC\703_P\703_AUDIO.wav,Ellie
703_P,703,703_79,something you did,738.1,738.9,D:\NCKH_DATATEAM\dataset\E-DAIC\703_P\703_AUDIO.wav,Participant
703_P,703,703_80,go to the movies a lot Android,745.9,748.2,D:\NCKH_DATATEAM\dataset\E-DAIC\703_P\703_AUDIO.wav,Ellie
703_P,703,703_81,enjoy movies,753.2,754.6,D:\NCKH_DATATEAM\dataset\E-DAIC\703_P\703_AUDIO.wav,Participant
703_P,703,703_82,thanks for sharing your thoughts,773.3,774.4,D:\NCKH_DATATEAM\dataset\E-DAIC\703_P\703_AUDIO.wav,Ellie
705_P,705,705_0,causes for 20 seconds from or go ahead and press that button,1.0,4.2,D:\NCKH_DATATEAM\dataset\E-DAIC\705_P\705_AUDIO.wav,Ellie
705_P,705,705_1,not a problem,7.0,7.9,D:\NCKH_DATATEAM\dataset\E-DAIC\705_P\705_AUDIO.wav,Participant
705_P,705,705_2,there she is,17.8,18.5,D:\NCKH_DATATEAM\dataset\E-DAIC\705_P\705_AUDIO.wav,Ellie
705_P,705,705_3,hi thanks for coming in today,31.1,34.0,D:\NCKH_DATATEAM\dataset\E-DAIC\705_P\705_AUDIO.wav,Participant
705_P,705,705_4,I'm not a therapist,39.0,40.1,D:\NCKH_DATATEAM\dataset\E-DAIC\705_P\705_AUDIO.wav,Ellie
705_P,705,705_5,and please,46.1,46.8,D:\NCKH_DATATEAM\dataset\E-DAIC\705_P\705_AUDIO.wav,Participant
705_P,705,705_6,are you okay,54.7,55.4,D:\NCKH_DATATEAM\dataset\E-DAIC\705_P\705_AUDIO.wav,Ellie
705_P,705,705_7,yes,56.0,56.6,D:\NCKH_DATATEAM\dataset\E-DAIC\705_P\705_AUDIO.wav,Participant
705_P,705,705_8,okay,60.4,60.9,D:\NCKH_DATATEAM\dataset\E-DAIC\705_P\705_AUDIO.wav,Ellie
705_P,705,705_9,so how are you doing today fine,63.6,66.7,D:\NCKH_DATATEAM\dataset\E-DAIC\705_P\705_AUDIO.wav,Participant
705_P,705,705_10,that's great,70.5,71.4,D:\NCKH_DATATEAM\dataset\E-DAIC\705_P\705_AUDIO.wav,Ellie
705_P,705,705_11,where are you from originally,74.5,75.4,D:\NCKH_DATATEAM\dataset\E-DAIC\705_P\705_AUDIO.wav,Participant
705_P,705,705_12,El Paso Texas,76.7,78.0,D:\NCKH_DATATEAM\dataset\E-DAIC\705_P\705_AUDIO.wav,Ellie
705_P,705,705_13,not much to be honest,85.5,86.8,D:\NCKH_DATATEAM\dataset\E-DAIC\705_P\705_AUDIO.wav,Participant
705_P,705,705_14,too crowded people are rude,93.9,96.6,D:\NCKH_DATATEAM\dataset\E-DAIC\705_P\705_AUDIO.wav,Ellie
705_P,705,705_15,too many cities,97.5,99.7,D:\NCKH_DATATEAM\dataset\E-DAIC\705_P\705_AUDIO.wav,Participant
705_P,705,705_16,just in general,101.4,102.0,D:\NCKH_DATATEAM\dataset\E-DAIC\705_P\705_AUDIO.wav,Ellie
705_P,705,705_17,no not anymore,110.9,111.9,D:\NCKH_DATATEAM\dataset\E-DAIC\705_P\705_AUDIO.wav,Participant
705_P,705,705_18,why,115.5,115.9,D:\NCKH_DATATEAM\dataset\E-DAIC\705_P\705_AUDIO.wav,Ellie
705_P,705,705_19,no longer need to,117.4,118.4,D:\NCKH_DATATEAM\dataset\E-DAIC\705_P\705_AUDIO.wav,Participant
705_P,705,705_20,well memorable good or memorable bad,129.0,131.9,D:\NCKH_DATATEAM\dataset\E-DAIC\705_P\705_AUDIO.wav,Ellie
705_P,705,705_21,I'd say,137.5,138.1,D:\NCKH_DATATEAM\dataset\E-DAIC\705_P\705_AUDIO.wav,Participant
705_P,705,705_22,my trip to Australia,139.7,140.7,D:\NCKH_DATATEAM\dataset\E-DAIC\705_P\705_AUDIO.wav,Ellie
705_P,705,705_23,psychology,147.7,149.3,D:\NCKH_DATATEAM\dataset\E-DAIC\705_P\705_AUDIO.wav,Participant
705_P,705,705_24,I'm retired,154.1,154.7,D:\NCKH_DATATEAM\dataset\E-DAIC\705_P\705_AUDIO.wav,Ellie
705_P,705,705_25,I do,161.3,161.8,D:\NCKH_DATATEAM\dataset\E-DAIC\705_P\705_AUDIO.wav,Participant
705_P,705,705_26,since I'm retired I think my dream job would probably be,164.2,169.3,D:\NCKH_DATATEAM\dataset\E-DAIC\705_P\705_AUDIO.wav,Ellie
705_P,705,705_27,web design,170.4,171.4,D:\NCKH_DATATEAM\dataset\E-DAIC\705_P\705_AUDIO.wav,Participant
705_P,705,705_28,more try,179.0,179.6,D:\NCKH_DATATEAM\dataset\E-DAIC\705_P\705_AUDIO.wav,Ellie
705_P,705,705_29,tell me about your relationship with your family,183.8,186.1,D:\NCKH_DATATEAM\dataset\E-DAIC\705_P\705_AUDIO.wav,Participant
705_P,705,705_30,I have no family remaining,186.7,188.9,D:\NCKH_DATATEAM\dataset\E-DAIC\705_P\705_AUDIO.wav,Ellie
705_P,705,705_31,hey,198.0,198.3,D:\NCKH_DATATEAM\dataset\E-DAIC\705_P\705_AUDIO.wav,Participant
705_P,705,705_32,the best of guy,200.4,201.3,D:\NCKH_DATATEAM\dataset\E-DAIC\705_P\705_AUDIO.wav,Ellie
705_P,705,705_33,play on the computer,205.4,206.5,D:\NCKH_DATATEAM\dataset\E-DAIC\705_P\705_AUDIO.wav,Participant
705_P,705,705_34,not very good,214.4,215.1,D:\NCKH_DATATEAM\dataset\E-DAIC\705_P\705_AUDIO.wav,Ellie
705_P,705,705_35,no probably a week ago and it was just an issue over a coffee pot,222.5,227.9,D:\NCKH_DATATEAM\dataset\E-DAIC\705_P\705_AUDIO.wav,Participant
705_P,705,705_36,over at a friend's house I really wanted to leave felt it was rude to leave so early so I stuck it out for 6 hours and I just was probably the worst guest,240.3,255.4,D:\NCKH_DATATEAM\dataset\E-DAIC\705_P\705_AUDIO.wav,Ellie
705_P,705,705_37,so that it would change,260.6,261.5,D:\NCKH_DATATEAM\dataset\E-DAIC\705_P\705_AUDIO.wav,Participant
705_P,705,705_38,something I shouldn't feel guilty about him I'm sure,275.6,279.0,D:\NCKH_DATATEAM\dataset\E-DAIC\705_P\705_AUDIO.wav,Ellie
705_P,705,705_39,tell me about the hardest decision you've ever had,286.4,289.4,D:\NCKH_DATATEAM\dataset\E-DAIC\705_P\705_AUDIO.wav,Participant
705_P,705,705_40,the hardest decision I think was going in for treatment for PTSD,293.3,298.1,D:\NCKH_DATATEAM\dataset\E-DAIC\705_P\705_AUDIO.wav,Ellie
705_P,705,705_41,tell me about Nevada or something that you were,305.9,308.5,D:\NCKH_DATATEAM\dataset\E-DAIC\705_P\705_AUDIO.wav,Participant
705_P,705,705_42,how a couple of things but I think my childhood sexual abuse I'd erase that,311.6,316.9,D:\NCKH_DATATEAM\dataset\E-DAIC\705_P\705_AUDIO.wav,Ellie
705_P,705,705_43,yes,325.1,325.6,D:\NCKH_DATATEAM\dataset\E-DAIC\705_P\705_AUDIO.wav,Participant
705_P,705,705_44,how old are you when you don't,329.5,330.5,D:\NCKH_DATATEAM\dataset\E-DAIC\705_P\705_AUDIO.wav,Ellie
705_P,705,705_45,17,331.6,332.3,D:\NCKH_DATATEAM\dataset\E-DAIC\705_P\705_AUDIO.wav,Participant
705_P,705,705_46,basically it was an escape method,339.1,341.6,D:\NCKH_DATATEAM\dataset\E-DAIC\705_P\705_AUDIO.wav,Ellie
705_P,705,705_47,yes,346.9,347.4,D:\NCKH_DATATEAM\dataset\E-DAIC\705_P\705_AUDIO.wav,Participant
705_P,705,705_48,did you ever see,354.7,355.3,D:\NCKH_DATATEAM\dataset\E-DAIC\705_P\705_AUDIO.wav,Ellie
705_P,705,705_49,yes,356.4,356.9,D:\NCKH_DATATEAM\dataset\E-DAIC\705_P\705_AUDIO.wav,Participant
705_P,705,705_50,all right,360.3,361.0,D:\NCKH_DATATEAM\dataset\E-DAIC\705_P\705_AUDIO.wav,Ellie
705_P,705,705_51,how easy was it for you to,363.6,364.8,D:\NCKH_DATATEAM\dataset\E-DAIC\705_P\705_AUDIO.wav,Participant
705_P,705,705_52,and it wasn't easy at all especially during that time,368.1,371.3,D:\NCKH_DATATEAM\dataset\E-DAIC\705_P\705_AUDIO.wav,Ellie
705_P,705,705_53,okay,374.2,374.8,D:\NCKH_DATATEAM\dataset\E-DAIC\705_P\705_AUDIO.wav,Participant
705_P,705,705_54,what did you do after the military,377.3,378.6,D:\NCKH_DATATEAM\dataset\E-DAIC\705_P\705_AUDIO.wav,Ellie
705_P,705,705_55,I went to school,380.4,381.2,D:\NCKH_DATATEAM\dataset\E-DAIC\705_P\705_AUDIO.wav,Participant
705_P,705,705_56,started working,382.6,383.9,D:\NCKH_DATATEAM\dataset\E-DAIC\705_P\705_AUDIO.wav,Ellie
705_P,705,705_57,how did serving in the military change you,390.3,392.4,D:\NCKH_DATATEAM\dataset\E-DAIC\705_P\705_AUDIO.wav,Participant
705_P,705,705_58,I think it helped me to become more mature more sure of myself,394.6,397.8,D:\NCKH_DATATEAM\dataset\E-DAIC\705_P\705_AUDIO.wav,Ellie
705_P,705,705_59,alright,401.3,402.0,D:\NCKH_DATATEAM\dataset\E-DAIC\705_P\705_AUDIO.wav,Participant
705_P,705,705_60,how have you been feeling lately,404.4,405.5,D:\NCKH_DATATEAM\dataset\E-DAIC\705_P\705_AUDIO.wav,Ellie
705_P,705,705_61,depressed mostly,411.7,413.4,D:\NCKH_DATATEAM\dataset\E-DAIC\705_P\705_AUDIO.wav,Participant
705_P,705,705_62,due to PTSD,414.7,415.5,D:\NCKH_DATATEAM\dataset\E-DAIC\705_P\705_AUDIO.wav,Ellie
705_P,705,705_63,have you noticed,427.1,427.8,D:\NCKH_DATATEAM\dataset\E-DAIC\705_P\705_AUDIO.wav,Participant
705_P,705,705_64,not really this has been going on for quite some time now,432.5,435.3,D:\NCKH_DATATEAM\dataset\E-DAIC\705_P\705_AUDIO.wav,Ellie
705_P,705,705_65,how easy is it for you to get a good night sleep not very,442.3,445.9,D:\NCKH_DATATEAM\dataset\E-DAIC\705_P\705_AUDIO.wav,Participant
705_P,705,705_66,no I'm even more irritable I have even more of a flash camper it makes depression worse anxiety worse,452.5,460.7,D:\NCKH_DATATEAM\dataset\E-DAIC\705_P\705_AUDIO.wav,Ellie
705_P,705,705_67,all right,464.3,465.0,D:\NCKH_DATATEAM\dataset\E-DAIC\705_P\705_AUDIO.wav,Participant
705_P,705,705_68,have you ever been tagged us,467.3,468.5,D:\NCKH_DATATEAM\dataset\E-DAIC\705_P\705_AUDIO.wav,Ellie
705_P,705,705_69,yes,469.3,469.9,D:\NCKH_DATATEAM\dataset\E-DAIC\705_P\705_AUDIO.wav,Participant
705_P,705,705_70,are the formal diagnosis was probably about 4 years ago,476.8,480.7,D:\NCKH_DATATEAM\dataset\E-DAIC\705_P\705_AUDIO.wav,Ellie
705_P,705,705_71,depression anxiety flashbacks body memories,487.3,491.7,D:\NCKH_DATATEAM\dataset\E-DAIC\705_P\705_AUDIO.wav,Participant
705_P,705,705_72,nightmares,492.7,493.9,D:\NCKH_DATATEAM\dataset\E-DAIC\705_P\705_AUDIO.wav,Ellie
705_P,705,705_73,the dreams are not the nightmares are not,500.7,504.9,D:\NCKH_DATATEAM\dataset\E-DAIC\705_P\705_AUDIO.wav,Participant
705_P,705,705_74,generally only touch it triggers me as far as from other people,507.4,513.0,D:\NCKH_DATATEAM\dataset\E-DAIC\705_P\705_AUDIO.wav,Ellie
705_P,705,705_75,know somewhat with medication,520.4,523.0,D:\NCKH_DATATEAM\dataset\E-DAIC\705_P\705_AUDIO.wav,Participant
705_P,705,705_76,can you tell me about that,526.4,527.4,D:\NCKH_DATATEAM\dataset\E-DAIC\705_P\705_AUDIO.wav,Ellie
705_P,705,705_77,I want to take a boat load of medications now treatment for PTSD it's also for depression,529.8,536.3,D:\NCKH_DATATEAM\dataset\E-DAIC\705_P\705_AUDIO.wav,Participant
705_P,705,705_78,anxiety and sleep,537.7,539.1,D:\NCKH_DATATEAM\dataset\E-DAIC\705_P\705_AUDIO.wav,Ellie
705_P,705,705_79,because I knew I was going to kill myself if I didn't,545.5,547.8,D:\NCKH_DATATEAM\dataset\E-DAIC\705_P\705_AUDIO.wav,Participant
705_P,705,705_80,do you still go to therapy now yes,554.4,556.5,D:\NCKH_DATATEAM\dataset\E-DAIC\705_P\705_AUDIO.wav,Ellie
705_P,705,705_81,you feel therapy in Gainesville,564.2,565.8,D:\NCKH_DATATEAM\dataset\E-DAIC\705_P\705_AUDIO.wav,Participant
705_P,705,705_82,I'm not sure yet,567.1,568.3,D:\NCKH_DATATEAM\dataset\E-DAIC\705_P\705_AUDIO.wav,Ellie
705_P,705,705_83,all right,571.9,573.0,D:\NCKH_DATATEAM\dataset\E-DAIC\705_P\705_AUDIO.wav,Participant
705_P,705,705_84,none yet,580.7,581.5,D:\NCKH_DATATEAM\dataset\E-DAIC\705_P\705_AUDIO.wav,Ellie
705_P,705,705_85,when was the last time,588.4,589.5,D:\NCKH_DATATEAM\dataset\E-DAIC\705_P\705_AUDIO.wav,Participant
705_P,705,705_86,I don't remember a time,596.6,597.9,D:\NCKH_DATATEAM\dataset\E-DAIC\705_P\705_AUDIO.wav,Ellie
705_P,705,705_87,can you tell me,601.5,602.1,D:\NCKH_DATATEAM\dataset\E-DAIC\705_P\705_AUDIO.wav,Participant
705_P,705,705_88,no there was no,603.4,604.7,D:\NCKH_DATATEAM\dataset\E-DAIC\705_P\705_AUDIO.wav,Ellie
705_P,705,705_89,I know but have never classified myself as a happy in any time in my life,606.1,609.9,D:\NCKH_DATATEAM\dataset\E-DAIC\705_P\705_AUDIO.wav,Participant
705_P,705,705_90,no one,620.1,620.7,D:\NCKH_DATATEAM\dataset\E-DAIC\705_P\705_AUDIO.wav,Ellie
705_P,705,705_91,can you tell me about that,624.4,625.4,D:\NCKH_DATATEAM\dataset\E-DAIC\705_P\705_AUDIO.wav,Participant
705_P,705,705_92,just haven't found anybody that would fit the bill I guess for inspiring or,630.1,634.5,D:\NCKH_DATATEAM\dataset\E-DAIC\705_P\705_AUDIO.wav,Ellie
705_P,705,705_93,or life-changing,635.6,636.8,D:\NCKH_DATATEAM\dataset\E-DAIC\705_P\705_AUDIO.wav,Participant
705_P,705,705_94,probably right now as unreachable,645.5,649.6,D:\NCKH_DATATEAM\dataset\E-DAIC\705_P\705_AUDIO.wav,Ellie
705_P,705,705_95,tell me about something you did recently that you really enjoy,653.4,656.1,D:\NCKH_DATATEAM\dataset\E-DAIC\705_P\705_AUDIO.wav,Participant
705_P,705,705_96,I haven't done anything in a long time that I've enjoyed,657.8,660.3,D:\NCKH_DATATEAM\dataset\E-DAIC\705_P\705_AUDIO.wav,Ellie
705_P,705,705_97,my military service,671.6,672.7,D:\NCKH_DATATEAM\dataset\E-DAIC\705_P\705_AUDIO.wav,Participant
705_P,705,705_98,Define by,683.4,684.7,D:\NCKH_DATATEAM\dataset\E-DAIC\705_P\705_AUDIO.wav,Ellie
707_P,707,707_0,okay but but okay but I don't stop until it's just stop,0.6000000000000001,6.3,D:\NCKH_DATATEAM\dataset\E-DAIC\707_P\707_AUDIO.wav,Ellie
707_P,707,707_1,I'll go by okay,8.6,9.6,D:\NCKH_DATATEAM\dataset\E-DAIC\707_P\707_AUDIO.wav,Participant
707_P,707,707_2,okay okay,16.4,18.4,D:\NCKH_DATATEAM\dataset\E-DAIC\707_P\707_AUDIO.wav,Ellie
707_P,707,707_3,sure,22.4,22.7,D:\NCKH_DATATEAM\dataset\E-DAIC\707_P\707_AUDIO.wav,Participant
707_P,707,707_4,when I bring her up now,25.2,26.4,D:\NCKH_DATATEAM\dataset\E-DAIC\707_P\707_AUDIO.wav,Ellie
707_P,707,707_5,and please,74.2,74.9,D:\NCKH_DATATEAM\dataset\E-DAIC\707_P\707_AUDIO.wav,Participant
707_P,707,707_6,yes,84.0,84.5,D:\NCKH_DATATEAM\dataset\E-DAIC\707_P\707_AUDIO.wav,Ellie
707_P,707,707_7,good,93.5,94.1,D:\NCKH_DATATEAM\dataset\E-DAIC\707_P\707_AUDIO.wav,Participant
707_P,707,707_8,where are you from,98.1,98.7,D:\NCKH_DATATEAM\dataset\E-DAIC\707_P\707_AUDIO.wav,Ellie
707_P,707,707_9,Long Island New York City,100.5,102.3,D:\NCKH_DATATEAM\dataset\E-DAIC\707_P\707_AUDIO.wav,Participant
707_P,707,707_10,the weather people,109.1,111.5,D:\NCKH_DATATEAM\dataset\E-DAIC\707_P\707_AUDIO.wav,Ellie
707_P,707,707_11,traffic smog some people,118.1,121.5,D:\NCKH_DATATEAM\dataset\E-DAIC\707_P\707_AUDIO.wav,Participant
707_P,707,707_12,not lately now,130.8,132.1,D:\NCKH_DATATEAM\dataset\E-DAIC\707_P\707_AUDIO.wav,Ellie
707_P,707,707_13,why just don't have the funds or the time at this point in time,135.9,140.5,D:\NCKH_DATATEAM\dataset\E-DAIC\707_P\707_AUDIO.wav,Participant
707_P,707,707_14,Hellboy,148.3,149.0,D:\NCKH_DATATEAM\dataset\E-DAIC\707_P\707_AUDIO.wav,Ellie
707_P,707,707_15,buying my first custom chopper,150.8,152.7,D:\NCKH_DATATEAM\dataset\E-DAIC\707_P\707_AUDIO.wav,Participant
707_P,707,707_16,I studied small engine repair consumer electronics repair then I went into the residential construction trade,158.7,168.0,D:\NCKH_DATATEAM\dataset\E-DAIC\707_P\707_AUDIO.wav,Ellie
707_P,707,707_17,what you do now I'm retired I'm disabled,172.0,174.9,D:\NCKH_DATATEAM\dataset\E-DAIC\707_P\707_AUDIO.wav,Participant
707_P,707,707_18,what's your dream job,191.0,192.0,D:\NCKH_DATATEAM\dataset\E-DAIC\707_P\707_AUDIO.wav,Ellie
707_P,707,707_19,being a Formula 1 race car driver,194.4,197.2,D:\NCKH_DATATEAM\dataset\E-DAIC\707_P\707_AUDIO.wav,Participant
707_P,707,707_20,somewhere in the middle,206.0,207.5,D:\NCKH_DATATEAM\dataset\E-DAIC\707_P\707_AUDIO.wav,Ellie
707_P,707,707_21,tell me about your,211.4,212.3,D:\NCKH_DATATEAM\dataset\E-DAIC\707_P\707_AUDIO.wav,Participant
707_P,707,707_22,it's good we have a good relationship,214.2,215.9,D:\NCKH_DATATEAM\dataset\E-DAIC\707_P\707_AUDIO.wav,Ellie
707_P,707,707_23,I play poker Texas Hold'em,232.0,234.2,D:\NCKH_DATATEAM\dataset\E-DAIC\707_P\707_AUDIO.wav,Participant
707_P,707,707_24,pretty good pretty good,240.6,241.8,D:\NCKH_DATATEAM\dataset\E-DAIC\707_P\707_AUDIO.wav,Ellie
707_P,707,707_25,what's good,246.2,246.7,D:\NCKH_DATATEAM\dataset\E-DAIC\707_P\707_AUDIO.wav,Participant
707_P,707,707_26,when was the last,248.9,249.6,D:\NCKH_DATATEAM\dataset\E-DAIC\707_P\707_AUDIO.wav,Ellie
707_P,707,707_27,00,252.0,252.8,D:\NCKH_DATATEAM\dataset\E-DAIC\707_P\707_AUDIO.wav,Participant
707_P,707,707_28,two days ago it was about him always slamming the door I asked him not to do it because it's very loud when it slams and he just doesn't care and and I got mad and I yell at him,255.6,269.3,D:\NCKH_DATATEAM\dataset\E-DAIC\707_P\707_AUDIO.wav,Ellie
707_P,707,707_29,probably my marriage,289.0,292.0,D:\NCKH_DATATEAM\dataset\E-DAIC\707_P\707_AUDIO.wav,Participant
707_P,707,707_30,okay,295.8,296.3,D:\NCKH_DATATEAM\dataset\E-DAIC\707_P\707_AUDIO.wav,Ellie
707_P,707,707_31,what's something you feel guilty about,299.9,301.6,D:\NCKH_DATATEAM\dataset\E-DAIC\707_P\707_AUDIO.wav,Participant
707_P,707,707_32,not being a better husband to my ex-wife,303.1,306.9,D:\NCKH_DATATEAM\dataset\E-DAIC\707_P\707_AUDIO.wav,Ellie
707_P,707,707_33,tell me about the hardest decision you've ever had to,313.9,317.0,D:\NCKH_DATATEAM\dataset\E-DAIC\707_P\707_AUDIO.wav,Participant
707_P,707,707_34,oh boy.,318.2,319.3,D:\NCKH_DATATEAM\dataset\E-DAIC\707_P\707_AUDIO.wav,Ellie
707_P,707,707_35,I really can't think of one right now,327.4,329.2,D:\NCKH_DATATEAM\dataset\E-DAIC\707_P\707_AUDIO.wav,Participant
707_P,707,707_36,tell me about Nevada,333.5,334.6,D:\NCKH_DATATEAM\dataset\E-DAIC\707_P\707_AUDIO.wav,Ellie
707_P,707,707_37,00,338.3,339.1,D:\NCKH_DATATEAM\dataset\E-DAIC\707_P\707_AUDIO.wav,Participant
707_P,707,707_38,probably,342.3,343.1,D:\NCKH_DATATEAM\dataset\E-DAIC\707_P\707_AUDIO.wav,Ellie
707_P,707,707_39,some of my earlier years I in my early 20s on the things I've done,344.9,351.9,D:\NCKH_DATATEAM\dataset\E-DAIC\707_P\707_AUDIO.wav,Participant
707_P,707,707_40,have you ever,355.9,356.5,D:\NCKH_DATATEAM\dataset\E-DAIC\707_P\707_AUDIO.wav,Ellie
707_P,707,707_41,yes,357.7,358.3,D:\NCKH_DATATEAM\dataset\E-DAIC\707_P\707_AUDIO.wav,Participant
707_P,707,707_42,17 + 1/2,363.8,364.9,D:\NCKH_DATATEAM\dataset\E-DAIC\707_P\707_AUDIO.wav,Ellie
707_P,707,707_43,well all about five or six of my friends were going in so I want to go with him,371.3,378.1,D:\NCKH_DATATEAM\dataset\E-DAIC\707_P\707_AUDIO.wav,Participant
707_P,707,707_44,are you happy,381.9,382.7,D:\NCKH_DATATEAM\dataset\E-DAIC\707_P\707_AUDIO.wav,Ellie
707_P,707,707_45,yes I I kind of wish I would have stayed in though,383.7,386.5,D:\NCKH_DATATEAM\dataset\E-DAIC\707_P\707_AUDIO.wav,Participant
707_P,707,707_46,no I didn't know if there was no Wars going on or conflicts going on while I was serving,394.9,400.7,D:\NCKH_DATATEAM\dataset\E-DAIC\707_P\707_AUDIO.wav,Ellie
707_P,707,707_47,it was easy I had no problems adjusting,412.4,415.0,D:\NCKH_DATATEAM\dataset\E-DAIC\707_P\707_AUDIO.wav,Participant
707_P,707,707_48,I just kind of bounced around from job to job and then I I got into a little trouble went to jail for a little while then I got out and pretty much got my life together,425.1,439.9,D:\NCKH_DATATEAM\dataset\E-DAIC\707_P\707_AUDIO.wav,Ellie
707_P,707,707_49,how did serving in the military change you it made me more confident made me physically stronger too,445.8,456.1,D:\NCKH_DATATEAM\dataset\E-DAIC\707_P\707_AUDIO.wav,Participant
707_P,707,707_50,that's about all I can really think of it as far as that goes,457.2,462.6,D:\NCKH_DATATEAM\dataset\E-DAIC\707_P\707_AUDIO.wav,Ellie
707_P,707,707_51,how have you been feeling,471.0,471.9,D:\NCKH_DATATEAM\dataset\E-DAIC\707_P\707_AUDIO.wav,Participant
707_P,707,707_52,as a rule pretty good,473.8,475.2,D:\NCKH_DATATEAM\dataset\E-DAIC\707_P\707_AUDIO.wav,Ellie
707_P,707,707_53,just things are starting to look up more at least financially so that's a good thing,481.0,487.4,D:\NCKH_DATATEAM\dataset\E-DAIC\707_P\707_AUDIO.wav,Participant
707_P,707,707_54,no not really,496.7,498.1,D:\NCKH_DATATEAM\dataset\E-DAIC\707_P\707_AUDIO.wav,Ellie
707_P,707,707_55,how is he,505.1,505.6,D:\NCKH_DATATEAM\dataset\E-DAIC\707_P\707_AUDIO.wav,Participant
707_P,707,707_56,usually pretty good unless one of my roommates is walking around the house all night like you sometimes does,509.4,516.0,D:\NCKH_DATATEAM\dataset\E-DAIC\707_P\707_AUDIO.wav,Ellie
707_P,707,707_57,little irritable,522.9,523.7,D:\NCKH_DATATEAM\dataset\E-DAIC\707_P\707_AUDIO.wav,Participant
707_P,707,707_58,usual I control the irritability though,526.1,528.2,D:\NCKH_DATATEAM\dataset\E-DAIC\707_P\707_AUDIO.wav,Ellie
707_P,707,707_59,yes,537.1,537.7,D:\NCKH_DATATEAM\dataset\E-DAIC\707_P\707_AUDIO.wav,Participant
707_P,707,707_60,I'd say about five years ago and it was just symptoms were I was hearing voices,549.5,557.2,D:\NCKH_DATATEAM\dataset\E-DAIC\707_P\707_AUDIO.wav,Ellie
707_P,707,707_61,paranoia,561.6,562.4,D:\NCKH_DATATEAM\dataset\E-DAIC\707_P\707_AUDIO.wav,Participant
707_P,707,707_62,yes but it was by an event that happened,563.9,566.9,D:\NCKH_DATATEAM\dataset\E-DAIC\707_P\707_AUDIO.wav,Ellie
707_P,707,707_63,I am,574.6,575.5,D:\NCKH_DATATEAM\dataset\E-DAIC\707_P\707_AUDIO.wav,Participant
707_P,707,707_64,Jewish by birth even though I don't practice and,577.1,580.8,D:\NCKH_DATATEAM\dataset\E-DAIC\707_P\707_AUDIO.wav,Ellie
707_P,707,707_65,I was jumped by five skinheads,582.5,585.7,D:\NCKH_DATATEAM\dataset\E-DAIC\707_P\707_AUDIO.wav,Participant
707_P,707,707_66,and I was able to handle two of them but the other three got me and beat me up pretty good,586.5,591.2,D:\NCKH_DATATEAM\dataset\E-DAIC\707_P\707_AUDIO.wav,Ellie
707_P,707,707_67,how do you cope,595.6,596.4,D:\NCKH_DATATEAM\dataset\E-DAIC\707_P\707_AUDIO.wav,Participant
707_P,707,707_68,you know I just,600.4,602.4,D:\NCKH_DATATEAM\dataset\E-DAIC\707_P\707_AUDIO.wav,Ellie
707_P,707,707_69,deal with it as it comes I guess you know usually I don't even have to deal with skinheads anymore because I don't see them too much but I was in that one situation where it just happened where they happen to be there,603.7,618.0,D:\NCKH_DATATEAM\dataset\E-DAIC\707_P\707_AUDIO.wav,Participant
707_P,707,707_70,I was tired of hearing voices and I knew I was hearing voices,627.8,630.6,D:\NCKH_DATATEAM\dataset\E-DAIC\707_P\707_AUDIO.wav,Ellie
707_P,707,707_71,do you still go to therapy now I know I'm pretty much over that I've learned to overcome,637.9,643.0,D:\NCKH_DATATEAM\dataset\E-DAIC\707_P\707_AUDIO.wav,Participant
707_P,707,707_72,do you feel therapy in Gainesville,650.6,652.3,D:\NCKH_DATATEAM\dataset\E-DAIC\707_P\707_AUDIO.wav,Ellie
707_P,707,707_73,yeah I think you can help people some some people I can't help just they're too far gone but I think,653.6,662.4,D:\NCKH_DATATEAM\dataset\E-DAIC\707_P\707_AUDIO.wav,Participant
707_P,707,707_74,the majority of people yes it can help,663.9,665.7,D:\NCKH_DATATEAM\dataset\E-DAIC\707_P\707_AUDIO.wav,Ellie
707_P,707,707_75,well I think when people have a chance to,671.8,675.9,D:\NCKH_DATATEAM\dataset\E-DAIC\707_P\707_AUDIO.wav,Participant
707_P,707,707_76,express or vent what's going on or what's bothering them it takes away some of the tension and stress and they are better able to cope with whatever their problem is,677.1,689.0,D:\NCKH_DATATEAM\dataset\E-DAIC\707_P\707_AUDIO.wav,Ellie
707_P,707,707_77,I've just learned to deal with things,696.7,699.8,D:\NCKH_DATATEAM\dataset\E-DAIC\707_P\707_AUDIO.wav,Participant
707_P,707,707_78,a lot easier,701.0,702.4,D:\NCKH_DATATEAM\dataset\E-DAIC\707_P\707_AUDIO.wav,Ellie
707_P,707,707_79,when is the last,709.8,710.6,D:\NCKH_DATATEAM\dataset\E-DAIC\707_P\707_AUDIO.wav,Participant
707_P,707,707_80,oh,714.8,715.2,D:\NCKH_DATATEAM\dataset\E-DAIC\707_P\707_AUDIO.wav,Ellie
707_P,707,707_81,how to say it was,718.3,720.0,D:\NCKH_DATATEAM\dataset\E-DAIC\707_P\707_AUDIO.wav,Participant
707_P,707,707_82,when I bought my last vehicle,721.4,723.0,D:\NCKH_DATATEAM\dataset\E-DAIC\707_P\707_AUDIO.wav,Ellie
707_P,707,707_83,oh my friend,732.6,733.5,D:\NCKH_DATATEAM\dataset\E-DAIC\707_P\707_AUDIO.wav,Participant
707_P,707,707_84,it's been a very positive influence,735.2,736.7,D:\NCKH_DATATEAM\dataset\E-DAIC\707_P\707_AUDIO.wav,Ellie
707_P,707,707_85,yeah he asked me if I need things he's helping me to,742.7,749.5,D:\NCKH_DATATEAM\dataset\E-DAIC\707_P\707_AUDIO.wav,Participant
707_P,707,707_86,be financially more secure,752.0,755.1,D:\NCKH_DATATEAM\dataset\E-DAIC\707_P\707_AUDIO.wav,Ellie
707_P,707,707_87,through through working partially with him even though I'm retired I do a little bit of work with him and it's a way to make some extra money that's pretty much needed,756.9,767.4,D:\NCKH_DATATEAM\dataset\E-DAIC\707_P\707_AUDIO.wav,Participant
707_P,707,707_88,how do your best friend,771.8,772.8,D:\NCKH_DATATEAM\dataset\E-DAIC\707_P\707_AUDIO.wav,Ellie
707_P,707,707_89,probably as honest loyal and,774.7,778.2,D:\NCKH_DATATEAM\dataset\E-DAIC\707_P\707_AUDIO.wav,Participant
707_P,707,707_90,be there for him whenever he needs me,779.6,782.8,D:\NCKH_DATATEAM\dataset\E-DAIC\707_P\707_AUDIO.wav,Ellie
707_P,707,707_91,all well I'd say it was a reunions of sorts of the old Hollywood crowd that I used to hang out with,791.0,800.1,D:\NCKH_DATATEAM\dataset\E-DAIC\707_P\707_AUDIO.wav,Participant
707_P,707,707_92,nice,805.4,806.0,D:\NCKH_DATATEAM\dataset\E-DAIC\707_P\707_AUDIO.wav,Ellie
707_P,707,707_93,yeah it was fun,807.1,808.0,D:\NCKH_DATATEAM\dataset\E-DAIC\707_P\707_AUDIO.wav,Participant
707_P,707,707_94,well of the things I had which I no longer have but I had accomplished something I had my own business I own two homes several vehicles and all the toys and everything that goes with it,815.6,831.2,D:\NCKH_DATATEAM\dataset\E-DAIC\707_P\707_AUDIO.wav,Ellie
707_P,707,707_95,thanks for sharing your thoughts with me thank you,837.4,839.7,D:\NCKH_DATATEAM\dataset\E-DAIC\707_P\707_AUDIO.wav,Participant
707_P,707,707_96,yeah she's done with me,859.0,860.2,D:\NCKH_DATATEAM\dataset\E-DAIC\707_P\707_AUDIO.wav,Ellie
709_P,709,709_0,look at you now then go ahead and press that button it might indicate that something has gone wrong with the system,6.5,10.5,D:\NCKH_DATATEAM\dataset\E-DAIC\709_P\709_AUDIO.wav,Ellie
709_P,709,709_1,they looking like,13.5,14.7,D:\NCKH_DATATEAM\dataset\E-DAIC\709_P\709_AUDIO.wav,Participant
709_P,709,709_2,there she is,37.3,38.1,D:\NCKH_DATATEAM\dataset\E-DAIC\709_P\709_AUDIO.wav,Ellie
709_P,709,709_3,hi Emily thanks for coming in today,54.4,57.4,D:\NCKH_DATATEAM\dataset\E-DAIC\709_P\709_AUDIO.wav,Participant
709_P,709,709_4,and please,69.5,70.2,D:\NCKH_DATATEAM\dataset\E-DAIC\709_P\709_AUDIO.wav,Ellie
709_P,709,709_5,yeah sure,79.7,80.3,D:\NCKH_DATATEAM\dataset\E-DAIC\709_P\709_AUDIO.wav,Participant
709_P,709,709_6,let's roll,81.9,82.6,D:\NCKH_DATATEAM\dataset\E-DAIC\709_P\709_AUDIO.wav,Ellie
709_P,709,709_7,okay,86.1,86.7,D:\NCKH_DATATEAM\dataset\E-DAIC\709_P\709_AUDIO.wav,Participant
709_P,709,709_8,so how are you doing today,89.4,91.4,D:\NCKH_DATATEAM\dataset\E-DAIC\709_P\709_AUDIO.wav,Ellie
709_P,709,709_9,fucking glorious,93.3,94.4,D:\NCKH_DATATEAM\dataset\E-DAIC\709_P\709_AUDIO.wav,Participant
709_P,709,709_10,where are you from,99.3,100.0,D:\NCKH_DATATEAM\dataset\E-DAIC\709_P\709_AUDIO.wav,Ellie
709_P,709,709_11,Louisiana,104.0,104.9,D:\NCKH_DATATEAM\dataset\E-DAIC\709_P\709_AUDIO.wav,Participant
709_P,709,709_12,the weather,113.8,114.4,D:\NCKH_DATATEAM\dataset\E-DAIC\709_P\709_AUDIO.wav,Ellie
709_P,709,709_13,not much else,116.2,117.1,D:\NCKH_DATATEAM\dataset\E-DAIC\709_P\709_AUDIO.wav,Participant
709_P,709,709_14,the police,124.2,125.0,D:\NCKH_DATATEAM\dataset\E-DAIC\709_P\709_AUDIO.wav,Ellie
709_P,709,709_15,you travel a lot yes I do,132.2,134.5,D:\NCKH_DATATEAM\dataset\E-DAIC\709_P\709_AUDIO.wav,Participant
709_P,709,709_16,I enjoy traveling,135.6,136.5,D:\NCKH_DATATEAM\dataset\E-DAIC\709_P\709_AUDIO.wav,Ellie
709_P,709,709_17,the ability to see different places do different things,143.1,145.5,D:\NCKH_DATATEAM\dataset\E-DAIC\709_P\709_AUDIO.wav,Participant
709_P,709,709_18,learn about places you never been before,147.2,148.8,D:\NCKH_DATATEAM\dataset\E-DAIC\709_P\709_AUDIO.wav,Ellie
709_P,709,709_19,my favorite rivers Dominican Republic love it there,157.4,160.9,D:\NCKH_DATATEAM\dataset\E-DAIC\709_P\709_AUDIO.wav,Participant
709_P,709,709_20,the party bus,166.7,167.5,D:\NCKH_DATATEAM\dataset\E-DAIC\709_P\709_AUDIO.wav,Ellie
709_P,709,709_21,but I only got drunk we have to drag him off,168.7,170.7,D:\NCKH_DATATEAM\dataset\E-DAIC\709_P\709_AUDIO.wav,Participant
709_P,709,709_22,business management,178.3,179.8,D:\NCKH_DATATEAM\dataset\E-DAIC\709_P\709_AUDIO.wav,Ellie
709_P,709,709_23,I do training for a while did training for the oil refinery I'm trying to work at the fire in Carson,183.5,190.8,D:\NCKH_DATATEAM\dataset\E-DAIC\709_P\709_AUDIO.wav,Participant
709_P,709,709_24,okay,194.1,194.7,D:\NCKH_DATATEAM\dataset\E-DAIC\709_P\709_AUDIO.wav,Ellie
709_P,709,709_25,what's your dream,197.3,198.0,D:\NCKH_DATATEAM\dataset\E-DAIC\709_P\709_AUDIO.wav,Participant
709_P,709,709_26,to be rich and not do anything,203.1,205.1,D:\NCKH_DATATEAM\dataset\E-DAIC\709_P\709_AUDIO.wav,Ellie
709_P,709,709_27,I'm outgoing,213.7,214.3,D:\NCKH_DATATEAM\dataset\E-DAIC\709_P\709_AUDIO.wav,Participant
709_P,709,709_28,what is the best guy,230.2,231.9,D:\NCKH_DATATEAM\dataset\E-DAIC\709_P\709_AUDIO.wav,Ellie
709_P,709,709_29,play basketball till my daughter play video games nothing really major take a drive,235.8,243.3,D:\NCKH_DATATEAM\dataset\E-DAIC\709_P\709_AUDIO.wav,Participant
709_P,709,709_30,Better Than I Used to Be,250.1,252.7,D:\NCKH_DATATEAM\dataset\E-DAIC\709_P\709_AUDIO.wav,Ellie
709_P,709,709_31,shoot yesterday in about not coming back to the house,260.4,263.6,D:\NCKH_DATATEAM\dataset\E-DAIC\709_P\709_AUDIO.wav,Participant
709_P,709,709_32,hello,269.8,270.3,D:\NCKH_DATATEAM\dataset\E-DAIC\709_P\709_AUDIO.wav,Ellie
709_P,709,709_33,the situation with my daughter's mom,275.0,277.1,D:\NCKH_DATATEAM\dataset\E-DAIC\709_P\709_AUDIO.wav,Participant
709_P,709,709_34,well I could have did things a lot differently to actually actually make things better but I didn't,282.1,287.8,D:\NCKH_DATATEAM\dataset\E-DAIC\709_P\709_AUDIO.wav,Ellie
709_P,709,709_35,something you feel guilty about,292.3,293.8,D:\NCKH_DATATEAM\dataset\E-DAIC\709_P\709_AUDIO.wav,Participant
709_P,709,709_36,that's a good question I don't know,299.5,301.7,D:\NCKH_DATATEAM\dataset\E-DAIC\709_P\709_AUDIO.wav,Ellie
709_P,709,709_37,take my mom,313.3,314.6,D:\NCKH_DATATEAM\dataset\E-DAIC\709_P\709_AUDIO.wav,Participant
709_P,709,709_38,yeah,317.7,318.4,D:\NCKH_DATATEAM\dataset\E-DAIC\709_P\709_AUDIO.wav,Ellie
709_P,709,709_39,my mom died,324.2,325.0,D:\NCKH_DATATEAM\dataset\E-DAIC\709_P\709_AUDIO.wav,Participant
709_P,709,709_40,yes,334.0,334.6,D:\NCKH_DATATEAM\dataset\E-DAIC\709_P\709_AUDIO.wav,Ellie
709_P,709,709_41,how old are you when you're done,338.2,339.2,D:\NCKH_DATATEAM\dataset\E-DAIC\709_P\709_AUDIO.wav,Participant
709_P,709,709_42,I was 21,341.0,341.8,D:\NCKH_DATATEAM\dataset\E-DAIC\709_P\709_AUDIO.wav,Ellie
709_P,709,709_43,my daddy was in the Army and he was in Vietnam so I just decide to go,348.0,352.5,D:\NCKH_DATATEAM\dataset\E-DAIC\709_P\709_AUDIO.wav,Participant
709_P,709,709_44,yeah it worked out pretty well for me,358.1,359.6,D:\NCKH_DATATEAM\dataset\E-DAIC\709_P\709_AUDIO.wav,Ellie
709_P,709,709_45,all right,363.0,363.7,D:\NCKH_DATATEAM\dataset\E-DAIC\709_P\709_AUDIO.wav,Participant
709_P,709,709_46,did you ever see combat,366.3,367.3,D:\NCKH_DATATEAM\dataset\E-DAIC\709_P\709_AUDIO.wav,Ellie
709_P,709,709_47,yes,368.2,368.7,D:\NCKH_DATATEAM\dataset\E-DAIC\709_P\709_AUDIO.wav,Participant
709_P,709,709_48,a beginner's difficult,386.4,387.9,D:\NCKH_DATATEAM\dataset\E-DAIC\709_P\709_AUDIO.wav,Ellie
709_P,709,709_49,but it's just the adjustment. I guess,388.7,390.9,D:\NCKH_DATATEAM\dataset\E-DAIC\709_P\709_AUDIO.wav,Participant
709_P,709,709_50,okay,394.9,395.5,D:\NCKH_DATATEAM\dataset\E-DAIC\709_P\709_AUDIO.wav,Ellie
709_P,709,709_51,try going to school for a little bit it was boring and I just can't get into it and so I just decide to go to work,401.2,408.4,D:\NCKH_DATATEAM\dataset\E-DAIC\709_P\709_AUDIO.wav,Participant
709_P,709,709_52,serving in the military change you,415.5,417.0,D:\NCKH_DATATEAM\dataset\E-DAIC\709_P\709_AUDIO.wav,Ellie
709_P,709,709_53,may be more responsible may be more attentive and a lot of the things that goes on around me and actually pay attention to things pay attention to the details,418.3,426.7,D:\NCKH_DATATEAM\dataset\E-DAIC\709_P\709_AUDIO.wav,Participant
709_P,709,709_54,of Life Wireless,428.7,429.7,D:\NCKH_DATATEAM\dataset\E-DAIC\709_P\709_AUDIO.wav,Ellie
709_P,709,709_55,how have you been,437.9,438.7,D:\NCKH_DATATEAM\dataset\E-DAIC\709_P\709_AUDIO.wav,Participant
709_P,709,709_56,you know I've been all right been okay seeing worse,440.8,445.0,D:\NCKH_DATATEAM\dataset\E-DAIC\709_P\709_AUDIO.wav,Ellie
709_P,709,709_57,this is a struggle for everybody's recession right just trying to get it together that's all,452.4,457.2,D:\NCKH_DATATEAM\dataset\E-DAIC\709_P\709_AUDIO.wav,Participant
709_P,709,709_58,yeah I'm more of a homebody now before I used to be out partying a lot,466.1,469.9,D:\NCKH_DATATEAM\dataset\E-DAIC\709_P\709_AUDIO.wav,Ellie
709_P,709,709_59,totally changed only really go out no more,470.8,473.0,D:\NCKH_DATATEAM\dataset\E-DAIC\709_P\709_AUDIO.wav,Participant
709_P,709,709_60,yeah it's just,479.2,480.7,D:\NCKH_DATATEAM\dataset\E-DAIC\709_P\709_AUDIO.wav,Ellie
709_P,709,709_61,the whole city of Los Angeles getting crazy everybody so I just decided to stay inside more and spend time with my family and my daughter,481.6,490.2,D:\NCKH_DATATEAM\dataset\E-DAIC\709_P\709_AUDIO.wav,Participant
709_P,709,709_62,it's not easy at all sleep very rarely,496.8,500.2,D:\NCKH_DATATEAM\dataset\E-DAIC\709_P\709_AUDIO.wav,Ellie
709_P,709,709_63,what are you,503.9,504.5,D:\NCKH_DATATEAM\dataset\E-DAIC\709_P\709_AUDIO.wav,Participant
709_P,709,709_64,I don't know can you can you tell me now cuz I haven't slept well last night pretty alert I guess,506.8,513.5,D:\NCKH_DATATEAM\dataset\E-DAIC\709_P\709_AUDIO.wav,Ellie
709_P,709,709_65,have you ever been tagged,520.0,520.9,D:\NCKH_DATATEAM\dataset\E-DAIC\709_P\709_AUDIO.wav,Participant
709_P,709,709_66,yeah,522.7,523.5,D:\NCKH_DATATEAM\dataset\E-DAIC\709_P\709_AUDIO.wav,Ellie
709_P,709,709_67,like a year-and-a-half two years ago,529.1,530.8,D:\NCKH_DATATEAM\dataset\E-DAIC\709_P\709_AUDIO.wav,Participant
709_P,709,709_68,day Terrors can't sleep at night you know I mean,536.8,541.1,D:\NCKH_DATATEAM\dataset\E-DAIC\709_P\709_AUDIO.wav,Ellie
709_P,709,709_69,just pretty much,542.4,543.3,D:\NCKH_DATATEAM\dataset\E-DAIC\709_P\709_AUDIO.wav,Participant
709_P,709,709_70,traumatic it was a really good I started adjusting to it though,545.1,549.3,D:\NCKH_DATATEAM\dataset\E-DAIC\709_P\709_AUDIO.wav,Ellie
709_P,709,709_71,it's more or less how you deal with it I guess,550.5,552.4,D:\NCKH_DATATEAM\dataset\E-DAIC\709_P\709_AUDIO.wav,Participant
709_P,709,709_72,just memories,558.3,560.6,D:\NCKH_DATATEAM\dataset\E-DAIC\709_P\709_AUDIO.wav,Ellie
709_P,709,709_73,you know traumatic stuff happens and you have a flashback you don't mean you might be sleep you never know when they're going to when it's going to come it just happens so,568.7,578.1,D:\NCKH_DATATEAM\dataset\E-DAIC\709_P\709_AUDIO.wav,Participant
709_P,709,709_74,shit get up start jogging start working out,587.3,590.3,D:\NCKH_DATATEAM\dataset\E-DAIC\709_P\709_AUDIO.wav,Ellie
709_P,709,709_75,I just work out just,599.6,601.2,D:\NCKH_DATATEAM\dataset\E-DAIC\709_P\709_AUDIO.wav,Participant
709_P,709,709_76,take my mind off of it might take a drive or something I wake up most nights sweating like it's weird I don't know why I used to it,602.5,611.9,D:\NCKH_DATATEAM\dataset\E-DAIC\709_P\709_AUDIO.wav,Ellie
709_P,709,709_77,I was diagnosed but I never really took medication except for like a while back I just kind of decided to do it on my own I don't feel like medicine is always the key,617.8,628.1,D:\NCKH_DATATEAM\dataset\E-DAIC\709_P\709_AUDIO.wav,Participant
709_P,709,709_78,okay,631.7,632.3,D:\NCKH_DATATEAM\dataset\E-DAIC\709_P\709_AUDIO.wav,Ellie
709_P,709,709_79,you still get it there,635.0,636.2,D:\NCKH_DATATEAM\dataset\E-DAIC\709_P\709_AUDIO.wav,Participant
709_P,709,709_80,no,637.2,637.7,D:\NCKH_DATATEAM\dataset\E-DAIC\709_P\709_AUDIO.wav,Ellie
709_P,709,709_81,circumstances like going on and have time,643.9,648.5,D:\NCKH_DATATEAM\dataset\E-DAIC\709_P\709_AUDIO.wav,Participant
709_P,709,709_82,sometimes,659.2,660.1,D:\NCKH_DATATEAM\dataset\E-DAIC\709_P\709_AUDIO.wav,Ellie
709_P,709,709_83,it just depends I don't really think that it works for everybody not everybody wants to talk about the problems some people have different sources Outlets to deal with things you know,661.9,671.9,D:\NCKH_DATATEAM\dataset\E-DAIC\709_P\709_AUDIO.wav,Participant
709_P,709,709_84,not much,684.7,685.4,D:\NCKH_DATATEAM\dataset\E-DAIC\709_P\709_AUDIO.wav,Ellie
709_P,709,709_85,last week when I took my daughter to the park,694.1,695.9,D:\NCKH_DATATEAM\dataset\E-DAIC\709_P\709_AUDIO.wav,Participant
709_P,709,709_86,had a ball,697.1,697.7,D:\NCKH_DATATEAM\dataset\E-DAIC\709_P\709_AUDIO.wav,Ellie
709_P,709,709_87,yeah we was on everything every ride everything I was chasing around heart just have fun enjoy spend time with daughter,703.6,712.7,D:\NCKH_DATATEAM\dataset\E-DAIC\709_P\709_AUDIO.wav,Participant
709_P,709,709_88,I have a friend named she's pretty inspirational she keeps me motivated as far as my higher level thinking goes,721.6,730.0,D:\NCKH_DATATEAM\dataset\E-DAIC\709_P\709_AUDIO.wav,Ellie
709_P,709,709_89,how your best friend describe,734.2,735.3,D:\NCKH_DATATEAM\dataset\E-DAIC\709_P\709_AUDIO.wav,Participant
709_P,709,709_90,an asshole,737.3,738.3,D:\NCKH_DATATEAM\dataset\E-DAIC\709_P\709_AUDIO.wav,Ellie
709_P,709,709_91,paintballing,750.1,751.2,D:\NCKH_DATATEAM\dataset\E-DAIC\709_P\709_AUDIO.wav,Participant
709_P,709,709_92,that shit was though,752.1,753.2,D:\NCKH_DATATEAM\dataset\E-DAIC\709_P\709_AUDIO.wav,Ellie
709_P,709,709_93,nice,756.8,757.4,D:\NCKH_DATATEAM\dataset\E-DAIC\709_P\709_AUDIO.wav,Participant
709_P,709,709_94,what are you most proud of,760.8,762.0,D:\NCKH_DATATEAM\dataset\E-DAIC\709_P\709_AUDIO.wav,Ellie
709_P,709,709_95,my termination,764.6,766.4,D:\NCKH_DATATEAM\dataset\E-DAIC\709_P\709_AUDIO.wav,Participant
709_P,709,709_96,is easy to quit give up you know I mean commit suicide and shit that's for losers for weak people,768.5,775.8,D:\NCKH_DATATEAM\dataset\E-DAIC\709_P\709_AUDIO.wav,Ellie
709_P,709,709_97,determination,776.8,777.8,D:\NCKH_DATATEAM\dataset\E-DAIC\709_P\709_AUDIO.wav,Participant
709_P,709,709_98,mobile,781.6,782.3,D:\NCKH_DATATEAM\dataset\E-DAIC\709_P\709_AUDIO.wav,Ellie
709_P,709,709_99,you're welcome,784.8,785.7,D:\NCKH_DATATEAM\dataset\E-DAIC\709_P\709_AUDIO.wav,Participant
709_P,709,709_100,goodbye,789.1,790.6,D:\NCKH_DATATEAM\dataset\E-DAIC\709_P\709_AUDIO.wav,Ellie
709_P,709,709_101,she got a dope,803.8,804.8,D:\NCKH_DATATEAM\dataset\E-DAIC\709_P\709_AUDIO.wav,Participant
709_P,709,709_102,The Shack out of dope,809.0,810.2,D:\NCKH_DATATEAM\dataset\E-DAIC\709_P\709_AUDIO.wav,Ellie
709_P,709,709_103,hose 3/4 he came in,6.5,818.8,D:\NCKH_DATATEAM\dataset\E-DAIC\709_P\709_AUDIO.wav,Participant
710_P,710,710_0,maybe in something,7.4,8.2,D:\NCKH_DATATEAM\dataset\E-DAIC\710_P\710_AUDIO.wav,Ellie
710_P,710,710_1,gotcha,9.7,10.3,D:\NCKH_DATATEAM\dataset\E-DAIC\710_P\710_AUDIO.wav,Participant
710_P,710,710_2,hi Emily,28.1,29.5,D:\NCKH_DATATEAM\dataset\E-DAIC\710_P\710_AUDIO.wav,Ellie
710_P,710,710_3,I'm not a therapist,36.1,37.2,D:\NCKH_DATATEAM\dataset\E-DAIC\710_P\710_AUDIO.wav,Participant
710_P,710,710_4,okay,50.9,51.5,D:\NCKH_DATATEAM\dataset\E-DAIC\710_P\710_AUDIO.wav,Ellie
710_P,710,710_5,yes,52.9,53.5,D:\NCKH_DATATEAM\dataset\E-DAIC\710_P\710_AUDIO.wav,Participant
710_P,710,710_6,so how are you doing today dude,60.0,63.2,D:\NCKH_DATATEAM\dataset\E-DAIC\710_P\710_AUDIO.wav,Ellie
710_P,710,710_7,where are you from,66.3,67.7,D:\NCKH_DATATEAM\dataset\E-DAIC\710_P\710_AUDIO.wav,Participant
710_P,710,710_8,originally from Bakersfield California,68.7,70.9,D:\NCKH_DATATEAM\dataset\E-DAIC\710_P\710_AUDIO.wav,Ellie
710_P,710,710_9,the beach the weather the people,77.1,82.0,D:\NCKH_DATATEAM\dataset\E-DAIC\710_P\710_AUDIO.wav,Participant
710_P,710,710_10,the traffic the noise and some of the people,89.0,92.9,D:\NCKH_DATATEAM\dataset\E-DAIC\710_P\710_AUDIO.wav,Ellie
710_P,710,710_11,you travel a lot,100.9,101.7,D:\NCKH_DATATEAM\dataset\E-DAIC\710_P\710_AUDIO.wav,Participant
710_P,710,710_12,not too much I used to in the past but not a lot these days,102.6,106.1,D:\NCKH_DATATEAM\dataset\E-DAIC\710_P\710_AUDIO.wav,Ellie
710_P,710,710_13,how about working and going to school so it's kind of makes it difficult I don't really have the time,112.0,117.9,D:\NCKH_DATATEAM\dataset\E-DAIC\710_P\710_AUDIO.wav,Participant
710_P,710,710_14,I was in the Air Force and did a lot of traveling then most of the Pacific Korea Japan Okinawa a lot of different places there,125.5,136.3,D:\NCKH_DATATEAM\dataset\E-DAIC\710_P\710_AUDIO.wav,Ellie
710_P,710,710_15,sometimes you're up,137.2,138.4,D:\NCKH_DATATEAM\dataset\E-DAIC\710_P\710_AUDIO.wav,Participant
710_P,710,710_16,trigonometry math and electrical,143.9,147.5,D:\NCKH_DATATEAM\dataset\E-DAIC\710_P\710_AUDIO.wav,Ellie
710_P,710,710_17,classes,148.6,149.3,D:\NCKH_DATATEAM\dataset\E-DAIC\710_P\710_AUDIO.wav,Participant
710_P,710,710_18,do some electrical work and doing classes also do some residential and construction,155.0,161.5,D:\NCKH_DATATEAM\dataset\E-DAIC\710_P\710_AUDIO.wav,Ellie
710_P,710,710_19,what's your dream job,167.9,168.9,D:\NCKH_DATATEAM\dataset\E-DAIC\710_P\710_AUDIO.wav,Participant
710_P,710,710_20,who won the lottery,170.5,171.2,D:\NCKH_DATATEAM\dataset\E-DAIC\710_P\710_AUDIO.wav,Ellie
710_P,710,710_21,outgoing,179.9,180.7,D:\NCKH_DATATEAM\dataset\E-DAIC\710_P\710_AUDIO.wav,Participant
710_P,710,710_22,tell me about your relationship with your family it's a good relationship my mother passed away and fortunately but my dad's up north he's 85 and he stays with my sister now we all get along,184.3,198.2,D:\NCKH_DATATEAM\dataset\E-DAIC\710_P\710_AUDIO.wav,Ellie
710_P,710,710_23,maybe take you a ride to the ocean and sit there and kind of look out to sea,214.4,218.5,D:\NCKH_DATATEAM\dataset\E-DAIC\710_P\710_AUDIO.wav,Participant
710_P,710,710_24,good I used to have a temper years ago when I was younger but I'm a little calmer and older and hopefully wiser these days,226.3,234.1,D:\NCKH_DATATEAM\dataset\E-DAIC\710_P\710_AUDIO.wav,Ellie
710_P,710,710_25,I got you in trouble,238.2,239.0,D:\NCKH_DATATEAM\dataset\E-DAIC\710_P\710_AUDIO.wav,Participant
710_P,710,710_26,in the past it has but not as of recent,240.1,243.7,D:\NCKH_DATATEAM\dataset\E-DAIC\710_P\710_AUDIO.wav,Ellie
710_P,710,710_27,to be honest I don't even remember that's how long ago it's been,251.8,256.0,D:\NCKH_DATATEAM\dataset\E-DAIC\710_P\710_AUDIO.wav,Participant
710_P,710,710_28,my divorce I guess so,272.1,274.0,D:\NCKH_DATATEAM\dataset\E-DAIC\710_P\710_AUDIO.wav,Ellie
710_P,710,710_29,I guess I probably should have got it sooner,275.7,278.2,D:\NCKH_DATATEAM\dataset\E-DAIC\710_P\710_AUDIO.wav,Participant
710_P,710,710_30,I don't feel guilty about anything,287.9,289.5,D:\NCKH_DATATEAM\dataset\E-DAIC\710_P\710_AUDIO.wav,Ellie
710_P,710,710_31,probably divorce whether to stay married or to get divorced it was a tough decision definitely,300.7,307.3,D:\NCKH_DATATEAM\dataset\E-DAIC\710_P\710_AUDIO.wav,Participant
710_P,710,710_32,tell me about an event or something that you wish you could erase from your memory,314.4,318.3,D:\NCKH_DATATEAM\dataset\E-DAIC\710_P\710_AUDIO.wav,Ellie
710_P,710,710_33,I guess just seem death in the past and situations that if I could erase some of the visuals of that that would help me,322.7,334.2,D:\NCKH_DATATEAM\dataset\E-DAIC\710_P\710_AUDIO.wav,Participant
710_P,710,710_34,yes,342.5,343.1,D:\NCKH_DATATEAM\dataset\E-DAIC\710_P\710_AUDIO.wav,Ellie
710_P,710,710_35,how old were you when you doing,346.8,347.9,D:\NCKH_DATATEAM\dataset\E-DAIC\710_P\710_AUDIO.wav,Participant
710_P,710,710_36,he was a 17 and a half,349.1,351.3,D:\NCKH_DATATEAM\dataset\E-DAIC\710_P\710_AUDIO.wav,Ellie
710_P,710,710_37,I really wanted to get out of my hometown there wasn't much their jobs or advancement in jobs so I want to see the world because my father was in the military,357.4,370.5,D:\NCKH_DATATEAM\dataset\E-DAIC\710_P\710_AUDIO.wav,Participant
710_P,710,710_38,definitely yes,376.3,377.2,D:\NCKH_DATATEAM\dataset\E-DAIC\710_P\710_AUDIO.wav,Ellie
710_P,710,710_39,okay,380.6,381.2,D:\NCKH_DATATEAM\dataset\E-DAIC\710_P\710_AUDIO.wav,Participant
710_P,710,710_40,did you ever see combat yes,384.1,386.1,D:\NCKH_DATATEAM\dataset\E-DAIC\710_P\710_AUDIO.wav,Ellie
710_P,710,710_41,how easy was it for,393.0,394.0,D:\NCKH_DATATEAM\dataset\E-DAIC\710_P\710_AUDIO.wav,Participant
710_P,710,710_42,it was difficult,396.0,398.9,D:\NCKH_DATATEAM\dataset\E-DAIC\710_P\710_AUDIO.wav,Ellie
710_P,710,710_43,because you used to a structured military life and then it come back and have less organization it was,401.6,410.6,D:\NCKH_DATATEAM\dataset\E-DAIC\710_P\710_AUDIO.wav,Participant
710_P,710,710_44,transition plus going from different places overseas and coming back in speaking English and not seeing the,412.0,420.1,D:\NCKH_DATATEAM\dataset\E-DAIC\710_P\710_AUDIO.wav,Ellie
710_P,710,710_45,other people that you were stationed with so,421.8,423.9,D:\NCKH_DATATEAM\dataset\E-DAIC\710_P\710_AUDIO.wav,Participant
710_P,710,710_46,you missed some of those people,425.0,427.0,D:\NCKH_DATATEAM\dataset\E-DAIC\710_P\710_AUDIO.wav,Ellie
710_P,710,710_47,hi,437.1,437.5,D:\NCKH_DATATEAM\dataset\E-DAIC\710_P\710_AUDIO.wav,Participant
710_P,710,710_48,gas station in Southern California my last assignment so I applied for the power company and was working for them for a while,440.0,447.3,D:\NCKH_DATATEAM\dataset\E-DAIC\710_P\710_AUDIO.wav,Ellie
710_P,710,710_49,roughly twenty years,449.7,451.1,D:\NCKH_DATATEAM\dataset\E-DAIC\710_P\710_AUDIO.wav,Participant
710_P,710,710_50,more organization learn more responsibility kind of more of a manly attitude organization and discipline a discipline helps,463.9,476.3,D:\NCKH_DATATEAM\dataset\E-DAIC\710_P\710_AUDIO.wav,Ellie
710_P,710,710_51,in life,477.6,478.3,D:\NCKH_DATATEAM\dataset\E-DAIC\710_P\710_AUDIO.wav,Participant
710_P,710,710_52,that's great,481.7,482.7,D:\NCKH_DATATEAM\dataset\E-DAIC\710_P\710_AUDIO.wav,Ellie
710_P,710,710_53,how have you been feeling lately,485.7,486.9,D:\NCKH_DATATEAM\dataset\E-DAIC\710_P\710_AUDIO.wav,Participant
710_P,710,710_54,good. Too bad mentally all right physically aches and pains,488.8,493.8,D:\NCKH_DATATEAM\dataset\E-DAIC\710_P\710_AUDIO.wav,Ellie
710_P,710,710_55,I know I seem a little more calm and,502.3,504.4,D:\NCKH_DATATEAM\dataset\E-DAIC\710_P\710_AUDIO.wav,Participant
710_P,710,710_56,more tolerable of situations less arguing or none at all I just try to keep things,506.3,513.6,D:\NCKH_DATATEAM\dataset\E-DAIC\710_P\710_AUDIO.wav,Ellie
710_P,710,710_57,less dramatic in and smooth in my life,515.0,518.3,D:\NCKH_DATATEAM\dataset\E-DAIC\710_P\710_AUDIO.wav,Participant
710_P,710,710_58,not really easy sometimes,528.1,531.0,D:\NCKH_DATATEAM\dataset\E-DAIC\710_P\710_AUDIO.wav,Ellie
710_P,710,710_59,it's hard of sky can have some nightmares or just thinking too much and can't sleep or can't get comfortable or physical aches and pains so there's a lot that contributes to that,532.7,544.4,D:\NCKH_DATATEAM\dataset\E-DAIC\710_P\710_AUDIO.wav,Participant
710_P,710,710_60,a little irritable irritable,552.2,553.9,D:\NCKH_DATATEAM\dataset\E-DAIC\710_P\710_AUDIO.wav,Ellie
710_P,710,710_61,have you ever been diagnosed,560.8,561.7,D:\NCKH_DATATEAM\dataset\E-DAIC\710_P\710_AUDIO.wav,Participant
710_P,710,710_62,yes,562.7,563.4,D:\NCKH_DATATEAM\dataset\E-DAIC\710_P\710_AUDIO.wav,Ellie
710_P,710,710_63,thinking like 6 years ago 5 6 years ago,568.8,572.0,D:\NCKH_DATATEAM\dataset\E-DAIC\710_P\710_AUDIO.wav,Participant
710_P,710,710_64,I'm not sure I guess lack of sleep and chewing my nails and maybe a lack of concentration on some things,578.1,588.8,D:\NCKH_DATATEAM\dataset\E-DAIC\710_P\710_AUDIO.wav,Ellie
710_P,710,710_65,are they triggered by something,592.7,594.1,D:\NCKH_DATATEAM\dataset\E-DAIC\710_P\710_AUDIO.wav,Participant
710_P,710,710_66,evidently,596.6,597.5,D:\NCKH_DATATEAM\dataset\E-DAIC\710_P\710_AUDIO.wav,Ellie
710_P,710,710_67,that's basically it I mean I've been,603.3,605.7,D:\NCKH_DATATEAM\dataset\E-DAIC\710_P\710_AUDIO.wav,Participant
710_P,710,710_68,I have an experience that much as of recent but that was more like 5 years ago so things are better now,606.7,614.2,D:\NCKH_DATATEAM\dataset\E-DAIC\710_P\710_AUDIO.wav,Ellie
710_P,710,710_69,how do you cope with them,618.5,619.6,D:\NCKH_DATATEAM\dataset\E-DAIC\710_P\710_AUDIO.wav,Participant
710_P,710,710_70,relaxation breathing exercise,620.9,625.8,D:\NCKH_DATATEAM\dataset\E-DAIC\710_P\710_AUDIO.wav,Ellie
710_P,710,710_71,just basically,632.7,634.0,D:\NCKH_DATATEAM\dataset\E-DAIC\710_P\710_AUDIO.wav,Participant
710_P,710,710_72,try to live a peaceful life,636.4,638.9,D:\NCKH_DATATEAM\dataset\E-DAIC\710_P\710_AUDIO.wav,Ellie
710_P,710,710_73,past experiences I guess,649.5,651.2,D:\NCKH_DATATEAM\dataset\E-DAIC\710_P\710_AUDIO.wav,Participant
710_P,710,710_74,2,654.2,654.7,D:\NCKH_DATATEAM\dataset\E-DAIC\710_P\710_AUDIO.wav,Ellie
710_P,710,710_75,no,656.3,656.9,D:\NCKH_DATATEAM\dataset\E-DAIC\710_P\710_AUDIO.wav,Participant
710_P,710,710_76,I'm a lot more in control and doing better,663.2,667.3,D:\NCKH_DATATEAM\dataset\E-DAIC\710_P\710_AUDIO.wav,Ellie
710_P,710,710_77,yes,676.9,677.5,D:\NCKH_DATATEAM\dataset\E-DAIC\710_P\710_AUDIO.wav,Participant
710_P,710,710_78,well it's nice to talk to someone about your problems like or tell someone your problems like I have now with you,682.7,689.3,D:\NCKH_DATATEAM\dataset\E-DAIC\710_P\710_AUDIO.wav,Ellie
710_P,710,710_79,list nightmares probably better sleep and just going through day-to-day a lot calmer without argument or letting little things bother me,697.1,708.8,D:\NCKH_DATATEAM\dataset\E-DAIC\710_P\710_AUDIO.wav,Participant
710_P,710,710_80,when was the,715.8,716.4,D:\NCKH_DATATEAM\dataset\E-DAIC\710_P\710_AUDIO.wav,Ellie
710_P,710,710_81,last night I was with friends and we went to the beach and to a concert,720.0,724.5,D:\NCKH_DATATEAM\dataset\E-DAIC\710_P\710_AUDIO.wav,Participant
710_P,710,710_82,that's great,728.6,729.5,D:\NCKH_DATATEAM\dataset\E-DAIC\710_P\710_AUDIO.wav,Ellie
710_P,710,710_83,who's some of it's been a positive influence in your life,732.6,734.7,D:\NCKH_DATATEAM\dataset\E-DAIC\710_P\710_AUDIO.wav,Participant
710_P,710,710_84,my father he's very positive and good man,736.0,740.4,D:\NCKH_DATATEAM\dataset\E-DAIC\710_P\710_AUDIO.wav,Ellie
710_P,710,710_85,just the man that raised me he's also a veteran and,746.7,750.8,D:\NCKH_DATATEAM\dataset\E-DAIC\710_P\710_AUDIO.wav,Participant
710_P,710,710_86,instill some discipline and good work and study habits so he was a good father and a good provider,751.8,759.0,D:\NCKH_DATATEAM\dataset\E-DAIC\710_P\710_AUDIO.wav,Ellie
710_P,710,710_87,how do your best friend,762.9,764.0,D:\NCKH_DATATEAM\dataset\E-DAIC\710_P\710_AUDIO.wav,Participant
710_P,710,710_88,funny,765.6,766.4,D:\NCKH_DATATEAM\dataset\E-DAIC\710_P\710_AUDIO.wav,Ellie
710_P,710,710_89,and crazy,767.5,768.4,D:\NCKH_DATATEAM\dataset\E-DAIC\710_P\710_AUDIO.wav,Participant
710_P,710,710_90,last night I was at the beach with friends and saw concert had a good time,775.7,781.2,D:\NCKH_DATATEAM\dataset\E-DAIC\710_P\710_AUDIO.wav,Ellie
710_P,710,710_91,nice,784.4,785.1,D:\NCKH_DATATEAM\dataset\E-DAIC\710_P\710_AUDIO.wav,Participant
710_P,710,710_92,what are you most proud of,788.6,789.7,D:\NCKH_DATATEAM\dataset\E-DAIC\710_P\710_AUDIO.wav,Ellie
710_P,710,710_93,my military service,790.9,792.7,D:\NCKH_DATATEAM\dataset\E-DAIC\710_P\710_AUDIO.wav,Participant
710_P,710,710_94,thank you,801.0,801.6,D:\NCKH_DATATEAM\dataset\E-DAIC\710_P\710_AUDIO.wav,Ellie
710_P,710,710_95,bye,805.4,805.8,D:\NCKH_DATATEAM\dataset\E-DAIC\710_P\710_AUDIO.wav,Participant
712_P,712,712_0,so friggin,26.7,28.8,D:\NCKH_DATATEAM\dataset\E-DAIC\712_P\712_AUDIO.wav,Ellie
712_P,712,712_1,I'm pleased,47.4,48.1,D:\NCKH_DATATEAM\dataset\E-DAIC\712_P\712_AUDIO.wav,Participant
712_P,712,712_2,are you okay with this yes yes,56.0,57.8,D:\NCKH_DATATEAM\dataset\E-DAIC\712_P\712_AUDIO.wav,Ellie
712_P,712,712_3,done pretty good,67.8,68.5,D:\NCKH_DATATEAM\dataset\E-DAIC\712_P\712_AUDIO.wav,Participant
712_P,712,712_4,how are you,69.6,70.2,D:\NCKH_DATATEAM\dataset\E-DAIC\712_P\712_AUDIO.wav,Ellie
712_P,712,712_5,Philadelphia Pennsylvania,75.7,77.7,D:\NCKH_DATATEAM\dataset\E-DAIC\712_P\712_AUDIO.wav,Participant
712_P,712,712_6,the weather in Latin culture food,84.9,89.6,D:\NCKH_DATATEAM\dataset\E-DAIC\712_P\712_AUDIO.wav,Ellie
712_P,712,712_7,music the beaches,90.5,93.2,D:\NCKH_DATATEAM\dataset\E-DAIC\712_P\712_AUDIO.wav,Participant
712_P,712,712_8,what's better dirty large parts of it getting violent stuff like that,100.3,106.5,D:\NCKH_DATATEAM\dataset\E-DAIC\712_P\712_AUDIO.wav,Ellie
712_P,712,712_9,GasBuddy,108.3,109.2,D:\NCKH_DATATEAM\dataset\E-DAIC\712_P\712_AUDIO.wav,Participant
712_P,712,712_10,you travel a lot,116.7,117.6,D:\NCKH_DATATEAM\dataset\E-DAIC\712_P\712_AUDIO.wav,Ellie
712_P,712,712_11,I used to in the Marines and growing up I did y'all all over the east coast and around the country out,119.4,126.2,D:\NCKH_DATATEAM\dataset\E-DAIC\712_P\712_AUDIO.wav,Participant
712_P,712,712_12,same thing different different types of people different types of food different types of music seeing different architecture and things like that the east coast and the west coast is very different in terms of how we build our buildings so just different places that you go you see different things like that,132.9,150.1,D:\NCKH_DATATEAM\dataset\E-DAIC\712_P\712_AUDIO.wav,Ellie
712_P,712,712_13,turkey we visited the oldest church in the world I believe it was called the oldest church in the world they have those the towers the towers and just a different people I ate goat and some other types of food that I had never eaten before,157.1,175.6,D:\NCKH_DATATEAM\dataset\E-DAIC\712_P\712_AUDIO.wav,Participant
712_P,712,712_14,and I found out the people or are people just like us it's not just like Americans we might have our perception but people from another country they're just the same they just have a different language and they just look different but they don't they're not different you know,178.0,191.2,D:\NCKH_DATATEAM\dataset\E-DAIC\712_P\712_AUDIO.wav,Ellie
712_P,712,712_15,American Experience,193.0,194.1,D:\NCKH_DATATEAM\dataset\E-DAIC\712_P\712_AUDIO.wav,Participant
712_P,712,712_16,I remember everything I have a very vivid memory I remember a lot of things,201.1,206.0,D:\NCKH_DATATEAM\dataset\E-DAIC\712_P\712_AUDIO.wav,Ellie
712_P,712,712_17,I don't know,210.4,211.2,D:\NCKH_DATATEAM\dataset\E-DAIC\712_P\712_AUDIO.wav,Participant
712_P,712,712_18,I was a trumpet player since third grade and I did that in the mornings so I did that for 15 years of my life music,212.3,221.1,D:\NCKH_DATATEAM\dataset\E-DAIC\712_P\712_AUDIO.wav,Ellie
712_P,712,712_19,warehousing labor,226.5,228.5,D:\NCKH_DATATEAM\dataset\E-DAIC\712_P\712_AUDIO.wav,Participant
712_P,712,712_20,can I ride my bike a lot,230.0,231.1,D:\NCKH_DATATEAM\dataset\E-DAIC\712_P\712_AUDIO.wav,Ellie
712_P,712,712_21,the Los Angeles Philharmonic go to the Boston Pops Orchestra or something like that something big,237.2,242.2,D:\NCKH_DATATEAM\dataset\E-DAIC\712_P\712_AUDIO.wav,Participant
712_P,712,712_22,something like that to you,243.9,245.0,D:\NCKH_DATATEAM\dataset\E-DAIC\712_P\712_AUDIO.wav,Ellie
712_P,712,712_23,Lili outgoing I wish I when I was growing up but not anymore,253.4,257.0,D:\NCKH_DATATEAM\dataset\E-DAIC\712_P\712_AUDIO.wav,Participant
712_P,712,712_24,the best of guy yes,276.5,278.3,D:\NCKH_DATATEAM\dataset\E-DAIC\712_P\712_AUDIO.wav,Ellie
712_P,712,712_25,I I have music I love all kinds of music so if I just put on my headphones that usually helps or I go for a bike ride I have my bike downstairs I'll just go as far as I feel like going 10 15 20 miles and then come home that's very relaxing,280.6,299.2,D:\NCKH_DATATEAM\dataset\E-DAIC\712_P\712_AUDIO.wav,Participant
712_P,712,712_26,I don't have a temper I used to put it this way my daughter's mother had a temper and I started to learn it from her but I realize that's,305.3,314.3,D:\NCKH_DATATEAM\dataset\E-DAIC\712_P\712_AUDIO.wav,Ellie
712_P,712,712_27,but that's not me that that's not the type of person that I am and so I I,315.7,319.1,D:\NCKH_DATATEAM\dataset\E-DAIC\712_P\712_AUDIO.wav,Participant
712_P,712,712_28,we separated and I've long since not been like that yeah,321.1,326.0,D:\NCKH_DATATEAM\dataset\E-DAIC\712_P\712_AUDIO.wav,Ellie
712_P,712,712_29,with her only with her never never like in public or with the police or anything like that I would say that she some girls know that they can use the police,332.4,345.2,D:\NCKH_DATATEAM\dataset\E-DAIC\712_P\712_AUDIO.wav,Participant
712_P,712,712_30,they can just say things some girls not all girls and she would do that but no it was never I've never like hit a woman or anything like that no,346.3,356.8,D:\NCKH_DATATEAM\dataset\E-DAIC\712_P\712_AUDIO.wav,Ellie
712_P,712,712_31,when was the last,360.7,361.4,D:\NCKH_DATATEAM\dataset\E-DAIC\712_P\712_AUDIO.wav,Participant
712_P,712,712_32,my former landlady I just moved about two months ago where I was before my my landlady was a drug addict she didn't didn't do anything except drug she didn't fix anything she was just lazy and everything was unkempt and and,364.4,385.2,D:\NCKH_DATATEAM\dataset\E-DAIC\712_P\712_AUDIO.wav,Ellie
712_P,712,712_33,if you are renting to somebody else I had strong views that you should keep up with the property and I which is build up over time and I told her you know I've been here and I've given you so much money so much money and you haven't done anything except drugs and it was we got a little heated,386.6,403.4,D:\NCKH_DATATEAM\dataset\E-DAIC\712_P\712_AUDIO.wav,Participant
712_P,712,712_34,I I don't know because I think the way things end up,423.8,428.4,D:\NCKH_DATATEAM\dataset\E-DAIC\712_P\712_AUDIO.wav,Ellie
712_P,712,712_35,is the right way in the end if your Zone as you learn so,429.5,432.4,D:\NCKH_DATATEAM\dataset\E-DAIC\712_P\712_AUDIO.wav,Participant
712_P,712,712_36,Google I said you have any regrets,433.8,435.1,D:\NCKH_DATATEAM\dataset\E-DAIC\712_P\712_AUDIO.wav,Ellie
712_P,712,712_37,I don't know I've learned I've learned you can't have regrets cuz y'all at the end of the day you end up in the right place and that's what you have to look at so I don't think so I've learned from the things that I may have,437.9,449.3,D:\NCKH_DATATEAM\dataset\E-DAIC\712_P\712_AUDIO.wav,Participant
712_P,712,712_38,but I had to learn to understand I'm sure you do,450.9,453.7,D:\NCKH_DATATEAM\dataset\E-DAIC\712_P\712_AUDIO.wav,Ellie
712_P,712,712_39,I might as well be honest I know it's looking at it I know you're a person on the other side of that but you don't look like a person but I had a woman that I was chasing and I we were intimate we were together and we were intimate and I shouldn't you know made me promise not to tell anybody at work and I was so excited and I told somebody cuz I thought I could trust that person and,464.6,488.5,D:\NCKH_DATATEAM\dataset\E-DAIC\712_P\712_AUDIO.wav,Participant
712_P,712,712_40,I couldn't trust that person and word got out in the hole Restaurant New and she was embarrassed and I broke her trust it was a pretty it was pretty bad but at the same time and again I said that I don't regret things because she admitted she admitted that it hurt and by admitting it heard it kind of said more,489.7,511.7,D:\NCKH_DATATEAM\dataset\E-DAIC\712_P\712_AUDIO.wav,Ellie
712_P,712,712_41,about the situation if somebody could admit to you that you can hurt them that means they're vulnerable to which said something you know I understand that so I learned something more than maybe had I not done it had I not heard I might not have known,513.6,526.5,D:\NCKH_DATATEAM\dataset\E-DAIC\712_P\712_AUDIO.wav,Participant
712_P,712,712_42,tell me about the hardest decision you've ever had to,533.6,536.7,D:\NCKH_DATATEAM\dataset\E-DAIC\712_P\712_AUDIO.wav,Ellie
712_P,712,712_43,probably coming to California my daughter's mother and I like I said we didn't get along and I have a 9 year old daughter who I love and I want the best for so so five years ago she moved out the mother moved out here to meet her new husband and and start a new life and all that and she brought my daughter along and it took me a couple months to get money and everything together for me to do it but I knew when I came out here that I didn't know anybody we're from the East Coast I didn't know anybody I didn't know nothing about California I looked at a map and I said Santa Monica I know that City I'll try to get close to there and when it came time for it like the few days before and I knew I bought a bus ticket and I packed as much as I could and I knew that I was moving to the other side of the country,538.7,583.8,D:\NCKH_DATATEAM\dataset\E-DAIC\712_P\712_AUDIO.wav,Participant
712_P,712,712_44,and then I couldn't turn around that that they missed a huge step it was a huge step and I knew why I was doing it but I was terrified I was 10 I got here and I'm still terrified and it took some time to try to get everything together you know to eventually live with a drug addict that I was with but,585.8,602.9,D:\NCKH_DATATEAM\dataset\E-DAIC\712_P\712_AUDIO.wav,Ellie
712_P,712,712_45,for sure getting up and moving and leaving everything and friends that I knew and starting completely brand new that was that was very difficult,605.1,611.9,D:\NCKH_DATATEAM\dataset\E-DAIC\712_P\712_AUDIO.wav,Participant
712_P,712,712_46,a lot of my childhood my parents were abusive and I guess this anonymity thing helps but yeah my parents were my parents were destructive and there's a lot of things that they did to me as a child that that I wouldn't wish on other kids,623.9,642.1,D:\NCKH_DATATEAM\dataset\E-DAIC\712_P\712_AUDIO.wav,Ellie
712_P,712,712_47,I,646.1,646.4,D:\NCKH_DATATEAM\dataset\E-DAIC\712_P\712_AUDIO.wav,Participant
712_P,712,712_48,I've learned that I'm a stronger person but I,650.1,653.0,D:\NCKH_DATATEAM\dataset\E-DAIC\712_P\712_AUDIO.wav,Ellie
712_P,712,712_49,I still wouldn't wish it on somebody else come stronger and I can help other people because of the things I know but but it doesn't completely justify the stuff that happened to you,654.9,664.2,D:\NCKH_DATATEAM\dataset\E-DAIC\712_P\712_AUDIO.wav,Participant
712_P,712,712_50,yes the Marines,668.0,669.8,D:\NCKH_DATATEAM\dataset\E-DAIC\712_P\712_AUDIO.wav,Ellie
712_P,712,712_51,19,675.2,675.9,D:\NCKH_DATATEAM\dataset\E-DAIC\712_P\712_AUDIO.wav,Participant
712_P,712,712_52,I was actually going to go to college for music for trumpet and my parents didn't help me with any of the decisions and I didn't know how I was going to get there and,682.4,690.5,D:\NCKH_DATATEAM\dataset\E-DAIC\712_P\712_AUDIO.wav,Ellie
712_P,712,712_53,I was so adamant about still playing though,693.1,695.6,D:\NCKH_DATATEAM\dataset\E-DAIC\712_P\712_AUDIO.wav,Participant
712_P,712,712_54,so I don't know I knew the Marines were something that I could do it would be physical but I could still keep playing and it wasn't going to be so,696.6,704.2,D:\NCKH_DATATEAM\dataset\E-DAIC\712_P\712_AUDIO.wav,Ellie
712_P,712,712_55,like my parents wouldn't have driven me to college running like that and I had no idea how I was going to make that step I think I fell to the military,705.4,712.6,D:\NCKH_DATATEAM\dataset\E-DAIC\712_P\712_AUDIO.wav,Participant
712_P,712,712_56,was going to be an easier step so to speak I don't know if that makes sense but yeah it was more streamlined just to get in the military and keep playing that way,714.1,723.2,D:\NCKH_DATATEAM\dataset\E-DAIC\712_P\712_AUDIO.wav,Ellie
712_P,712,712_57,are you happy,726.4,727.1,D:\NCKH_DATATEAM\dataset\E-DAIC\712_P\712_AUDIO.wav,Participant
712_P,712,712_58,yeah I would say I learned a lot from from my experiences,728.3,733.0,D:\NCKH_DATATEAM\dataset\E-DAIC\712_P\712_AUDIO.wav,Ellie
712_P,712,712_59,you have no regrets you know what I mean I can definitely say that as a marine having been a marine there's nothing that can break me and I learned that for sure for the military,736.5,746.2,D:\NCKH_DATATEAM\dataset\E-DAIC\712_P\712_AUDIO.wav,Participant
712_P,712,712_60,all right,750.4,751.1,D:\NCKH_DATATEAM\dataset\E-DAIC\712_P\712_AUDIO.wav,Ellie
712_P,712,712_61,did you ever see combat no thank God,753.7,756.0,D:\NCKH_DATATEAM\dataset\E-DAIC\712_P\712_AUDIO.wav,Participant
712_P,712,712_62,how is the weather,762.6,763.3,D:\NCKH_DATATEAM\dataset\E-DAIC\712_P\712_AUDIO.wav,Ellie
712_P,712,712_63,not easy I would I would say that I right,768.0,771.0,D:\NCKH_DATATEAM\dataset\E-DAIC\712_P\712_AUDIO.wav,Participant
712_P,712,712_64,how do I join,772.5,773.3,D:\NCKH_DATATEAM\dataset\E-DAIC\712_P\712_AUDIO.wav,Ellie
712_P,712,712_65,I went to college and pursue that path things would be considerably different,774.9,779.0,D:\NCKH_DATATEAM\dataset\E-DAIC\712_P\712_AUDIO.wav,Participant
712_P,712,712_66,yeah the military and one thing they don't tell you they think the whole thing about the GI bill that don't help pay for college but that's for like vocational schools and stuff like that you don't really know that and I'm not a vocational school guy,782.9,794.3,D:\NCKH_DATATEAM\dataset\E-DAIC\712_P\712_AUDIO.wav,Ellie
712_P,712,712_67,the jobs are quite the same you kind of a little bit older and you already missed that early Windows to get in on a good career,799.2,805.2,D:\NCKH_DATATEAM\dataset\E-DAIC\712_P\712_AUDIO.wav,Participant
712_P,712,712_68,so a lot of people don't don't end up where they might have intended to be before they join the military put it that way,806.8,812.7,D:\NCKH_DATATEAM\dataset\E-DAIC\712_P\712_AUDIO.wav,Ellie
712_P,712,712_69,to do after the military,819.8,820.7,D:\NCKH_DATATEAM\dataset\E-DAIC\712_P\712_AUDIO.wav,Participant
712_P,712,712_70,bunch of jobs different jobs telemarketing pizza delivery old phones for Verizon Wireless warehousing of done thanks and of course traveled for my daughter,821.7,836.3,D:\NCKH_DATATEAM\dataset\E-DAIC\712_P\712_AUDIO.wav,Ellie
712_P,712,712_71,how did serving in the military change you,843.4,845.4,D:\NCKH_DATATEAM\dataset\E-DAIC\712_P\712_AUDIO.wav,Participant
712_P,712,712_72,what's the weather like I said no matter what comes on no matter what comes my way I know I I'll be okay and especially physically but just endurance mental endurance after sleeping in the dirt and and waking up in freezing sleeping bags and digging holes and and and sweating to no end and Twenty Mile and stuff like that,847.1,869.9,D:\NCKH_DATATEAM\dataset\E-DAIC\712_P\712_AUDIO.wav,Ellie
712_P,712,712_73,life no matter how hard it gets it's still a piece of cake for me most people wouldn't say that,871.0,876.6,D:\NCKH_DATATEAM\dataset\E-DAIC\712_P\712_AUDIO.wav,Participant
712_P,712,712_74,how have you been feeling lately,883.4,884.5,D:\NCKH_DATATEAM\dataset\E-DAIC\712_P\712_AUDIO.wav,Ellie
712_P,712,712_75,a little bit stressed I'm getting older on 35 and,886.9,890.3,D:\NCKH_DATATEAM\dataset\E-DAIC\712_P\712_AUDIO.wav,Participant
712_P,712,712_76,City harder to find a better job there's a lot of good in the workforce is not that that you know that this whole thing with the economy it's not as good as they try to paint it in the news there are lots and lots of people looking for jobs in a lot of them don't pay enough and a lot of them don't give enough hours and it's,891.8,907.9,D:\NCKH_DATATEAM\dataset\E-DAIC\712_P\712_AUDIO.wav,Ellie
712_P,712,712_77,I think the economy is a big Downer for for a lot of people,909.4,913.1,D:\NCKH_DATATEAM\dataset\E-DAIC\712_P\712_AUDIO.wav,Participant
712_P,712,712_78,no no no I'm pretty good,920.3,922.2,D:\NCKH_DATATEAM\dataset\E-DAIC\712_P\712_AUDIO.wav,Ellie
712_P,712,712_79,I said I'm getting a little bit better actually,924.0,925.6,D:\NCKH_DATATEAM\dataset\E-DAIC\712_P\712_AUDIO.wav,Participant
712_P,712,712_80,like I said I just I just learned to persevere no matter how hard it gets I'll be okay I'll be alright,927.2,931.8,D:\NCKH_DATATEAM\dataset\E-DAIC\712_P\712_AUDIO.wav,Ellie
712_P,712,712_81,how easy is it for you to get a good night sleep pretty good I do sleep well,938.4,942.9,D:\NCKH_DATATEAM\dataset\E-DAIC\712_P\712_AUDIO.wav,Participant
712_P,712,712_82,most most nights,944.0,945.3,D:\NCKH_DATATEAM\dataset\E-DAIC\712_P\712_AUDIO.wav,Ellie
712_P,712,712_83,obviously still pretty good I may be a little bit a tad bit sluggish but if I don't sleep for the night the next night I'll sleep fine and,953.9,964.3,D:\NCKH_DATATEAM\dataset\E-DAIC\712_P\712_AUDIO.wav,Participant
712_P,712,712_84,let me see all right still,965.3,966.5,D:\NCKH_DATATEAM\dataset\E-DAIC\712_P\712_AUDIO.wav,Ellie
712_P,712,712_85,have you ever been diagnosed with PTSD,973.3,975.0,D:\NCKH_DATATEAM\dataset\E-DAIC\712_P\712_AUDIO.wav,Participant
712_P,712,712_86,oh no you biting me now,983.9,985.5,D:\NCKH_DATATEAM\dataset\E-DAIC\712_P\712_AUDIO.wav,Ellie
712_P,712,712_87,have you been diagnosed with,992.3,993.5,D:\NCKH_DATATEAM\dataset\E-DAIC\712_P\712_AUDIO.wav,Participant
712_P,712,712_88,no,994.4,994.8,D:\NCKH_DATATEAM\dataset\E-DAIC\712_P\712_AUDIO.wav,Ellie
712_P,712,712_89,when was the last time,1007.4,1008.5,D:\NCKH_DATATEAM\dataset\E-DAIC\712_P\712_AUDIO.wav,Participant
712_P,712,712_90,2 days ago a friend of mine,1012.5,1015.1,D:\NCKH_DATATEAM\dataset\E-DAIC\712_P\712_AUDIO.wav,Ellie
712_P,712,712_91,when we fix our bikes we have to mountain bike so we got them both fixed we had a good hour or so very good high-minded conversation two things that that I understand that he wants to understand,1016.1,1028.8,D:\NCKH_DATATEAM\dataset\E-DAIC\712_P\712_AUDIO.wav,Participant
712_P,712,712_92,we went for a ride afterwards which always makes me feel good so yeah 2 days ago,1032.1,1036.3,D:\NCKH_DATATEAM\dataset\E-DAIC\712_P\712_AUDIO.wav,Ellie
712_P,712,712_93,it was good,1042.6,1043.4,D:\NCKH_DATATEAM\dataset\E-DAIC\712_P\712_AUDIO.wav,Participant
712_P,712,712_94,mostly authors and musicians,1047.5,1050.5,D:\NCKH_DATATEAM\dataset\E-DAIC\712_P\712_AUDIO.wav,Ellie
712_P,712,712_95,Paulo Coelho,1051.8,1052.6,D:\NCKH_DATATEAM\dataset\E-DAIC\712_P\712_AUDIO.wav,Participant
712_P,712,712_96,Radiohead sound like that,1054.4,1056.1,D:\NCKH_DATATEAM\dataset\E-DAIC\712_P\712_AUDIO.wav,Ellie
712_P,712,712_97,how would your best friend describe,1059.6,1060.6,D:\NCKH_DATATEAM\dataset\E-DAIC\712_P\712_AUDIO.wav,Participant
712_P,712,712_98,intelligent articulate,1062.3,1064.4,D:\NCKH_DATATEAM\dataset\E-DAIC\712_P\712_AUDIO.wav,Ellie
712_P,712,712_99,he said something about he said,1069.1,1070.8,D:\NCKH_DATATEAM\dataset\E-DAIC\712_P\712_AUDIO.wav,Participant
712_P,712,712_100,the reason I talk to you because I need to know so much,1072.5,1074.9,D:\NCKH_DATATEAM\dataset\E-DAIC\712_P\712_AUDIO.wav,Ellie
712_P,712,712_101,something like that but yeah cuz I know a lot,1076.6,1078.5,D:\NCKH_DATATEAM\dataset\E-DAIC\712_P\712_AUDIO.wav,Participant
712_P,712,712_102,most times has riding my bike I just now took roughly and I like to just see if I can do that how how hard and we hadn't ridden I had with my bike in like two months so I was curious what it was going to feel like for my legs endurance and all that and as I'm writing and I got it in the best gear and I'm just cranking along on the road now you know on the freeway whatever that feels great that's accomplishment that's physical you know I'm building myself I like doing that,1094.4,1130.1,D:\NCKH_DATATEAM\dataset\E-DAIC\712_P\712_AUDIO.wav,Ellie
712_P,712,712_103,nice,1133.1,1133.7,D:\NCKH_DATATEAM\dataset\E-DAIC\712_P\712_AUDIO.wav,Participant
712_P,712,712_104,yes,1135.0,1135.5,D:\NCKH_DATATEAM\dataset\E-DAIC\712_P\712_AUDIO.wav,Ellie
712_P,712,712_105,still funny picture,1136.4,1137.4,D:\NCKH_DATATEAM\dataset\E-DAIC\712_P\712_AUDIO.wav,Participant
712_P,712,712_106,I know you're a real person on the other side of that but you don't look like a real person that's a shame,1138.8,1142.3,D:\NCKH_DATATEAM\dataset\E-DAIC\712_P\712_AUDIO.wav,Ellie
712_P,712,712_107,but they tried,1144.7,1145.5,D:\NCKH_DATATEAM\dataset\E-DAIC\712_P\712_AUDIO.wav,Participant
712_P,712,712_108,having endured my childhood and all that and come out the other side and not be not be violent and not be abusive to learn from those things a lot of people get stuck,1155.2,1169.1,D:\NCKH_DATATEAM\dataset\E-DAIC\712_P\712_AUDIO.wav,Ellie
712_P,712,712_109,I know it and I didn't I learn to turn that around,1170.1,1174.0,D:\NCKH_DATATEAM\dataset\E-DAIC\712_P\712_AUDIO.wav,Participant
712_P,712,712_110,very good,1184.0,1184.6,D:\NCKH_DATATEAM\dataset\E-DAIC\712_P\712_AUDIO.wav,Ellie
712_P,712,712_111,thank you,1185.8,1187.4,D:\NCKH_DATATEAM\dataset\E-DAIC\712_P\712_AUDIO.wav,Participant
712_P,712,712_112,goodbye,1191.9,1192.6,D:\NCKH_DATATEAM\dataset\E-DAIC\712_P\712_AUDIO.wav,Ellie
712_P,712,712_113,Target,1208.6,1209.3,D:\NCKH_DATATEAM\dataset\E-DAIC\712_P\712_AUDIO.wav,Participant
712_P,712,712_114,sure,1211.1,1211.4,D:\NCKH_DATATEAM\dataset\E-DAIC\712_P\712_AUDIO.wav,Ellie
712_P,712,712_115,no I'm not right and not life but we,26.7,1224.0,D:\NCKH_DATATEAM\dataset\E-DAIC\712_P\712_AUDIO.wav,Participant
713_P,713,713_0,anime go ahead and start a fire camcorder recording,14.8,17.2,D:\NCKH_DATATEAM\dataset\E-DAIC\713_P\713_AUDIO.wav,Ellie
713_P,713,713_1,oh that's the one that was at the front desk,19.5,21.3,D:\NCKH_DATATEAM\dataset\E-DAIC\713_P\713_AUDIO.wav,Participant
713_P,713,713_2,it does,26.5,27.4,D:\NCKH_DATATEAM\dataset\E-DAIC\713_P\713_AUDIO.wav,Ellie
713_P,713,713_3,okay,35.9,36.5,D:\NCKH_DATATEAM\dataset\E-DAIC\713_P\713_AUDIO.wav,Participant
713_P,713,713_4,hi I'm Ellie,40.8,42.3,D:\NCKH_DATATEAM\dataset\E-DAIC\713_P\713_AUDIO.wav,Ellie
713_P,713,713_5,and please,55.8,56.6,D:\NCKH_DATATEAM\dataset\E-DAIC\713_P\713_AUDIO.wav,Participant
713_P,713,713_6,are you okay with this,64.4,65.5,D:\NCKH_DATATEAM\dataset\E-DAIC\713_P\713_AUDIO.wav,Ellie
713_P,713,713_7,okay,69.5,70.0,D:\NCKH_DATATEAM\dataset\E-DAIC\713_P\713_AUDIO.wav,Participant
713_P,713,713_8,so how are you doing today,72.8,74.7,D:\NCKH_DATATEAM\dataset\E-DAIC\713_P\713_AUDIO.wav,Ellie
713_P,713,713_9,I'm fine how are you,75.3,77.2,D:\NCKH_DATATEAM\dataset\E-DAIC\713_P\713_AUDIO.wav,Participant
713_P,713,713_10,Glendale,85.7,87.5,D:\NCKH_DATATEAM\dataset\E-DAIC\713_P\713_AUDIO.wav,Ellie
713_P,713,713_11,about what repeat that,97.5,99.8,D:\NCKH_DATATEAM\dataset\E-DAIC\713_P\713_AUDIO.wav,Participant
713_P,713,713_12,repeat,102.4,103.2,D:\NCKH_DATATEAM\dataset\E-DAIC\713_P\713_AUDIO.wav,Ellie
713_P,713,713_13,repeat,105.1,105.9,D:\NCKH_DATATEAM\dataset\E-DAIC\713_P\713_AUDIO.wav,Participant
713_P,713,713_14,repeat,108.5,109.3,D:\NCKH_DATATEAM\dataset\E-DAIC\713_P\713_AUDIO.wav,Ellie
713_P,713,713_15,show that La the traffic is too many people,115.3,119.2,D:\NCKH_DATATEAM\dataset\E-DAIC\713_P\713_AUDIO.wav,Participant
713_P,713,713_16,and,120.4,121.2,D:\NCKH_DATATEAM\dataset\E-DAIC\713_P\713_AUDIO.wav,Ellie
713_P,713,713_17,and it's too many people in the traffic in the air smog,123.3,127.3,D:\NCKH_DATATEAM\dataset\E-DAIC\713_P\713_AUDIO.wav,Participant
713_P,713,713_18,no not really yours today here in California,137.5,140.2,D:\NCKH_DATATEAM\dataset\E-DAIC\713_P\713_AUDIO.wav,Ellie
713_P,713,713_19,Mexico Avenue,142.2,143.8,D:\NCKH_DATATEAM\dataset\E-DAIC\713_P\713_AUDIO.wav,Participant
713_P,713,713_20,Ireland,145.4,146.4,D:\NCKH_DATATEAM\dataset\E-DAIC\713_P\713_AUDIO.wav,Ellie
713_P,713,713_21,hear it sometimes not too much like maybe way once a year,147.7,152.1,D:\NCKH_DATATEAM\dataset\E-DAIC\713_P\713_AUDIO.wav,Participant
713_P,713,713_22,why,155.6,156.0,D:\NCKH_DATATEAM\dataset\E-DAIC\713_P\713_AUDIO.wav,Ellie
713_P,713,713_23,fly,157.2,157.8,D:\NCKH_DATATEAM\dataset\E-DAIC\713_P\713_AUDIO.wav,Participant
713_P,713,713_24,for Fun,159.4,162.2,D:\NCKH_DATATEAM\dataset\E-DAIC\713_P\713_AUDIO.wav,Ellie
713_P,713,713_25,when I travel,180.6,181.7,D:\NCKH_DATATEAM\dataset\E-DAIC\713_P\713_AUDIO.wav,Participant
713_P,713,713_26,business administration,188.4,189.7,D:\NCKH_DATATEAM\dataset\E-DAIC\713_P\713_AUDIO.wav,Ellie
713_P,713,713_27,why do now I just,198.6,200.9,D:\NCKH_DATATEAM\dataset\E-DAIC\713_P\713_AUDIO.wav,Participant
713_P,713,713_28,hey look for work and kind of like,202.4,205.4,D:\NCKH_DATATEAM\dataset\E-DAIC\713_P\713_AUDIO.wav,Ellie
713_P,713,713_29,I work as a cashier at the convention center sometimes I bartend and there's just not enough work so really I get unemployment or you'll fall off,206.4,221.0,D:\NCKH_DATATEAM\dataset\E-DAIC\713_P\713_AUDIO.wav,Participant
713_P,713,713_30,and I left for work,222.7,224.5,D:\NCKH_DATATEAM\dataset\E-DAIC\713_P\713_AUDIO.wav,Ellie
713_P,713,713_31,dream job,234.7,235.7,D:\NCKH_DATATEAM\dataset\E-DAIC\713_P\713_AUDIO.wav,Participant
713_P,713,713_32,well,237.5,238.3,D:\NCKH_DATATEAM\dataset\E-DAIC\713_P\713_AUDIO.wav,Ellie
713_P,713,713_33,I don't know if,240.3,241.8,D:\NCKH_DATATEAM\dataset\E-DAIC\713_P\713_AUDIO.wav,Participant
713_P,713,713_34,I'd be happy just to work you know it is working with people,243.3,249.3,D:\NCKH_DATATEAM\dataset\E-DAIC\713_P\713_AUDIO.wav,Ellie
713_P,713,713_35,shy,260.5,261.0,D:\NCKH_DATATEAM\dataset\E-DAIC\713_P\713_AUDIO.wav,Participant
713_P,713,713_36,relationship with a family well they're all spread out so I don't,264.7,269.0,D:\NCKH_DATATEAM\dataset\E-DAIC\713_P\713_AUDIO.wav,Ellie
713_P,713,713_37,I don't get to see them very much,270.7,272.3,D:\NCKH_DATATEAM\dataset\E-DAIC\713_P\713_AUDIO.wav,Participant
713_P,713,713_38,so really I didn't like it,276.4,277.8,D:\NCKH_DATATEAM\dataset\E-DAIC\713_P\713_AUDIO.wav,Ellie
713_P,713,713_39,hey I know it's not Hawaii but it's the best I've got what do you do to relax,282.2,287.8,D:\NCKH_DATATEAM\dataset\E-DAIC\713_P\713_AUDIO.wav,Participant
713_P,713,713_40,what do I do to relax,289.7,290.9,D:\NCKH_DATATEAM\dataset\E-DAIC\713_P\713_AUDIO.wav,Ellie
713_P,713,713_41,watch t why should I,294.9,296.9,D:\NCKH_DATATEAM\dataset\E-DAIC\713_P\713_AUDIO.wav,Participant
713_P,713,713_42,TV,298.1,298.7,D:\NCKH_DATATEAM\dataset\E-DAIC\713_P\713_AUDIO.wav,Ellie
713_P,713,713_43,go to the movies,300.2,301.3,D:\NCKH_DATATEAM\dataset\E-DAIC\713_P\713_AUDIO.wav,Participant
713_P,713,713_44,over my bike is why things,304.2,306.7,D:\NCKH_DATATEAM\dataset\E-DAIC\713_P\713_AUDIO.wav,Ellie
713_P,713,713_45,Hill bowling,310.3,311.3,D:\NCKH_DATATEAM\dataset\E-DAIC\713_P\713_AUDIO.wav,Participant
713_P,713,713_46,when was the,315.6,316.2,D:\NCKH_DATATEAM\dataset\E-DAIC\713_P\713_AUDIO.wav,Ellie
713_P,713,713_47,I don't eat if you argue with anybody yet so I don't know I know,321.2,324.9,D:\NCKH_DATATEAM\dataset\E-DAIC\713_P\713_AUDIO.wav,Participant
713_P,713,713_48,tell me about a situation that you wish you would handle,331.7,334.2,D:\NCKH_DATATEAM\dataset\E-DAIC\713_P\713_AUDIO.wav,Ellie
713_P,713,713_49,oh I know I got fired from Dodger Stadium in and,342.0,348.4,D:\NCKH_DATATEAM\dataset\E-DAIC\713_P\713_AUDIO.wav,Participant
713_P,713,713_50,I'm still talking to another UPS,355.3,359.6,D:\NCKH_DATATEAM\dataset\E-DAIC\713_P\713_AUDIO.wav,Ellie
713_P,713,713_51,I got fired and I called his girl stupid and it wasn't right I think I should have hired attorney that's why I would have done it differently,363.3,371.4,D:\NCKH_DATATEAM\dataset\E-DAIC\713_P\713_AUDIO.wav,Participant
713_P,713,713_52,there's a lot of changes to didn't want the case,373.2,376.8,D:\NCKH_DATATEAM\dataset\E-DAIC\713_P\713_AUDIO.wav,Ellie
713_P,713,713_53,and I would have headed Shake is Kim looking for London,379.2,384.2,D:\NCKH_DATATEAM\dataset\E-DAIC\713_P\713_AUDIO.wav,Participant
713_P,713,713_54,Johnson attorneys it probably would have handled the case,388.7,391.3,D:\NCKH_DATATEAM\dataset\E-DAIC\713_P\713_AUDIO.wav,Ellie
713_P,713,713_55,but,392.5,393.2,D:\NCKH_DATATEAM\dataset\E-DAIC\713_P\713_AUDIO.wav,Participant
713_P,713,713_56,that's what I would do differently,394.0,395.3,D:\NCKH_DATATEAM\dataset\E-DAIC\713_P\713_AUDIO.wav,Ellie
713_P,713,713_57,what's something you feel guilty about,400.5,402.3,D:\NCKH_DATATEAM\dataset\E-DAIC\713_P\713_AUDIO.wav,Participant
713_P,713,713_58,guilty I don't feel guilty about anything,404.4,406.6,D:\NCKH_DATATEAM\dataset\E-DAIC\713_P\713_AUDIO.wav,Ellie
713_P,713,713_59,hardest decision,419.8,420.6,D:\NCKH_DATATEAM\dataset\E-DAIC\713_P\713_AUDIO.wav,Participant
713_P,713,713_60,call it new Navy deciding what I want to major in in college,424.8,430.6,D:\NCKH_DATATEAM\dataset\E-DAIC\713_P\713_AUDIO.wav,Ellie
713_P,713,713_61,have you ever serve,452.5,453.3,D:\NCKH_DATATEAM\dataset\E-DAIC\713_P\713_AUDIO.wav,Participant
713_P,713,713_62,yes,454.2,454.8,D:\NCKH_DATATEAM\dataset\E-DAIC\713_P\713_AUDIO.wav,Ellie
713_P,713,713_63,did you read my papers,457.8,459.0,D:\NCKH_DATATEAM\dataset\E-DAIC\713_P\713_AUDIO.wav,Participant
713_P,713,713_64,20,460.7,461.4,D:\NCKH_DATATEAM\dataset\E-DAIC\713_P\713_AUDIO.wav,Ellie
713_P,713,713_65,why,467.1,467.6,D:\NCKH_DATATEAM\dataset\E-DAIC\713_P\713_AUDIO.wav,Participant
713_P,713,713_66,because I wanted to be a policeman and,469.2,471.2,D:\NCKH_DATATEAM\dataset\E-DAIC\713_P\713_AUDIO.wav,Ellie
713_P,713,713_67,I wanted to be a MP,472.8,476.1,D:\NCKH_DATATEAM\dataset\E-DAIC\713_P\713_AUDIO.wav,Participant
713_P,713,713_68,and then,479.0,480.1,D:\NCKH_DATATEAM\dataset\E-DAIC\713_P\713_AUDIO.wav,Ellie
713_P,713,713_69,but,481.2,481.8,D:\NCKH_DATATEAM\dataset\E-DAIC\713_P\713_AUDIO.wav,Participant
713_P,713,713_70,you're not giving me the option to answer the question,484.3,486.4,D:\NCKH_DATATEAM\dataset\E-DAIC\713_P\713_AUDIO.wav,Ellie
713_P,713,713_71,Hawaii DMV so so there for 20 meat cuz my eyes and,488.1,496.4,D:\NCKH_DATATEAM\dataset\E-DAIC\713_P\713_AUDIO.wav,Participant
713_P,713,713_72,then when I went to MP school I got pneumonia and it put me in Corrections and I didn't want to do that,497.5,504.2,D:\NCKH_DATATEAM\dataset\E-DAIC\713_P\713_AUDIO.wav,Ellie
713_P,713,713_73,so there I was just,505.8,506.7,D:\NCKH_DATATEAM\dataset\E-DAIC\713_P\713_AUDIO.wav,Participant
713_P,713,713_74,he's a side with the answer,513.7,515.1,D:\NCKH_DATATEAM\dataset\E-DAIC\713_P\713_AUDIO.wav,Ellie
713_P,713,713_75,did you ever see combat nope nope,519.9,522.1,D:\NCKH_DATATEAM\dataset\E-DAIC\713_P\713_AUDIO.wav,Participant
713_P,713,713_76,how easy was it for you to go,533.8,535.1,D:\NCKH_DATATEAM\dataset\E-DAIC\713_P\713_AUDIO.wav,Ellie
713_P,713,713_77,busy very busy,536.9,538.0,D:\NCKH_DATATEAM\dataset\E-DAIC\713_P\713_AUDIO.wav,Participant
713_P,713,713_78,I went back to school,548.4,549.6,D:\NCKH_DATATEAM\dataset\E-DAIC\713_P\713_AUDIO.wav,Ellie
713_P,713,713_79,say I got out in October to start school in January,552.5,556.3,D:\NCKH_DATATEAM\dataset\E-DAIC\713_P\713_AUDIO.wav,Participant
713_P,713,713_80,how did serving in the military change you,562.5,564.5,D:\NCKH_DATATEAM\dataset\E-DAIC\713_P\713_AUDIO.wav,Ellie
713_P,713,713_81,I don't know but you just more disciplined you know,571.1,574.2,D:\NCKH_DATATEAM\dataset\E-DAIC\713_P\713_AUDIO.wav,Participant
713_P,713,713_82,and,576.8,577.7,D:\NCKH_DATATEAM\dataset\E-DAIC\713_P\713_AUDIO.wav,Ellie
713_P,713,713_83,how do I feel,584.1,584.9,D:\NCKH_DATATEAM\dataset\E-DAIC\713_P\713_AUDIO.wav,Participant
713_P,713,713_84,I feel depressed I can't get a job at work like what once every week 2 weeks a sign of funny for me,587.1,597.6,D:\NCKH_DATATEAM\dataset\E-DAIC\713_P\713_AUDIO.wav,Ellie
713_P,713,713_85,and I just paying my bills on a savings,598.7,602.7,D:\NCKH_DATATEAM\dataset\E-DAIC\713_P\713_AUDIO.wav,Participant
713_P,713,713_86,and unemployment doesn't cut it,604.5,606.4,D:\NCKH_DATATEAM\dataset\E-DAIC\713_P\713_AUDIO.wav,Ellie
713_P,713,713_87,have you noticed any change,611.3,612.6,D:\NCKH_DATATEAM\dataset\E-DAIC\713_P\713_AUDIO.wav,Participant
713_P,713,713_88,if I what my feet,615.0,616.7,D:\NCKH_DATATEAM\dataset\E-DAIC\713_P\713_AUDIO.wav,Ellie
713_P,713,713_89,what was that question,618.8,619.6,D:\NCKH_DATATEAM\dataset\E-DAIC\713_P\713_AUDIO.wav,Participant
713_P,713,713_90,can you tell me about that,623.7,624.7,D:\NCKH_DATATEAM\dataset\E-DAIC\713_P\713_AUDIO.wav,Ellie
713_P,713,713_91,about what AAU I hear the question,625.5,628.2,D:\NCKH_DATATEAM\dataset\E-DAIC\713_P\713_AUDIO.wav,Participant
713_P,713,713_92,how easy is it for you to get a good night sleep well very easy,632.6,636.2,D:\NCKH_DATATEAM\dataset\E-DAIC\713_P\713_AUDIO.wav,Ellie
713_P,713,713_93,no problem,638.0,639.3,D:\NCKH_DATATEAM\dataset\E-DAIC\713_P\713_AUDIO.wav,Participant
713_P,713,713_94,what are you,643.6,644.1,D:\NCKH_DATATEAM\dataset\E-DAIC\713_P\713_AUDIO.wav,Ellie
713_P,713,713_95,why is it I don't know cuz that's not a problem,647.8,650.8,D:\NCKH_DATATEAM\dataset\E-DAIC\713_P\713_AUDIO.wav,Participant
713_P,713,713_96,have you been diagnosed,667.6,668.4,D:\NCKH_DATATEAM\dataset\E-DAIC\713_P\713_AUDIO.wav,Ellie
713_P,713,713_97,no,670.2,670.6,D:\NCKH_DATATEAM\dataset\E-DAIC\713_P\713_AUDIO.wav,Participant
713_P,713,713_98,when is the last,677.7,678.5,D:\NCKH_DATATEAM\dataset\E-DAIC\713_P\713_AUDIO.wav,Ellie
713_P,713,713_99,oh,683.6,683.9,D:\NCKH_DATATEAM\dataset\E-DAIC\713_P\713_AUDIO.wav,Participant
713_P,713,713_100,nice ass that's August,685.4,687.3,D:\NCKH_DATATEAM\dataset\E-DAIC\713_P\713_AUDIO.wav,Ellie
713_P,713,713_101,AutoZone in Puerto Vallarta,693.7,695.1,D:\NCKH_DATATEAM\dataset\E-DAIC\713_P\713_AUDIO.wav,Participant
713_P,713,713_102,Subway has been a positive influence,703.3,705.0,D:\NCKH_DATATEAM\dataset\E-DAIC\713_P\713_AUDIO.wav,Ellie
713_P,713,713_103,I didn't I don't know,707.5,708.8,D:\NCKH_DATATEAM\dataset\E-DAIC\713_P\713_AUDIO.wav,Participant
713_P,713,713_104,that I don't know,717.0,718.1,D:\NCKH_DATATEAM\dataset\E-DAIC\713_P\713_AUDIO.wav,Ellie
713_P,713,713_105,stubborn,731.1,732.2,D:\NCKH_DATATEAM\dataset\E-DAIC\713_P\713_AUDIO.wav,Participant
713_P,713,713_106,what are you most proud of,741.5,742.6,D:\NCKH_DATATEAM\dataset\E-DAIC\713_P\713_AUDIO.wav,Ellie
713_P,713,713_107,I guess,745.6,746.8,D:\NCKH_DATATEAM\dataset\E-DAIC\713_P\713_AUDIO.wav,Participant
713_P,713,713_108,going to college graduating,749.0,751.8,D:\NCKH_DATATEAM\dataset\E-DAIC\713_P\713_AUDIO.wav,Ellie
713_P,713,713_109,hi,763.1,763.6,D:\NCKH_DATATEAM\dataset\E-DAIC\713_P\713_AUDIO.wav,Participant
713_P,713,713_110,sometimes let me tell you something that you couldn't understand what you were saying,14.8,789.5,D:\NCKH_DATATEAM\dataset\E-DAIC\713_P\713_AUDIO.wav,Ellie
715_P,715,715_0,okay,6.1,6.7,D:\NCKH_DATATEAM\dataset\E-DAIC\715_P\715_AUDIO.wav,Ellie
715_P,715,715_1,okay okay,21.0,21.6,D:\NCKH_DATATEAM\dataset\E-DAIC\715_P\715_AUDIO.wav,Participant
715_P,715,715_2,and once you spend just push it,24.1,25.7,D:\NCKH_DATATEAM\dataset\E-DAIC\715_P\715_AUDIO.wav,Ellie
715_P,715,715_3,and please,41.2,42.0,D:\NCKH_DATATEAM\dataset\E-DAIC\715_P\715_AUDIO.wav,Participant
715_P,715,715_4,are you okay with this yes,49.8,52.0,D:\NCKH_DATATEAM\dataset\E-DAIC\715_P\715_AUDIO.wav,Ellie
715_P,715,715_5,okay,55.7,56.2,D:\NCKH_DATATEAM\dataset\E-DAIC\715_P\715_AUDIO.wav,Participant
715_P,715,715_6,how are you doing today,59.0,60.9,D:\NCKH_DATATEAM\dataset\E-DAIC\715_P\715_AUDIO.wav,Ellie
715_P,715,715_7,so so,62.3,63.0,D:\NCKH_DATATEAM\dataset\E-DAIC\715_P\715_AUDIO.wav,Participant
715_P,715,715_8,I'm born and raised in Los Angeles California California Native,68.8,72.8,D:\NCKH_DATATEAM\dataset\E-DAIC\715_P\715_AUDIO.wav,Ellie
715_P,715,715_9,the beach,80.9,81.8,D:\NCKH_DATATEAM\dataset\E-DAIC\715_P\715_AUDIO.wav,Participant
715_P,715,715_10,the nice scenery,83.5,84.8,D:\NCKH_DATATEAM\dataset\E-DAIC\715_P\715_AUDIO.wav,Ellie
715_P,715,715_11,shopping sunlight,87.7,90.4,D:\NCKH_DATATEAM\dataset\E-DAIC\715_P\715_AUDIO.wav,Participant
715_P,715,715_12,some of the people that gang violence,97.0,100.9,D:\NCKH_DATATEAM\dataset\E-DAIC\715_P\715_AUDIO.wav,Ellie
715_P,715,715_13,work ethics,105.5,106.5,D:\NCKH_DATATEAM\dataset\E-DAIC\715_P\715_AUDIO.wav,Participant
715_P,715,715_14,Forest Bend employable under different circumstances Force going to prison and things like that you know it's just really have to cut through a lot of red tape and are to get back to you noticed in the standings that you were in once before you went to prison,108.8,125.5,D:\NCKH_DATATEAM\dataset\E-DAIC\715_P\715_AUDIO.wav,Ellie
715_P,715,715_15,you travel a lot,133.8,134.6,D:\NCKH_DATATEAM\dataset\E-DAIC\715_P\715_AUDIO.wav,Participant
715_P,715,715_16,for the last two years I haven't been traveling because I haven't had a car but other than that I do travel locally and,136.8,147.0,D:\NCKH_DATATEAM\dataset\E-DAIC\715_P\715_AUDIO.wav,Ellie
715_P,715,715_17,I guess around here I don't travel from state-to-state I don't have that type of money yet,148.0,154.6,D:\NCKH_DATATEAM\dataset\E-DAIC\715_P\715_AUDIO.wav,Participant
715_P,715,715_18,seeing the scenery meeting different people saying you know there are different states and how their bill you know the housing and no different structures like that,160.7,173.3,D:\NCKH_DATATEAM\dataset\E-DAIC\715_P\715_AUDIO.wav,Ellie
715_P,715,715_19,I'd like to hear about,176.8,177.7,D:\NCKH_DATATEAM\dataset\E-DAIC\715_P\715_AUDIO.wav,Participant
715_P,715,715_20,well Braxton's when I went to Virginia when I was in the service,180.7,185.8,D:\NCKH_DATATEAM\dataset\E-DAIC\715_P\715_AUDIO.wav,Ellie
715_P,715,715_21,I like to going to Petersburg and Richmond it was nice there the people in The Shopping Bag then in those days things were a lot cheaper,187.1,197.5,D:\NCKH_DATATEAM\dataset\E-DAIC\715_P\715_AUDIO.wav,Participant
715_P,715,715_22,hey you buy things at a reasonable price the economy was smell down there and,199.3,204.5,D:\NCKH_DATATEAM\dataset\E-DAIC\715_P\715_AUDIO.wav,Ellie
715_P,715,715_23,everything was reasonable,205.6,207.1,D:\NCKH_DATATEAM\dataset\E-DAIC\715_P\715_AUDIO.wav,Participant
715_P,715,715_24,I enjoyed being on the Army grounds when I was in Virginia. I really enjoy that,217.9,224.7,D:\NCKH_DATATEAM\dataset\E-DAIC\715_P\715_AUDIO.wav,Ellie
715_P,715,715_25,one of my major studies was mathematics,232.0,235.8,D:\NCKH_DATATEAM\dataset\E-DAIC\715_P\715_AUDIO.wav,Participant
715_P,715,715_26,I was real good at math,236.6,238.4,D:\NCKH_DATATEAM\dataset\E-DAIC\715_P\715_AUDIO.wav,Ellie
715_P,715,715_27,besides other general you know that general education but math was one of my stronger subjects,239.5,246.3,D:\NCKH_DATATEAM\dataset\E-DAIC\715_P\715_AUDIO.wav,Participant
715_P,715,715_28,what are you doing now,249.8,250.6,D:\NCKH_DATATEAM\dataset\E-DAIC\715_P\715_AUDIO.wav,Ellie
715_P,715,715_29,I've just started to go to college today today was my first day I'm studying computers and designing,252.1,261.5,D:\NCKH_DATATEAM\dataset\E-DAIC\715_P\715_AUDIO.wav,Participant
715_P,715,715_30,I'm going to see what I can do what designer from their computers I wanted to learn computer so I can have my own computer at home and you know surf the web and the internet and all that,263.7,274.9,D:\NCKH_DATATEAM\dataset\E-DAIC\715_P\715_AUDIO.wav,Ellie
715_P,715,715_31,what's your dream job,281.8,282.8,D:\NCKH_DATATEAM\dataset\E-DAIC\715_P\715_AUDIO.wav,Participant
715_P,715,715_32,well I'm disabled now I have a severe back damage I have a for degenerating discs in my back I don't think I'll be able to go back to work anytime soon so if I could do anything with my hands as I mentioned before by designing clothes or something like that I may be able to do that you know what I mean put something on the market,284.8,309.4,D:\NCKH_DATATEAM\dataset\E-DAIC\715_P\715_AUDIO.wav,Ellie
715_P,715,715_33,you consider yourself more shy or outgoing,313.7,316.2,D:\NCKH_DATATEAM\dataset\E-DAIC\715_P\715_AUDIO.wav,Participant
715_P,715,715_34,I'm outgoing person,317.5,318.7,D:\NCKH_DATATEAM\dataset\E-DAIC\715_P\715_AUDIO.wav,Ellie
715_P,715,715_35,I have a good relationship with my family is for my mother and sisters and have Uncle left you know my cousin's we all we all get along good everybody lives in life you know we have a tendency to you know staying ourselves and get together every now and then you know when it's time for us to get together family reunions and things like that,325.5,346.2,D:\NCKH_DATATEAM\dataset\E-DAIC\715_P\715_AUDIO.wav,Participant
715_P,715,715_36,sometimes when I'm feeling 10,351.3,353.1,D:\NCKH_DATATEAM\dataset\E-DAIC\715_P\715_AUDIO.wav,Ellie
715_P,715,715_37,I know it's not Hawaii,356.4,358.0,D:\NCKH_DATATEAM\dataset\E-DAIC\715_P\715_AUDIO.wav,Participant
715_P,715,715_38,watch a lot of Television I like westerns in different movies like that talk to a lady friends,364.0,371.9,D:\NCKH_DATATEAM\dataset\E-DAIC\715_P\715_AUDIO.wav,Ellie
715_P,715,715_39,things like that,374.3,375.1,D:\NCKH_DATATEAM\dataset\E-DAIC\715_P\715_AUDIO.wav,Participant
715_P,715,715_40,very good,381.7,382.4,D:\NCKH_DATATEAM\dataset\E-DAIC\715_P\715_AUDIO.wav,Ellie
715_P,715,715_41,real good at controlling my temper,384.2,385.7,D:\NCKH_DATATEAM\dataset\E-DAIC\715_P\715_AUDIO.wav,Participant
715_P,715,715_42,Gap Tennessee to take a lot and then you know,387.5,390.1,D:\NCKH_DATATEAM\dataset\E-DAIC\715_P\715_AUDIO.wav,Ellie
715_P,715,715_43,something bothers me. Something that happened in the past and you know I get some alcohol at me and kind of you know I had to get that out you know,391.6,402.1,D:\NCKH_DATATEAM\dataset\E-DAIC\715_P\715_AUDIO.wav,Participant
715_P,715,715_44,key from exploding,403.5,405.2,D:\NCKH_DATATEAM\dataset\E-DAIC\715_P\715_AUDIO.wav,Ellie
715_P,715,715_45,and I busted something you know,406.2,408.1,D:\NCKH_DATATEAM\dataset\E-DAIC\715_P\715_AUDIO.wav,Participant
715_P,715,715_46,when was the last time,411.8,412.9,D:\NCKH_DATATEAM\dataset\E-DAIC\715_P\715_AUDIO.wav,Ellie
715_P,715,715_47,Target about cleaning up the barracks the shelter that I'm in now,419.8,425.2,D:\NCKH_DATATEAM\dataset\E-DAIC\715_P\715_AUDIO.wav,Participant
715_P,715,715_48,Jeff,426.9,427.4,D:\NCKH_DATATEAM\dataset\E-DAIC\715_P\715_AUDIO.wav,Ellie
715_P,715,715_49,a serviceman that are in the Bears and they don't want to clean up behind ourselves then it got in a big argument with one of the,428.8,436.1,D:\NCKH_DATATEAM\dataset\E-DAIC\715_P\715_AUDIO.wav,Participant
715_P,715,715_50,ask one of the veterans about that,437.1,439.7,D:\NCKH_DATATEAM\dataset\E-DAIC\715_P\715_AUDIO.wav,Ellie
715_P,715,715_51,well,455.3,456.0,D:\NCKH_DATATEAM\dataset\E-DAIC\715_P\715_AUDIO.wav,Participant
715_P,715,715_52,I kind of,457.1,458.2,D:\NCKH_DATATEAM\dataset\E-DAIC\715_P\715_AUDIO.wav,Ellie
715_P,715,715_53,had it out with one of the staff members there ain't always says something behind my back so I had to let him know,461.1,469.2,D:\NCKH_DATATEAM\dataset\E-DAIC\715_P\715_AUDIO.wav,Participant
715_P,715,715_54,where I stood at in and what he shouldn't have said I wish I would have said the words that I said to him but,470.5,476.8,D:\NCKH_DATATEAM\dataset\E-DAIC\715_P\715_AUDIO.wav,Ellie
715_P,715,715_55,what's done is done so I can't take that back,478.3,481.2,D:\NCKH_DATATEAM\dataset\E-DAIC\715_P\715_AUDIO.wav,Participant
715_P,715,715_56,okay,484.6,485.2,D:\NCKH_DATATEAM\dataset\E-DAIC\715_P\715_AUDIO.wav,Ellie
715_P,715,715_57,what's something you feel guilty about,488.6,490.4,D:\NCKH_DATATEAM\dataset\E-DAIC\715_P\715_AUDIO.wav,Participant
715_P,715,715_58,I have a lot of things I feel guilty about five things I've done in the past that I wish I hadn't done,493.0,498.8,D:\NCKH_DATATEAM\dataset\E-DAIC\715_P\715_AUDIO.wav,Ellie
715_P,715,715_59,but,500.7,501.2,D:\NCKH_DATATEAM\dataset\E-DAIC\715_P\715_AUDIO.wav,Participant
715_P,715,715_60,I can't change the past,502.5,503.8,D:\NCKH_DATATEAM\dataset\E-DAIC\715_P\715_AUDIO.wav,Ellie
715_P,715,715_61,so I have to live for today,506.1,507.4,D:\NCKH_DATATEAM\dataset\E-DAIC\715_P\715_AUDIO.wav,Participant
715_P,715,715_62,well that's that's how,518.5,519.6,D:\NCKH_DATATEAM\dataset\E-DAIC\715_P\715_AUDIO.wav,Ellie
715_P,715,715_63,I had to make a lot of hard decisions but I can tell you one that I had to make my nephew was living with me what you thought it was going to be able to stay with me for over a. Of time and I had no let him go tell him that you know you stopped you to go you have to man up and do what you have to do for yourself,520.7,539.2,D:\NCKH_DATATEAM\dataset\E-DAIC\715_P\715_AUDIO.wav,Participant
715_P,715,715_64,okay,542.6,543.1,D:\NCKH_DATATEAM\dataset\E-DAIC\715_P\715_AUDIO.wav,Ellie
715_P,715,715_65,tell me about Nevada or something that you wish you could erase from me,546.2,549.8,D:\NCKH_DATATEAM\dataset\E-DAIC\715_P\715_AUDIO.wav,Participant
715_P,715,715_66,although whole lot of things I wish I could erase my memory,551.1,555.1,D:\NCKH_DATATEAM\dataset\E-DAIC\715_P\715_AUDIO.wav,Ellie
715_P,715,715_67,one thing I,558.3,560.6,D:\NCKH_DATATEAM\dataset\E-DAIC\715_P\715_AUDIO.wav,Participant
715_P,715,715_68,Sam being whipped for the extension cord the website on my body and,561.8,569.8,D:\NCKH_DATATEAM\dataset\E-DAIC\715_P\715_AUDIO.wav,Ellie
715_P,715,715_69,a tattoo on my left forearm,572.1,573.6,D:\NCKH_DATATEAM\dataset\E-DAIC\715_P\715_AUDIO.wav,Participant
715_P,715,715_70,that's going to be there in until I die or have it removed,575.1,579.9,D:\NCKH_DATATEAM\dataset\E-DAIC\715_P\715_AUDIO.wav,Ellie
715_P,715,715_71,man it is show so it's got to be there,581.5,583.7,D:\NCKH_DATATEAM\dataset\E-DAIC\715_P\715_AUDIO.wav,Participant
715_P,715,715_72,have you ever served in the military yes,587.7,590.1,D:\NCKH_DATATEAM\dataset\E-DAIC\715_P\715_AUDIO.wav,Ellie
715_P,715,715_73,yes I have,592.7,593.7,D:\NCKH_DATATEAM\dataset\E-DAIC\715_P\715_AUDIO.wav,Participant
715_P,715,715_74,19,599.1,600.0,D:\NCKH_DATATEAM\dataset\E-DAIC\715_P\715_AUDIO.wav,Ellie
715_P,715,715_75,I grew up yes yes I'm happy I did I had grew up and become you know a young man it was time for me to get out and start making my own way for myself,608.2,618.5,D:\NCKH_DATATEAM\dataset\E-DAIC\715_P\715_AUDIO.wav,Participant
715_P,715,715_76,did you ever see,626.0,626.6,D:\NCKH_DATATEAM\dataset\E-DAIC\715_P\715_AUDIO.wav,Ellie
715_P,715,715_77,no no I just got in at the end of the Vietnam War which I try to go in while I was still happening but I was too young and it will let me go in,627.9,639.9,D:\NCKH_DATATEAM\dataset\E-DAIC\715_P\715_AUDIO.wav,Participant
715_P,715,715_78,how easy was it for you to go,647.0,648.3,D:\NCKH_DATATEAM\dataset\E-DAIC\715_P\715_AUDIO.wav,Ellie
715_P,715,715_79,I really didn't have that much of a problem adjusting to it but I really missed being in the military you know as far as being an active-duty I wish I would have stayed in there instead of coming back,655.2,670.4,D:\NCKH_DATATEAM\dataset\E-DAIC\715_P\715_AUDIO.wav,Participant
715_P,715,715_80,home so quick,671.5,672.9,D:\NCKH_DATATEAM\dataset\E-DAIC\715_P\715_AUDIO.wav,Ellie
715_P,715,715_81,you know but Bobby being married I came back to my wife and,674.6,679.8,D:\NCKH_DATATEAM\dataset\E-DAIC\715_P\715_AUDIO.wav,Participant
715_P,715,715_82,my marriage didn't last long song,681.6,683.5,D:\NCKH_DATATEAM\dataset\E-DAIC\715_P\715_AUDIO.wav,Ellie
715_P,715,715_83,and miss me up,684.6,685.6,D:\NCKH_DATATEAM\dataset\E-DAIC\715_P\715_AUDIO.wav,Participant
715_P,715,715_84,so I just had to spin the wheels for a while,686.7,690.9,D:\NCKH_DATATEAM\dataset\E-DAIC\715_P\715_AUDIO.wav,Ellie
715_P,715,715_85,went to work,700.6,702.0,D:\NCKH_DATATEAM\dataset\E-DAIC\715_P\715_AUDIO.wav,Participant
715_P,715,715_86,I worked at the Naval Shipyard I worked as a mechanic and I work doing construction work,703.1,713.3,D:\NCKH_DATATEAM\dataset\E-DAIC\715_P\715_AUDIO.wav,Ellie
715_P,715,715_87,and also Parks and Recreation,718.5,720.6,D:\NCKH_DATATEAM\dataset\E-DAIC\715_P\715_AUDIO.wav,Participant
715_P,715,715_88,what a gave me a different outlook on life,727.6,729.7,D:\NCKH_DATATEAM\dataset\E-DAIC\715_P\715_AUDIO.wav,Ellie
715_P,715,715_89,as far as the things that I was doing as a Young Man,731.1,734.8,D:\NCKH_DATATEAM\dataset\E-DAIC\715_P\715_AUDIO.wav,Participant
715_P,715,715_90,I just turn me just completely around backwards go to the way you know do things right in my life instead of what I was doing hanging out in the streets drinking,736.4,748.1,D:\NCKH_DATATEAM\dataset\E-DAIC\715_P\715_AUDIO.wav,Ellie
715_P,715,715_91,no way my friends and stuff like that so that was a really big help for me,749.8,753.7,D:\NCKH_DATATEAM\dataset\E-DAIC\715_P\715_AUDIO.wav,Participant
715_P,715,715_92,living life on life's terms if that's a good enough answer living life on life's terms trying to make it day by day and stay out of the way,765.2,777.8,D:\NCKH_DATATEAM\dataset\E-DAIC\715_P\715_AUDIO.wav,Ellie
715_P,715,715_93,stay out of Harm's Way,779.3,780.5,D:\NCKH_DATATEAM\dataset\E-DAIC\715_P\715_AUDIO.wav,Participant
715_P,715,715_94,not really,791.1,791.8,D:\NCKH_DATATEAM\dataset\E-DAIC\715_P\715_AUDIO.wav,Ellie
715_P,715,715_95,not that I can think of right off the top of my head no,794.3,797.0,D:\NCKH_DATATEAM\dataset\E-DAIC\715_P\715_AUDIO.wav,Participant
715_P,715,715_96,how easy is it for you to get a good night sleep,803.7,805.7,D:\NCKH_DATATEAM\dataset\E-DAIC\715_P\715_AUDIO.wav,Ellie
715_P,715,715_97,sometimes it varies I'm a getting old,809.3,813.6,D:\NCKH_DATATEAM\dataset\E-DAIC\715_P\715_AUDIO.wav,Participant
715_P,715,715_98,three door four nights okay and then other nights I'm up and anxious waiting to go and do what I have to do the following day and and sometimes I just don't sleep I had to get up and watch television drink coffee and smoke cigarettes and think,815.2,831.9,D:\NCKH_DATATEAM\dataset\E-DAIC\715_P\715_AUDIO.wav,Ellie
715_P,715,715_99,isomalt,839.9,841.3,D:\NCKH_DATATEAM\dataset\E-DAIC\715_P\715_AUDIO.wav,Participant
715_P,715,715_100,it's some form but I didn't follow through with it you know you want to give me all the different medications and things like that I took some of her then I stop cuz you're putting me in a whole different different atmosphere,848.8,865.6,D:\NCKH_DATATEAM\dataset\E-DAIC\715_P\715_AUDIO.wav,Ellie
715_P,715,715_101,and I didn't know what brand I have left I want to keep it and use it,866.7,870.5,D:\NCKH_DATATEAM\dataset\E-DAIC\715_P\715_AUDIO.wav,Participant
715_P,715,715_102,probably like five years but more of an event like that last year pass,880.7,888.0,D:\NCKH_DATATEAM\dataset\E-DAIC\715_P\715_AUDIO.wav,Ellie
715_P,715,715_103,same different psychiatrist,889.2,891.0,D:\NCKH_DATATEAM\dataset\E-DAIC\715_P\715_AUDIO.wav,Participant
715_P,715,715_104,guess more of,899.0,900.9,D:\NCKH_DATATEAM\dataset\E-DAIC\715_P\715_AUDIO.wav,Ellie
715_P,715,715_105,more of depression and my surroundings,904.7,910.7,D:\NCKH_DATATEAM\dataset\E-DAIC\715_P\715_AUDIO.wav,Participant
715_P,715,715_106,the area that I was living in,912.7,914.5,D:\NCKH_DATATEAM\dataset\E-DAIC\715_P\715_AUDIO.wav,Ellie
715_P,715,715_107,play a big part of that,916.1,917.2,D:\NCKH_DATATEAM\dataset\E-DAIC\715_P\715_AUDIO.wav,Participant
715_P,715,715_108,well when you live around people that you know are in gangs and stuff and shooting shooting up and down the street all the time and you see four five six people get killed within a 3-mile. On your street I mean that's it is heartbreaking your your heart goes out to them people,923.5,941.5,D:\NCKH_DATATEAM\dataset\E-DAIC\715_P\715_AUDIO.wav,Ellie
715_P,715,715_109,you know when you see these people go up and down the street every day and you don't know who's who and what's what so some you have to live with me have to be on your guard at all times,942.5,951.1,D:\NCKH_DATATEAM\dataset\E-DAIC\715_P\715_AUDIO.wav,Participant
715_P,715,715_110,how do you cope with them,956.5,957.6,D:\NCKH_DATATEAM\dataset\E-DAIC\715_P\715_AUDIO.wav,Ellie
715_P,715,715_111,passing by,960.6,961.4,D:\NCKH_DATATEAM\dataset\E-DAIC\715_P\715_AUDIO.wav,Participant
715_P,715,715_112,wave keep going about your business,963.4,965.0,D:\NCKH_DATATEAM\dataset\E-DAIC\715_P\715_AUDIO.wav,Ellie
715_P,715,715_113,can you tell me about that,968.8,969.8,D:\NCKH_DATATEAM\dataset\E-DAIC\715_P\715_AUDIO.wav,Participant
715_P,715,715_114,well I really don't have her answer for because a lot of times you don't conversate with those type of people you just Pastor buys,974.1,981.6,D:\NCKH_DATATEAM\dataset\E-DAIC\715_P\715_AUDIO.wav,Ellie
715_P,715,715_115,"see, because I was",992.8,994.2,D:\NCKH_DATATEAM\dataset\E-DAIC\715_P\715_AUDIO.wav,Participant
715_P,715,715_116,had got depressed and start using alcohol and drugs,996.5,1000.7,D:\NCKH_DATATEAM\dataset\E-DAIC\715_P\715_AUDIO.wav,Ellie
715_P,715,715_117,and you know what to change my environment and also changed myself so I needed to take myself out of that situation and put myself in a different environment and start over again,1001.5,1014.3,D:\NCKH_DATATEAM\dataset\E-DAIC\715_P\715_AUDIO.wav,Participant
715_P,715,715_118,you still go to therapy now,1021.8,1023.0,D:\NCKH_DATATEAM\dataset\E-DAIC\715_P\715_AUDIO.wav,Ellie
715_P,715,715_119,I know I don't know I haven't been I haven't been to therapy since,1024.9,1031.0,D:\NCKH_DATATEAM\dataset\E-DAIC\715_P\715_AUDIO.wav,Participant
715_P,715,715_120,April of this year,1034.3,1036.9,D:\NCKH_DATATEAM\dataset\E-DAIC\715_P\715_AUDIO.wav,Ellie
715_P,715,715_121,and that was in a group setting,1043.3,1044.7,D:\NCKH_DATATEAM\dataset\E-DAIC\715_P\715_AUDIO.wav,Participant
715_P,715,715_122,yes it is,1047.1,1047.8,D:\NCKH_DATATEAM\dataset\E-DAIC\715_P\715_AUDIO.wav,Ellie
715_P,715,715_123,if you use the materials are the tools that they give you say it's very useful,1049.9,1053.9,D:\NCKH_DATATEAM\dataset\E-DAIC\715_P\715_AUDIO.wav,Participant
715_P,715,715_124,well Frances if somebody give you some advice,1060.8,1064.1,D:\NCKH_DATATEAM\dataset\E-DAIC\715_P\715_AUDIO.wav,Ellie
715_P,715,715_125,to not do it a certain thing,1066.6,1069.5,D:\NCKH_DATATEAM\dataset\E-DAIC\715_P\715_AUDIO.wav,Participant
715_P,715,715_126,and you do that certain thing was said I warned you not to do that then you're going to kick your own self in the behind so it'd be better if you,1071.2,1081.5,D:\NCKH_DATATEAM\dataset\E-DAIC\715_P\715_AUDIO.wav,Ellie
715_P,715,715_127,take the advice and not do that thing and you are you know the results and a lot of times you have traveled down that road before it's no good for you so dad in,1082.7,1093.2,D:\NCKH_DATATEAM\dataset\E-DAIC\715_P\715_AUDIO.wav,Participant
715_P,715,715_128,well been utilizing some of the material that they've given me,1104.0,1107.2,D:\NCKH_DATATEAM\dataset\E-DAIC\715_P\715_AUDIO.wav,Ellie
715_P,715,715_129,and I'll set up keep going on the roller coaster ride and I'll just leave that little part of life alone and live life on life's terms,1109.3,1116.7,D:\NCKH_DATATEAM\dataset\E-DAIC\715_P\715_AUDIO.wav,Participant
715_P,715,715_130,okay,1120.5,1121.1,D:\NCKH_DATATEAM\dataset\E-DAIC\715_P\715_AUDIO.wav,Ellie
715_P,715,715_131,when is the last time,1123.8,1124.8,D:\NCKH_DATATEAM\dataset\E-DAIC\715_P\715_AUDIO.wav,Participant
715_P,715,715_132,wow it's been a long long time since I,1129.4,1136.8,D:\NCKH_DATATEAM\dataset\E-DAIC\715_P\715_AUDIO.wav,Ellie
715_P,715,715_133,really really felt happy it's been a long time I couldn't answer that question for you,1138.4,1144.3,D:\NCKH_DATATEAM\dataset\E-DAIC\715_P\715_AUDIO.wav,Participant
715_P,715,715_134,I mean,1145.2,1145.7,D:\NCKH_DATATEAM\dataset\E-DAIC\715_P\715_AUDIO.wav,Ellie
715_P,715,715_135,I couldn't Odysseus spend years,1148.8,1151.9,D:\NCKH_DATATEAM\dataset\E-DAIC\715_P\715_AUDIO.wav,Participant
715_P,715,715_136,for me repeat the question,1159.8,1161.5,D:\NCKH_DATATEAM\dataset\E-DAIC\715_P\715_AUDIO.wav,Ellie
715_P,715,715_137,my sister is a positive influence in my life my older sister is she's a,1170.7,1175.5,D:\NCKH_DATATEAM\dataset\E-DAIC\715_P\715_AUDIO.wav,Participant
715_P,715,715_138,a real inspiration to me,1177.6,1179.3,D:\NCKH_DATATEAM\dataset\E-DAIC\715_P\715_AUDIO.wav,Ellie
715_P,715,715_139,I appreciate it,1181.6,1182.7,D:\NCKH_DATATEAM\dataset\E-DAIC\715_P\715_AUDIO.wav,Participant
715_P,715,715_140,how do your best,1185.9,1186.7,D:\NCKH_DATATEAM\dataset\E-DAIC\715_P\715_AUDIO.wav,Ellie
715_P,715,715_141,I guess you could describe me as a moderate metal type person,1191.8,1198.9,D:\NCKH_DATATEAM\dataset\E-DAIC\715_P\715_AUDIO.wav,Participant
715_P,715,715_142,I went bought me a new pair of shoes,1215.9,1217.6,D:\NCKH_DATATEAM\dataset\E-DAIC\715_P\715_AUDIO.wav,Ellie
715_P,715,715_143,data put in my storage,1219.6,1221.1,D:\NCKH_DATATEAM\dataset\E-DAIC\715_P\715_AUDIO.wav,Participant
715_P,715,715_144,I don't rain to where I am,1223.4,1225.4,D:\NCKH_DATATEAM\dataset\E-DAIC\715_P\715_AUDIO.wav,Ellie
715_P,715,715_145,when I get a chance to,1226.4,1227.7,D:\NCKH_DATATEAM\dataset\E-DAIC\715_P\715_AUDIO.wav,Participant
715_P,715,715_146,nice,1231.5,1232.2,D:\NCKH_DATATEAM\dataset\E-DAIC\715_P\715_AUDIO.wav,Ellie
715_P,715,715_147,what are you most proud of,1235.6,1236.8,D:\NCKH_DATATEAM\dataset\E-DAIC\715_P\715_AUDIO.wav,Participant
715_P,715,715_148,well started school I'm happy about that,1241.6,1244.0,D:\NCKH_DATATEAM\dataset\E-DAIC\715_P\715_AUDIO.wav,Ellie
715_P,715,715_149,I could be a big change it is going to help me down the line and I know it is so I'm looking forward to that,1248.3,1255.9,D:\NCKH_DATATEAM\dataset\E-DAIC\715_P\715_AUDIO.wav,Participant
715_P,715,715_150,big changes this is going to be very helpful in my future,1256.9,1260.6,D:\NCKH_DATATEAM\dataset\E-DAIC\715_P\715_AUDIO.wav,Ellie
715_P,715,715_151,thanks for sharing your thoughts with me you're welcome,1269.5,1272.4,D:\NCKH_DATATEAM\dataset\E-DAIC\715_P\715_AUDIO.wav,Participant
715_P,715,715_152,bye,1276.5,1276.9,D:\NCKH_DATATEAM\dataset\E-DAIC\715_P\715_AUDIO.wav,Ellie
715_P,715,715_153,I said goodbye,1291.3,1292.0,D:\NCKH_DATATEAM\dataset\E-DAIC\715_P\715_AUDIO.wav,Participant
715_P,715,715_154,okay,1296.1,1296.7,D:\NCKH_DATATEAM\dataset\E-DAIC\715_P\715_AUDIO.wav,Ellie
716_P,716,716_0,not very typical to that happen but just in case I kind of have to give you a warning so that you don't sit in here can I go in what's going on so it fits yeah I'd say 30 seconds or more,7.7,16.8,D:\NCKH_DATATEAM\dataset\E-DAIC\716_P\716_AUDIO.wav,Ellie
716_P,716,716_1,for real,40.7,41.4,D:\NCKH_DATATEAM\dataset\E-DAIC\716_P\716_AUDIO.wav,Participant
716_P,716,716_2,I'm going to go ahead and start her up okay,48.5,49.9,D:\NCKH_DATATEAM\dataset\E-DAIC\716_P\716_AUDIO.wav,Ellie
716_P,716,716_3,I'm not a therapist,62.4,63.5,D:\NCKH_DATATEAM\dataset\E-DAIC\716_P\716_AUDIO.wav,Participant
716_P,716,716_4,and please,69.5,70.3,D:\NCKH_DATATEAM\dataset\E-DAIC\716_P\716_AUDIO.wav,Ellie
716_P,716,716_5,okay,83.1,83.7,D:\NCKH_DATATEAM\dataset\E-DAIC\716_P\716_AUDIO.wav,Participant
716_P,716,716_6,how are you doing today all right,86.4,89.6,D:\NCKH_DATATEAM\dataset\E-DAIC\716_P\716_AUDIO.wav,Ellie
716_P,716,716_7,Inland Empire,94.9,95.9,D:\NCKH_DATATEAM\dataset\E-DAIC\716_P\716_AUDIO.wav,Participant
716_P,716,716_8,just got here I'm not too sure good buildings,103.0,105.6,D:\NCKH_DATATEAM\dataset\E-DAIC\716_P\716_AUDIO.wav,Ellie
716_P,716,716_9,there's a lot of people are obnoxious,116.4,119.3,D:\NCKH_DATATEAM\dataset\E-DAIC\716_P\716_AUDIO.wav,Participant
716_P,716,716_10,getting around kind of a headache but it's alright buses are pretty good,121.3,125.4,D:\NCKH_DATATEAM\dataset\E-DAIC\716_P\716_AUDIO.wav,Ellie
716_P,716,716_11,you travel a lot yes,133.3,135.2,D:\NCKH_DATATEAM\dataset\E-DAIC\716_P\716_AUDIO.wav,Participant
716_P,716,716_12,pain away,136.6,137.1,D:\NCKH_DATATEAM\dataset\E-DAIC\716_P\716_AUDIO.wav,Ellie
716_P,716,716_13,different sceneries,144.8,145.9,D:\NCKH_DATATEAM\dataset\E-DAIC\716_P\716_AUDIO.wav,Participant
716_P,716,716_14,different places different people,147.1,149.3,D:\NCKH_DATATEAM\dataset\E-DAIC\716_P\716_AUDIO.wav,Ellie
716_P,716,716_15,well,154.7,155.2,D:\NCKH_DATATEAM\dataset\E-DAIC\716_P\716_AUDIO.wav,Participant
716_P,716,716_16,going to North Carolina,158.0,159.0,D:\NCKH_DATATEAM\dataset\E-DAIC\716_P\716_AUDIO.wav,Ellie
716_P,716,716_17,man to do with military,161.8,163.4,D:\NCKH_DATATEAM\dataset\E-DAIC\716_P\716_AUDIO.wav,Participant
716_P,716,716_18,but none recently,165.3,166.0,D:\NCKH_DATATEAM\dataset\E-DAIC\716_P\716_AUDIO.wav,Ellie
716_P,716,716_19,I don't think I have one not anymore,174.3,176.4,D:\NCKH_DATATEAM\dataset\E-DAIC\716_P\716_AUDIO.wav,Participant
716_P,716,716_20,I guess going overseas,186.8,187.9,D:\NCKH_DATATEAM\dataset\E-DAIC\716_P\716_AUDIO.wav,Ellie
716_P,716,716_21,studying solar panel technology in currently studying right now,194.9,198.8,D:\NCKH_DATATEAM\dataset\E-DAIC\716_P\716_AUDIO.wav,Participant
716_P,716,716_22,student,204.3,205.0,D:\NCKH_DATATEAM\dataset\E-DAIC\716_P\716_AUDIO.wav,Ellie
716_P,716,716_23,on my own business and what I don't know yet,215.8,218.1,D:\NCKH_DATATEAM\dataset\E-DAIC\716_P\716_AUDIO.wav,Participant
716_P,716,716_24,but something looking for myself,219.1,220.5,D:\NCKH_DATATEAM\dataset\E-DAIC\716_P\716_AUDIO.wav,Ellie
716_P,716,716_25,you consider yourself more shy or outgoing,225.2,227.7,D:\NCKH_DATATEAM\dataset\E-DAIC\716_P\716_AUDIO.wav,Participant
716_P,716,716_26,both,229.2,229.8,D:\NCKH_DATATEAM\dataset\E-DAIC\716_P\716_AUDIO.wav,Ellie
716_P,716,716_27,it's not good right now I don't really talk to him,236.5,238.9,D:\NCKH_DATATEAM\dataset\E-DAIC\716_P\716_AUDIO.wav,Participant
716_P,716,716_28,certain situations came up I don't really talk to him,239.8,242.8,D:\NCKH_DATATEAM\dataset\E-DAIC\716_P\716_AUDIO.wav,Ellie
716_P,716,716_29,sometimes when I'm feeling 10,246.7,248.4,D:\NCKH_DATATEAM\dataset\E-DAIC\716_P\716_AUDIO.wav,Participant
716_P,716,716_30,I know it's not Hawaii,251.9,253.4,D:\NCKH_DATATEAM\dataset\E-DAIC\716_P\716_AUDIO.wav,Ellie
716_P,716,716_31,gym I go to the gym let us tension,260.7,263.8,D:\NCKH_DATATEAM\dataset\E-DAIC\716_P\716_AUDIO.wav,Participant
716_P,716,716_32,stress anything that I can possibly do one thing I know going to the gym,264.9,270.0,D:\NCKH_DATATEAM\dataset\E-DAIC\716_P\716_AUDIO.wav,Ellie
716_P,716,716_33,the only thing I really got right now that relieves anything that I have,270.9,274.0,D:\NCKH_DATATEAM\dataset\E-DAIC\716_P\716_AUDIO.wav,Participant
716_P,716,716_34,not sure,280.6,281.4,D:\NCKH_DATATEAM\dataset\E-DAIC\716_P\716_AUDIO.wav,Ellie
716_P,716,716_35,I can control it at times,282.5,284.8,D:\NCKH_DATATEAM\dataset\E-DAIC\716_P\716_AUDIO.wav,Participant
716_P,716,716_36,sometimes it'll get out of control,287.5,289.0,D:\NCKH_DATATEAM\dataset\E-DAIC\716_P\716_AUDIO.wav,Ellie
716_P,716,716_37,my girlfriend we are getting pretty good. It was about why I don't call her enough and when I wasn't calling her enough,292.8,302.6,D:\NCKH_DATATEAM\dataset\E-DAIC\716_P\716_AUDIO.wav,Participant
716_P,716,716_38,you got pretty bad,304.2,305.1,D:\NCKH_DATATEAM\dataset\E-DAIC\716_P\716_AUDIO.wav,Ellie
716_P,716,716_39,there's a lot of them,316.7,317.7,D:\NCKH_DATATEAM\dataset\E-DAIC\716_P\716_AUDIO.wav,Participant
716_P,716,716_40,what's something you feel guilty about,322.2,323.9,D:\NCKH_DATATEAM\dataset\E-DAIC\716_P\716_AUDIO.wav,Ellie
716_P,716,716_41,guilty,326.1,326.7,D:\NCKH_DATATEAM\dataset\E-DAIC\716_P\716_AUDIO.wav,Participant
716_P,716,716_42,there's nothing to feel guilty about,327.8,329.4,D:\NCKH_DATATEAM\dataset\E-DAIC\716_P\716_AUDIO.wav,Ellie
716_P,716,716_43,a lot of them I don't even talk about but being close to my family is one of the things that I never did and I and I and I regret that,330.9,341.4,D:\NCKH_DATATEAM\dataset\E-DAIC\716_P\716_AUDIO.wav,Participant
716_P,716,716_44,tell me about the hardest decision ever had,348.3,351.3,D:\NCKH_DATATEAM\dataset\E-DAIC\716_P\716_AUDIO.wav,Ellie
716_P,716,716_45,I said there was a lot of decision hard decision that I made but I never made them,354.3,357.8,D:\NCKH_DATATEAM\dataset\E-DAIC\716_P\716_AUDIO.wav,Participant
716_P,716,716_46,I can say what you can say I took the easy way out maybe,359.0,363.0,D:\NCKH_DATATEAM\dataset\E-DAIC\716_P\716_AUDIO.wav,Ellie
716_P,716,716_47,tell me about Nevada,369.7,370.8,D:\NCKH_DATATEAM\dataset\E-DAIC\716_P\716_AUDIO.wav,Participant
716_P,716,716_48,don't know,377.2,377.9,D:\NCKH_DATATEAM\dataset\E-DAIC\716_P\716_AUDIO.wav,Ellie
716_P,716,716_49,have you ever,384.1,384.7,D:\NCKH_DATATEAM\dataset\E-DAIC\716_P\716_AUDIO.wav,Participant
716_P,716,716_50,yes,386.0,386.5,D:\NCKH_DATATEAM\dataset\E-DAIC\716_P\716_AUDIO.wav,Ellie
716_P,716,716_51,alright then again not good,397.9,399.9,D:\NCKH_DATATEAM\dataset\E-DAIC\716_P\716_AUDIO.wav,Participant
716_P,716,716_52,it's hard to explain,407.6,408.2,D:\NCKH_DATATEAM\dataset\E-DAIC\716_P\716_AUDIO.wav,Ellie
716_P,716,716_53,don't know how to even start it,409.5,410.9,D:\NCKH_DATATEAM\dataset\E-DAIC\716_P\716_AUDIO.wav,Participant
716_P,716,716_54,UPS down depression,412.5,413.7,D:\NCKH_DATATEAM\dataset\E-DAIC\716_P\716_AUDIO.wav,Ellie
716_P,716,716_55,dealing with going back to school money,415.4,417.6,D:\NCKH_DATATEAM\dataset\E-DAIC\716_P\716_AUDIO.wav,Participant
716_P,716,716_56,I hit you can say I hit rock bottom and I'm starting my life over again,419.1,423.0,D:\NCKH_DATATEAM\dataset\E-DAIC\716_P\716_AUDIO.wav,Ellie
716_P,716,716_57,yeah that's because of no longer doing things that I ain't supposed to do,430.8,434.8,D:\NCKH_DATATEAM\dataset\E-DAIC\716_P\716_AUDIO.wav,Participant
716_P,716,716_58,but it's hard,436.0,436.6,D:\NCKH_DATATEAM\dataset\E-DAIC\716_P\716_AUDIO.wav,Ellie
716_P,716,716_59,can you tell me about that,440.3,441.3,D:\NCKH_DATATEAM\dataset\E-DAIC\716_P\716_AUDIO.wav,Participant
716_P,716,716_60,well from a previous addict,442.9,445.3,D:\NCKH_DATATEAM\dataset\E-DAIC\716_P\716_AUDIO.wav,Ellie
716_P,716,716_61,why do I get to that I don't know,446.1,447.8,D:\NCKH_DATATEAM\dataset\E-DAIC\716_P\716_AUDIO.wav,Participant
716_P,716,716_62,I'm not even to share all I know is that I was just doing the wrong things at the wrong time got me to so much trouble,449.2,454.3,D:\NCKH_DATATEAM\dataset\E-DAIC\716_P\716_AUDIO.wav,Ellie
716_P,716,716_63,now I'm starting over cuz I lost everything,456.0,458.2,D:\NCKH_DATATEAM\dataset\E-DAIC\716_P\716_AUDIO.wav,Participant
716_P,716,716_64,but I'm happy about how I'm starting now,459.2,461.7,D:\NCKH_DATATEAM\dataset\E-DAIC\716_P\716_AUDIO.wav,Ellie
716_P,716,716_65,it's slow but kind of like an adventure at the same time there's a lot of things that I'm thinking about as well a lot of things that I can't forget,462.8,470.9,D:\NCKH_DATATEAM\dataset\E-DAIC\716_P\716_AUDIO.wav,Participant
716_P,716,716_66,how easy is it for you to get a good night sleep I can't I'm under sleep meds,474.3,479.4,D:\NCKH_DATATEAM\dataset\E-DAIC\716_P\716_AUDIO.wav,Ellie
716_P,716,716_67,two types and sometimes I can't even fall asleep it'll take I can't take more than I,480.5,486.2,D:\NCKH_DATATEAM\dataset\E-DAIC\716_P\716_AUDIO.wav,Participant
716_P,716,716_68,I'm prescribed,487.1,488.2,D:\NCKH_DATATEAM\dataset\E-DAIC\716_P\716_AUDIO.wav,Ellie
716_P,716,716_69,but I have problems sleeping,489.8,491.4,D:\NCKH_DATATEAM\dataset\E-DAIC\716_P\716_AUDIO.wav,Participant
716_P,716,716_70,why,496.1,496.5,D:\NCKH_DATATEAM\dataset\E-DAIC\716_P\716_AUDIO.wav,Ellie
716_P,716,716_71,I really don't know why,499.5,500.7,D:\NCKH_DATATEAM\dataset\E-DAIC\716_P\716_AUDIO.wav,Participant
716_P,716,716_72,bad dreams,502.5,503.4,D:\NCKH_DATATEAM\dataset\E-DAIC\716_P\716_AUDIO.wav,Ellie
716_P,716,716_73,past events,504.8,505.5,D:\NCKH_DATATEAM\dataset\E-DAIC\716_P\716_AUDIO.wav,Participant
716_P,716,716_74,thoughts to keep on popping up,507.9,509.3,D:\NCKH_DATATEAM\dataset\E-DAIC\716_P\716_AUDIO.wav,Ellie
716_P,716,716_75,bad mood depression,510.4,512.6,D:\NCKH_DATATEAM\dataset\E-DAIC\716_P\716_AUDIO.wav,Participant
716_P,716,716_76,I'm not too sure,514.9,515.7,D:\NCKH_DATATEAM\dataset\E-DAIC\716_P\716_AUDIO.wav,Ellie
716_P,716,716_77,irritable on edge,524.1,526.4,D:\NCKH_DATATEAM\dataset\E-DAIC\716_P\716_AUDIO.wav,Participant
716_P,716,716_78,you can say sometimes I'll be walking around back if I'm tense from worried about something,528.0,533.8,D:\NCKH_DATATEAM\dataset\E-DAIC\716_P\716_AUDIO.wav,Ellie
716_P,716,716_79,more less worried about falling asleep when I'm sleeping,535.1,537.5,D:\NCKH_DATATEAM\dataset\E-DAIC\716_P\716_AUDIO.wav,Participant
716_P,716,716_80,I believe so yes just currently not too long ago,547.7,551.2,D:\NCKH_DATATEAM\dataset\E-DAIC\716_P\716_AUDIO.wav,Ellie
716_P,716,716_81,currently filing my claim,552.4,553.7,D:\NCKH_DATATEAM\dataset\E-DAIC\716_P\716_AUDIO.wav,Participant
716_P,716,716_82,yes that's one thing I didn't been diagnosed with for sure,562.9,566.2,D:\NCKH_DATATEAM\dataset\E-DAIC\716_P\716_AUDIO.wav,Ellie
716_P,716,716_83,I don't like it I hate it I don't know if I can pull out of it,567.2,570.1,D:\NCKH_DATATEAM\dataset\E-DAIC\716_P\716_AUDIO.wav,Participant
716_P,716,716_84,I don't even think the medication that I'm even using even helps,572.2,575.4,D:\NCKH_DATATEAM\dataset\E-DAIC\716_P\716_AUDIO.wav,Ellie
716_P,716,716_85,I'm still trying to get try different ones apparently there's enough out there that I can go through,576.5,581.5,D:\NCKH_DATATEAM\dataset\E-DAIC\716_P\716_AUDIO.wav,Participant
716_P,716,716_86,maybe more than a year ago,588.5,589.6,D:\NCKH_DATATEAM\dataset\E-DAIC\716_P\716_AUDIO.wav,Ellie
716_P,716,716_87,about a year ago for my depression,591.0,592.5,D:\NCKH_DATATEAM\dataset\E-DAIC\716_P\716_AUDIO.wav,Participant
716_P,716,716_88,isolation not really talking with anybody,598.5,601.6,D:\NCKH_DATATEAM\dataset\E-DAIC\716_P\716_AUDIO.wav,Ellie
716_P,716,716_89,I wouldn't really be so like a people person communication wasn't all time low,603.2,609.3,D:\NCKH_DATATEAM\dataset\E-DAIC\716_P\716_AUDIO.wav,Participant
716_P,716,716_90,I will be mainly staying at the house I wouldn't be going out I wouldn't be doing events or doing the things that I would like to do,611.2,619.5,D:\NCKH_DATATEAM\dataset\E-DAIC\716_P\716_AUDIO.wav,Ellie
716_P,716,716_91,none of us was alone with my addiction as well,621.6,623.8,D:\NCKH_DATATEAM\dataset\E-DAIC\716_P\716_AUDIO.wav,Participant
716_P,716,716_92,that's one thing I can't figure out is what the hell trigger though,630.5,633.2,D:\NCKH_DATATEAM\dataset\E-DAIC\716_P\716_AUDIO.wav,Ellie
716_P,716,716_93,why am I like this,634.2,635.7,D:\NCKH_DATATEAM\dataset\E-DAIC\716_P\716_AUDIO.wav,Participant
716_P,716,716_94,why am I actually doing things or did the things that I do or did,637.3,641.6,D:\NCKH_DATATEAM\dataset\E-DAIC\716_P\716_AUDIO.wav,Ellie
716_P,716,716_95,coming in Natick,643.1,644.1,D:\NCKH_DATATEAM\dataset\E-DAIC\716_P\716_AUDIO.wav,Participant
716_P,716,716_96,not communicating with my family,644.9,646.7,D:\NCKH_DATATEAM\dataset\E-DAIC\716_P\716_AUDIO.wav,Ellie
716_P,716,716_97,I wasn't I wasn't like this before,648.5,650.0,D:\NCKH_DATATEAM\dataset\E-DAIC\716_P\716_AUDIO.wav,Participant
716_P,716,716_98,how do you cope with them,655.0,656.1,D:\NCKH_DATATEAM\dataset\E-DAIC\716_P\716_AUDIO.wav,Ellie
716_P,716,716_99,I don't know,657.4,658.2,D:\NCKH_DATATEAM\dataset\E-DAIC\716_P\716_AUDIO.wav,Participant
716_P,716,716_100,the only thing I got on my side of the gym it's the one place that I know I can release a lot of tension,659.2,664.1,D:\NCKH_DATATEAM\dataset\E-DAIC\716_P\716_AUDIO.wav,Ellie
716_P,716,716_101,that one place where I know I don't have to talk to people but we're all together they're doing the same thing we're all doing the same thing and exercising and getting physically well,666.1,676.6,D:\NCKH_DATATEAM\dataset\E-DAIC\716_P\716_AUDIO.wav,Participant
716_P,716,716_102,the only place where I know that I can relax,678.7,680.4,D:\NCKH_DATATEAM\dataset\E-DAIC\716_P\716_AUDIO.wav,Ellie
716_P,716,716_103,certain events that took place,692.2,693.8,D:\NCKH_DATATEAM\dataset\E-DAIC\716_P\716_AUDIO.wav,Participant
716_P,716,716_104,I lost certain loved ones,695.2,698.7,D:\NCKH_DATATEAM\dataset\E-DAIC\716_P\716_AUDIO.wav,Ellie
716_P,716,716_105,I lost certain relation lost a relationship,699.8,702.0,D:\NCKH_DATATEAM\dataset\E-DAIC\716_P\716_AUDIO.wav,Participant
716_P,716,716_106,I don't talk to my family and I think I said that already,703.9,707.3,D:\NCKH_DATATEAM\dataset\E-DAIC\716_P\716_AUDIO.wav,Ellie
716_P,716,716_107,got in trouble with the law yeah it is,710.7,713.3,D:\NCKH_DATATEAM\dataset\E-DAIC\716_P\716_AUDIO.wav,Participant
716_P,716,716_108,you still go to therapy,717.3,718.2,D:\NCKH_DATATEAM\dataset\E-DAIC\716_P\716_AUDIO.wav,Ellie
716_P,716,716_109,yes I go to a couple of them,718.9,722.0,D:\NCKH_DATATEAM\dataset\E-DAIC\716_P\716_AUDIO.wav,Participant
716_P,716,716_110,you feel therapy in Hughesville,729.0,730.6,D:\NCKH_DATATEAM\dataset\E-DAIC\716_P\716_AUDIO.wav,Ellie
716_P,716,716_111,sometimes sometimes not depending what the the topic is,733.5,738.6,D:\NCKH_DATATEAM\dataset\E-DAIC\716_P\716_AUDIO.wav,Participant
716_P,716,716_112,or we're probably talking about the same thing over again,739.9,742.4,D:\NCKH_DATATEAM\dataset\E-DAIC\716_P\716_AUDIO.wav,Ellie
716_P,716,716_113,the changes that I've noticed maybe a little bit less stress knowing that I have a couple more skills or tools to cope with my depression PTSD,754.9,765.6,D:\NCKH_DATATEAM\dataset\E-DAIC\716_P\716_AUDIO.wav,Participant
716_P,716,716_114,not knowing when I'm going to have an outburst,768.8,772.4,D:\NCKH_DATATEAM\dataset\E-DAIC\716_P\716_AUDIO.wav,Ellie
716_P,716,716_115,controlling myself here in there,773.6,775.5,D:\NCKH_DATATEAM\dataset\E-DAIC\716_P\716_AUDIO.wav,Participant
716_P,716,716_116,but it's it's a long process also on my recovery is going to be a forever process,777.3,783.6,D:\NCKH_DATATEAM\dataset\E-DAIC\716_P\716_AUDIO.wav,Ellie
716_P,716,716_117,when I made up with my girlfriend that was what two days ago,795.4,799.0,D:\NCKH_DATATEAM\dataset\E-DAIC\716_P\716_AUDIO.wav,Participant
716_P,716,716_118,we are you and I talked about it with her and she was able to hear me out and I was able to hear her out and we fix things so that was the happiest moment so far,800.0,811.7,D:\NCKH_DATATEAM\dataset\E-DAIC\716_P\716_AUDIO.wav,Ellie
716_P,716,716_119,that's great,815.2,816.2,D:\NCKH_DATATEAM\dataset\E-DAIC\716_P\716_AUDIO.wav,Participant
716_P,716,716_120,my case managers,823.8,825.1,D:\NCKH_DATATEAM\dataset\E-DAIC\716_P\716_AUDIO.wav,Ellie
716_P,716,716_121,done to my my group sessions,826.2,830.5,D:\NCKH_DATATEAM\dataset\E-DAIC\716_P\716_AUDIO.wav,Participant
716_P,716,716_122,and my girlfriend even though it's much of a bitch she is she still good person,831.7,837.1,D:\NCKH_DATATEAM\dataset\E-DAIC\716_P\716_AUDIO.wav,Ellie
716_P,716,716_123,he asks why I have one best friend right now,844.4,846.6,D:\NCKH_DATATEAM\dataset\E-DAIC\716_P\716_AUDIO.wav,Participant
716_P,716,716_124,and it's funny that you have because now that I remember he referred me as a saint which I don't think I do that I don't think I am that but I'm sure everybody's trying to say is that I'm a good person and I'm trying to do right and I don't want to inflict harm on nobody and I just want to get myself put back together and continue on you know start a new life yeah he did tell me something like that and I do consider you my best friend pretty cool they said that,847.7,880.7,D:\NCKH_DATATEAM\dataset\E-DAIC\716_P\716_AUDIO.wav,Ellie
716_P,716,716_125,what's something you did,884.8,885.7,D:\NCKH_DATATEAM\dataset\E-DAIC\716_P\716_AUDIO.wav,Participant
716_P,716,716_126,recently what I really enjoyed,891.1,893.7,D:\NCKH_DATATEAM\dataset\E-DAIC\716_P\716_AUDIO.wav,Ellie
716_P,716,716_127,fishing I went with my friend Mikey fishing you caught a couple fish very quiet very fun,895.4,905.4,D:\NCKH_DATATEAM\dataset\E-DAIC\716_P\716_AUDIO.wav,Participant
716_P,716,716_128,kind of you got to be patient,906.9,908.6,D:\NCKH_DATATEAM\dataset\E-DAIC\716_P\716_AUDIO.wav,Ellie
716_P,716,716_129,but it is relaxing it does take the edge off no one there to talk to no one there too,909.8,916.0,D:\NCKH_DATATEAM\dataset\E-DAIC\716_P\716_AUDIO.wav,Participant
716_P,716,716_130,beer round on the open,916.9,919.0,D:\NCKH_DATATEAM\dataset\E-DAIC\716_P\716_AUDIO.wav,Ellie
716_P,716,716_131,now that's it,920.9,922.5,D:\NCKH_DATATEAM\dataset\E-DAIC\716_P\716_AUDIO.wav,Participant
716_P,716,716_132,that's yet to come,931.1,932.1,D:\NCKH_DATATEAM\dataset\E-DAIC\716_P\716_AUDIO.wav,Ellie
716_P,716,716_133,I'm waiting for,933.9,934.7,D:\NCKH_DATATEAM\dataset\E-DAIC\716_P\716_AUDIO.wav,Participant
716_P,716,716_134,thanks for sharing your thoughts,941.0,942.2,D:\NCKH_DATATEAM\dataset\E-DAIC\716_P\716_AUDIO.wav,Ellie
716_P,716,716_135,you're welcome,943.6,944.3,D:\NCKH_DATATEAM\dataset\E-DAIC\716_P\716_AUDIO.wav,Participant
716_P,716,716_136,virtual,953.9,954.6,D:\NCKH_DATATEAM\dataset\E-DAIC\716_P\716_AUDIO.wav,Ellie
716_P,716,716_137,yeah,959.7,960.1,D:\NCKH_DATATEAM\dataset\E-DAIC\716_P\716_AUDIO.wav,Participant
716_P,716,716_138,Lowe's interesting,7.7,967.7,D:\NCKH_DATATEAM\dataset\E-DAIC\716_P\716_AUDIO.wav,Ellie
717_P,717,717_0,okay if you notice that she pauses for more than about 20 30 seconds ahead and press that button it may be an indication that something's gone wrong,1.5,12.0,D:\NCKH_DATATEAM\dataset\E-DAIC\717_P\717_AUDIO.wav,Ellie
717_P,717,717_1,once again after she says goodbye go ahead and press this button and I'll come back in for you okay,41.1,45.4,D:\NCKH_DATATEAM\dataset\E-DAIC\717_P\717_AUDIO.wav,Participant
717_P,717,717_2,hi I'm Ellie thanks for coming in today,49.6,52.6,D:\NCKH_DATATEAM\dataset\E-DAIC\717_P\717_AUDIO.wav,Ellie
717_P,717,717_3,and please,64.6,65.4,D:\NCKH_DATATEAM\dataset\E-DAIC\717_P\717_AUDIO.wav,Participant
717_P,717,717_4,are you okay with this absolutely,73.2,75.7,D:\NCKH_DATATEAM\dataset\E-DAIC\717_P\717_AUDIO.wav,Ellie
717_P,717,717_5,doing good,84.9,85.5,D:\NCKH_DATATEAM\dataset\E-DAIC\717_P\717_AUDIO.wav,Participant
717_P,717,717_6,enjoying the weather,88.7,89.7,D:\NCKH_DATATEAM\dataset\E-DAIC\717_P\717_AUDIO.wav,Ellie
717_P,717,717_7,Houston Texas,91.2,92.3,D:\NCKH_DATATEAM\dataset\E-DAIC\717_P\717_AUDIO.wav,Participant
717_P,717,717_8,the weather at the beach marijuana,99.0,101.4,D:\NCKH_DATATEAM\dataset\E-DAIC\717_P\717_AUDIO.wav,Ellie
717_P,717,717_9,I can't think of nothing really,110.9,112.5,D:\NCKH_DATATEAM\dataset\E-DAIC\717_P\717_AUDIO.wav,Participant
717_P,717,717_10,no I used to I used to be a truck driver but now I'm a student at La Trade Tech so I'm home base now,122.7,129.5,D:\NCKH_DATATEAM\dataset\E-DAIC\717_P\717_AUDIO.wav,Ellie
717_P,717,717_11,what do you enjoy about,133.3,134.2,D:\NCKH_DATATEAM\dataset\E-DAIC\717_P\717_AUDIO.wav,Participant
717_P,717,717_12,Siri meeting different people,137.0,141.0,D:\NCKH_DATATEAM\dataset\E-DAIC\717_P\717_AUDIO.wav,Ellie
717_P,717,717_13,I'd like to hear,145.5,146.2,D:\NCKH_DATATEAM\dataset\E-DAIC\717_P\717_AUDIO.wav,Participant
717_P,717,717_14,an experience when I went to North Carolina being there for the weekend the atmosphere was great so different beats type lifestyle imagine where to put it up,149.9,163.6,D:\NCKH_DATATEAM\dataset\E-DAIC\717_P\717_AUDIO.wav,Ellie
717_P,717,717_15,the party life is different,165.4,167.2,D:\NCKH_DATATEAM\dataset\E-DAIC\717_P\717_AUDIO.wav,Participant
717_P,717,717_16,there's a lot of clubs over there so I mean I really had a night time during the weekend that I was there made a lot of nice people got laid,169.4,177.6,D:\NCKH_DATATEAM\dataset\E-DAIC\717_P\717_AUDIO.wav,Ellie
717_P,717,717_17,did you have a good memory,180.5,181.6,D:\NCKH_DATATEAM\dataset\E-DAIC\717_P\717_AUDIO.wav,Participant
717_P,717,717_18,my most memorable experience,189.5,191.8,D:\NCKH_DATATEAM\dataset\E-DAIC\717_P\717_AUDIO.wav,Ellie
717_P,717,717_19,I really don't know which one to pick out for you I've been a lot of places and done a lot of things and a lot of time as far as me having asthma I have an attack it's a lot of things that I do forget but overall my past has been very good,197.1,210.9,D:\NCKH_DATATEAM\dataset\E-DAIC\717_P\717_AUDIO.wav,Participant
717_P,717,717_20,diesel technology and learn how to do how to be a repair technician for like the buses diesel trucks anything is running out diesel they've taught me how to repair engines take them apart and put back together troubleshooting electrical work I'm really enjoying it because I like doing things with my hands and the thing is that they're teaching me I can use it for the rest of my life and I really is something that I can probably pass on the others so you know I really like it,220.2,250.3,D:\NCKH_DATATEAM\dataset\E-DAIC\717_P\717_AUDIO.wav,Ellie
717_P,717,717_21,what do you do now,254.4,255.2,D:\NCKH_DATATEAM\dataset\E-DAIC\717_P\717_AUDIO.wav,Participant
717_P,717,717_22,all right now leave the time I ride my bike a lot going to do some parts of LA a lot of time to go to the beach I like Venice and Santa Monica Beach a lot,256.4,266.1,D:\NCKH_DATATEAM\dataset\E-DAIC\717_P\717_AUDIO.wav,Ellie
717_P,717,717_23,just Ashley just seeing this country and not the country but the city has a lot of places I haven't been I don't have a driver's license but just being able to ride my bike and go over the freedom to go where I want to I really love that,268.3,282.6,D:\NCKH_DATATEAM\dataset\E-DAIC\717_P\717_AUDIO.wav,Participant
717_P,717,717_24,all right,286.3,286.9,D:\NCKH_DATATEAM\dataset\E-DAIC\717_P\717_AUDIO.wav,Ellie
717_P,717,717_25,what's your dream job,289.4,290.4,D:\NCKH_DATATEAM\dataset\E-DAIC\717_P\717_AUDIO.wav,Participant
717_P,717,717_26,my dream job,292.1,293.1,D:\NCKH_DATATEAM\dataset\E-DAIC\717_P\717_AUDIO.wav,Ellie
717_P,717,717_27,motorcycle racing riding a motorcycle Superbike racing that's my dream job,295.4,300.2,D:\NCKH_DATATEAM\dataset\E-DAIC\717_P\717_AUDIO.wav,Participant
717_P,717,717_28,me and my family with distant I'm in touch with my dad but as far as cousins and my mom we don't talk,314.7,323.0,D:\NCKH_DATATEAM\dataset\E-DAIC\717_P\717_AUDIO.wav,Ellie
717_P,717,717_29,sometimes when I'm feeling,326.8,328.1,D:\NCKH_DATATEAM\dataset\E-DAIC\717_P\717_AUDIO.wav,Participant
717_P,717,717_30,what is the fastest guy,333.9,335.2,D:\NCKH_DATATEAM\dataset\E-DAIC\717_P\717_AUDIO.wav,Ellie
717_P,717,717_31,what do you do,336.5,337.3,D:\NCKH_DATATEAM\dataset\E-DAIC\717_P\717_AUDIO.wav,Participant
717_P,717,717_32,smoke some weed and go to sleep,338.6,340.1,D:\NCKH_DATATEAM\dataset\E-DAIC\717_P\717_AUDIO.wav,Ellie
717_P,717,717_33,my zodiac sign is a Taurus so,346.4,348.9,D:\NCKH_DATATEAM\dataset\E-DAIC\717_P\717_AUDIO.wav,Participant
717_P,717,717_34,it takes a lot to make me angry but if it's something that I know is someone that done something wrong I just simply try to tell them about it to correct them but being physical I tried not to get into that but you know you got people out there to really don't care about your feelings so sometimes I ain't walking away not dealing with him anymore,351.7,373.1,D:\NCKH_DATATEAM\dataset\E-DAIC\717_P\717_AUDIO.wav,Ellie
717_P,717,717_35,when was the,377.4,378.0,D:\NCKH_DATATEAM\dataset\E-DAIC\717_P\717_AUDIO.wav,Participant
717_P,717,717_36,I'm going through a divorce I just experienced a domestic violence incident where me and her got nervous about who's going to clean the house so I took it upon myself to I punched in the shoulder and call the police on myself if I'm two days in jail I can order the home has been since January or right now I'm working on my divorce,382.4,402.4,D:\NCKH_DATATEAM\dataset\E-DAIC\717_P\717_AUDIO.wav,Ellie
717_P,717,717_37,I wish the best for her and the family meeting is no hard feelings about it you know,408.4,412.2,D:\NCKH_DATATEAM\dataset\E-DAIC\717_P\717_AUDIO.wav,Participant
717_P,717,717_38,and at home if they have an apartment now on they're doing good but I feel that she should have been more friendly about the way we broke up because she changed the locks on the apartment and I didn't get a chance to get any of my like my tools and put paperwork birth certificate and whatnot she still has that but you know I feel like they to pick my life up and continue on you know I don't wish nothing bad about her hopefully she's happy I know that she's with the baby's daddy's come from Louisiana he's staying with her now and you know it is,413.7,444.0,D:\NCKH_DATATEAM\dataset\E-DAIC\717_P\717_AUDIO.wav,Ellie
717_P,717,717_39,how would I put it I'm not mad about it I'm more hurt the hurt feeling this what it is,445.8,450.7,D:\NCKH_DATATEAM\dataset\E-DAIC\717_P\717_AUDIO.wav,Participant
717_P,717,717_40,I just did I wouldn't have got physical with her I felt it there was going this way so I called myself being away from the home a lot and she kind of noticed it but yeah he got me the convinced that you know me being a husband or you know a father figure that I'm supposed to be spending more time with the family so they can I change my perspective but when I done that my daddy call it putting all my ducks in the basket where she's got my social security number you know my information everything I just open myself up to her which have fell today you know it was a waste of time is a bad move but you know,458.6,501.1,D:\NCKH_DATATEAM\dataset\E-DAIC\717_P\717_AUDIO.wav,Ellie
717_P,717,717_41,Life Goes On,502.0,502.8,D:\NCKH_DATATEAM\dataset\E-DAIC\717_P\717_AUDIO.wav,Participant
717_P,717,717_42,you feeling,513.7,514.5,D:\NCKH_DATATEAM\dataset\E-DAIC\717_P\717_AUDIO.wav,Ellie
717_P,717,717_43,I mean guilt come from doing stuff that you know you shouldn't have done,517.6,521.5,D:\NCKH_DATATEAM\dataset\E-DAIC\717_P\717_AUDIO.wav,Participant
717_P,717,717_44,oh I don't do that in life I don't steal I mean live by the Bible so guilt I don't have that,522.7,530.4,D:\NCKH_DATATEAM\dataset\E-DAIC\717_P\717_AUDIO.wav,Ellie
717_P,717,717_45,Harley decision,542.3,543.7,D:\NCKH_DATATEAM\dataset\E-DAIC\717_P\717_AUDIO.wav,Participant
717_P,717,717_46,I just made the decision that actually out of a reaction in a sense it's not hard for me to make a decision that's not like me,544.7,553.4,D:\NCKH_DATATEAM\dataset\E-DAIC\717_P\717_AUDIO.wav,Ellie
717_P,717,717_47,tell me about Nevada,557.7,558.9,D:\NCKH_DATATEAM\dataset\E-DAIC\717_P\717_AUDIO.wav,Participant
717_P,717,717_48,dealing with women their best of the wrong women,565.1,568.0,D:\NCKH_DATATEAM\dataset\E-DAIC\717_P\717_AUDIO.wav,Ellie
717_P,717,717_49,I know it in the future that you know women are different that the ones who have done such is that individual is not an all-woman type thing but,572.1,582.2,D:\NCKH_DATATEAM\dataset\E-DAIC\717_P\717_AUDIO.wav,Participant
717_P,717,717_50,right now in my life I just need the right one,583.9,587.5,D:\NCKH_DATATEAM\dataset\E-DAIC\717_P\717_AUDIO.wav,Ellie
717_P,717,717_51,I don't like being by myself I felt that me being married would alleviate that but I married the wrong one evidently hopefully that if I decide to take that step again that it be the right one this time because you don't you know you're getting old and time than went by and you can't bring that back,590.2,608.6,D:\NCKH_DATATEAM\dataset\E-DAIC\717_P\717_AUDIO.wav,Participant
717_P,717,717_52,yes I'm a veteran,617.3,618.8,D:\NCKH_DATATEAM\dataset\E-DAIC\717_P\717_AUDIO.wav,Ellie
717_P,717,717_53,okay,622.1,622.6,D:\NCKH_DATATEAM\dataset\E-DAIC\717_P\717_AUDIO.wav,Participant
717_P,717,717_54,how have you been feeling lately,625.2,626.4,D:\NCKH_DATATEAM\dataset\E-DAIC\717_P\717_AUDIO.wav,Ellie
717_P,717,717_55,how I feel,631.4,632.3,D:\NCKH_DATATEAM\dataset\E-DAIC\717_P\717_AUDIO.wav,Participant
717_P,717,717_56,I never thought about it but me I feel good I mean I'm healthy I'm just glad you know you my freedom maybe in Black you really think about the fact of your other race being locked up a lot of history and I feel that me I'm doing good,634.3,651.9,D:\NCKH_DATATEAM\dataset\E-DAIC\717_P\717_AUDIO.wav,Ellie
717_P,717,717_57,so you know to me I'm happy about life,652.9,655.6,D:\NCKH_DATATEAM\dataset\E-DAIC\717_P\717_AUDIO.wav,Participant
717_P,717,717_58,my association with women is different,664.6,666.7,D:\NCKH_DATATEAM\dataset\E-DAIC\717_P\717_AUDIO.wav,Ellie
717_P,717,717_59,I don't like whole conversation with women that don't know like I used to it's hard for me to like how you say start a relationship or friendship rather with a female now when it comes to men I'm not gay and I don't do gay things so we don't get that out of the way but as far as me and you know I don't have friends but when it comes to being advice you know I experienced that a lot of God few students classmates rather that kind of like leaning toward me when it comes to how would you say me helping them and I kind of like get in trouble for that so I guess you would say of me being outgoing I rather think about other people more than myself,667.6,715.2,D:\NCKH_DATATEAM\dataset\E-DAIC\717_P\717_AUDIO.wav,Participant
717_P,717,717_60,my dad told me it's time for me to start thinking about me so I'm trying to get my mind into that frame where you know I'm just concentrating on better in life for myself now,716.4,726.8,D:\NCKH_DATATEAM\dataset\E-DAIC\717_P\717_AUDIO.wav,Ellie
717_P,717,717_61,how easy is it for you to get a good night sleep,734.3,736.3,D:\NCKH_DATATEAM\dataset\E-DAIC\717_P\717_AUDIO.wav,Participant
717_P,717,717_62,find out what I had due to doing the day is no problem but I sometimes worry about the next day in about you know what's going to happen or how I'm going to handle it,737.9,748.8,D:\NCKH_DATATEAM\dataset\E-DAIC\717_P\717_AUDIO.wav,Ellie
717_P,717,717_63,I thought you know you sometimes get the dreaming about how thing is going to be in if it goes to the world,751.2,759.1,D:\NCKH_DATATEAM\dataset\E-DAIC\717_P\717_AUDIO.wav,Participant
717_P,717,717_64,you know the dream leads to Didion or a bad situation you'll wake up from it it's not considered a nightmare but my body I wake up,759.9,768.4,D:\NCKH_DATATEAM\dataset\E-DAIC\717_P\717_AUDIO.wav,Ellie
717_P,717,717_65,and I don't sleep well I not doing today I mean I'm not irritable,774.8,779.3,D:\NCKH_DATATEAM\dataset\E-DAIC\717_P\717_AUDIO.wav,Participant
717_P,717,717_66,emotionally unstable but I don't have problems sleeping if I sit too long in one spot and I know that I'm going to be there for more than 30 minutes I can go to sleep it's no problem for me,781.9,792.5,D:\NCKH_DATATEAM\dataset\E-DAIC\717_P\717_AUDIO.wav,Ellie
717_P,717,717_67,have you ever been diagnosed with,799.2,800.5,D:\NCKH_DATATEAM\dataset\E-DAIC\717_P\717_AUDIO.wav,Participant
717_P,717,717_68,no,802.3,802.8,D:\NCKH_DATATEAM\dataset\E-DAIC\717_P\717_AUDIO.wav,Ellie
717_P,717,717_69,have you been diagnosed,809.2,810.0,D:\NCKH_DATATEAM\dataset\E-DAIC\717_P\717_AUDIO.wav,Participant
717_P,717,717_70,no no depression,811.6,813.5,D:\NCKH_DATATEAM\dataset\E-DAIC\717_P\717_AUDIO.wav,Ellie
717_P,717,717_71,when was the last time,820.3,821.4,D:\NCKH_DATATEAM\dataset\E-DAIC\717_P\717_AUDIO.wav,Participant
717_P,717,717_72,when men the ex-wife in a kids wear at the beach,826.5,830.2,D:\NCKH_DATATEAM\dataset\E-DAIC\717_P\717_AUDIO.wav,Ellie
717_P,717,717_73,we was all having a good time,831.7,833.1,D:\NCKH_DATATEAM\dataset\E-DAIC\717_P\717_AUDIO.wav,Participant
717_P,717,717_74,positive influence,844.1,845.7,D:\NCKH_DATATEAM\dataset\E-DAIC\717_P\717_AUDIO.wav,Ellie
717_P,717,717_75,I really can't think of any way to slow down a floor that would be my daddy I mean you know he's made it to life and then made a lot of good things for people where you can sit back now and not really worried about things you know he just taking his last few days once you know one day at a time in a sense he really concerned about how I'm doing because the time of the seasons I made you know when it gets to the point where I ran into a problem I'll call him and give me advice about it and sometimes I don't do what he asked me to do or tell me to do it make you mad you know,848.5,884.2,D:\NCKH_DATATEAM\dataset\E-DAIC\717_P\717_AUDIO.wav,Participant
717_P,717,717_76,you know especially like when it comes to female so I will say my dad,887.6,892.7,D:\NCKH_DATATEAM\dataset\E-DAIC\717_P\717_AUDIO.wav,Ellie
717_P,717,717_77,my best friend my best friend I'll be there,898.4,902.8,D:\NCKH_DATATEAM\dataset\E-DAIC\717_P\717_AUDIO.wav,Participant
717_P,717,717_78,I guess,907.1,907.8,D:\NCKH_DATATEAM\dataset\E-DAIC\717_P\717_AUDIO.wav,Ellie
717_P,717,717_79,nice wait slow down,913.2,915.3,D:\NCKH_DATATEAM\dataset\E-DAIC\717_P\717_AUDIO.wav,Participant
717_P,717,717_80,it's hard to think of that kind of stuff,916.2,917.7,D:\NCKH_DATATEAM\dataset\E-DAIC\717_P\717_AUDIO.wav,Ellie
717_P,717,717_81,I really don't pay attention to it,919.5,921.1,D:\NCKH_DATATEAM\dataset\E-DAIC\717_P\717_AUDIO.wav,Participant
717_P,717,717_82,I'm most proud of,927.3,928.6,D:\NCKH_DATATEAM\dataset\E-DAIC\717_P\717_AUDIO.wav,Ellie
717_P,717,717_83,but I still have the desire to continue I'm proud of that I mean life's been good,931.2,936.4,D:\NCKH_DATATEAM\dataset\E-DAIC\717_P\717_AUDIO.wav,Participant
717_P,717,717_84,okay,947.6,948.3,D:\NCKH_DATATEAM\dataset\E-DAIC\717_P\717_AUDIO.wav,Ellie
717_P,717,717_85,goodbye to YouTube,952.3,953.8,D:\NCKH_DATATEAM\dataset\E-DAIC\717_P\717_AUDIO.wav,Participant
718_P,718,718_0,how long should this person last,4.5,6.4,D:\NCKH_DATATEAM\dataset\E-DAIC\718_P\718_AUDIO.wav,Ellie
718_P,718,718_1,okay,77.3,77.8,D:\NCKH_DATATEAM\dataset\E-DAIC\718_P\718_AUDIO.wav,Participant
718_P,718,718_2,sure,106.8,107.2,D:\NCKH_DATATEAM\dataset\E-DAIC\718_P\718_AUDIO.wav,Ellie
718_P,718,718_3,I'm doing okay it's Friday,117.0,120.1,D:\NCKH_DATATEAM\dataset\E-DAIC\718_P\718_AUDIO.wav,Participant
718_P,718,718_4,where you from,128.3,128.9,D:\NCKH_DATATEAM\dataset\E-DAIC\718_P\718_AUDIO.wav,Ellie
718_P,718,718_5,I'm originally from Alabama from the Gulf Coast born and raised,130.4,137.1,D:\NCKH_DATATEAM\dataset\E-DAIC\718_P\718_AUDIO.wav,Participant
718_P,718,718_6,if I put my glasses on her,149.0,150.3,D:\NCKH_DATATEAM\dataset\E-DAIC\718_P\718_AUDIO.wav,Ellie
718_P,718,718_7,I like the,153.6,155.6,D:\NCKH_DATATEAM\dataset\E-DAIC\718_P\718_AUDIO.wav,Participant
718_P,718,718_8,I like the weather in general it does kind of hot and sometimes it's a little overbearing but I like that you could go from the beach within an hour to the mountains with their self so that's that's pretty that's that's pretty diverse I guess I like that,157.1,178.0,D:\NCKH_DATATEAM\dataset\E-DAIC\718_P\718_AUDIO.wav,Ellie
718_P,718,718_9,I don't like the traffic it's sometimes it's just it's it's crazy and,184.5,191.5,D:\NCKH_DATATEAM\dataset\E-DAIC\718_P\718_AUDIO.wav,Participant
718_P,718,718_10,an unbearable also don't like the the weather conditions given the smog and so forth which can be a little bit if you live in the valley it's just me I was just a big Heat ball be a little bit unbearable as well,193.1,207.2,D:\NCKH_DATATEAM\dataset\E-DAIC\718_P\718_AUDIO.wav,Ellie
718_P,718,718_11,I used to travel a lot I used to when I was in the Army I lived in in Germany so I used to travel every chance I could take over every weekend I would travel throughout Germany now so much so I don't travel this much since I'm still married and so forth but I used to travel more or less more International than than anything,216.8,239.5,D:\NCKH_DATATEAM\dataset\E-DAIC\718_P\718_AUDIO.wav,Participant
718_P,718,718_12,I mostly in George's hanging out and meeting new people I also I love history so when I remember when I was in Prague I would love taking a reading about something in the context of my travels and and and and applying at to the the current meow Museum or whatever I remember when I went to South Africa when I was in Cape Town at the same thing you did you know you're reading a lot of books in the contacts and then you go and you see it and it's like well you know it's not just getting it off the internet or anything like that so I enjoy that,246.1,285.6,D:\NCKH_DATATEAM\dataset\E-DAIC\718_P\718_AUDIO.wav,Ellie
718_P,718,718_13,okay well I,293.2,296.9,D:\NCKH_DATATEAM\dataset\E-DAIC\718_P\718_AUDIO.wav,Participant
718_P,718,718_14,couple years back I was in South Africa and I was doing research for for for college until I was there working for a private Equity Firm and even before I got there at Nelson Mandela's book with 500 page biopic kind of thing in action making it to the movie but I read it and I was like you know I'm going to check this out so I went to Robben Island which was pretty cool where it was Kept For about 25-30 years and the city reminds me of San Francisco and if you're going to San Francisco but the city reminds me of San Francisco steep Bluffs right off the coast of the Indian Ocean there but I enjoyed it I had a I had a great great time taking in the sights and you get to see a lot of the Dutch Colonial stuff and you know and all that kind of just mix in,298.5,355.5,D:\NCKH_DATATEAM\dataset\E-DAIC\718_P\718_AUDIO.wav,Ellie
718_P,718,718_15,together and it's a great wine to have a lot of grape Vineyards Vineyards down in that part of the South,356.5,366.9,D:\NCKH_DATATEAM\dataset\E-DAIC\718_P\718_AUDIO.wav,Participant
718_P,718,718_16,and Cape Town or just in general are in traveling,375.2,378.6,D:\NCKH_DATATEAM\dataset\E-DAIC\718_P\718_AUDIO.wav,Ellie
718_P,718,718_17,at school I studied I studied business I studied Finance and Accounting so I,384.1,393.0,D:\NCKH_DATATEAM\dataset\E-DAIC\718_P\718_AUDIO.wav,Participant
718_P,718,718_18,I kind of had a minor in military studies are military science is what it was called and undergrad but for the most part I studied finance and in grad school I studied Finance and Accounting,395.0,404.7,D:\NCKH_DATATEAM\dataset\E-DAIC\718_P\718_AUDIO.wav,Ellie
718_P,718,718_19,I I write and I do Consulting,409.8,413.9,D:\NCKH_DATATEAM\dataset\E-DAIC\718_P\718_AUDIO.wav,Participant
718_P,718,718_20,so I do Consulting for finance so I I do about 50/50 riding and then Consultants.,414.9,425.6,D:\NCKH_DATATEAM\dataset\E-DAIC\718_P\718_AUDIO.wav,Ellie
718_P,718,718_21,my dream job is to be JJ Abrams so that's my dream job actually I would love to do just got to do something more creative flashlight but I consider is creative is is is the thing that interests me is because you get to create all these different packages and bundle them and derivatives that's no different from writing to me you know so it's the same thing so I just want to do something that's kind of creative and that's kind of aligned to just looking at new things in a different way and that's the way I've always been,434.7,478.2,D:\NCKH_DATATEAM\dataset\E-DAIC\718_P\718_AUDIO.wav,Participant
718_P,718,718_22,I'm in general Eminem Morven I'm more of an outgoing kind of guy that's just but you know I don't mind you know when I'm home I'm kind I don't turn on the TV and and do whatever I'll pick up a book and I'll read a book as opposed to you know,489.7,510.7,D:\NCKH_DATATEAM\dataset\E-DAIC\718_P\718_AUDIO.wav,Ellie
718_P,718,718_23,you watching TV or playing Xbox or whatever so that's that's me,512.1,517.3,D:\NCKH_DATATEAM\dataset\E-DAIC\718_P\718_AUDIO.wav,Participant
718_P,718,718_24,why because the other stuff doesn't seem it's interesting you know I think there's a lot of things that are really interesting and and and and and usually using your imagination and then picking up a book it's just kind of raw it's just you know Sun filter kind of thing so that's that's me,522.1,542.9,D:\NCKH_DATATEAM\dataset\E-DAIC\718_P\718_AUDIO.wav,Ellie
718_P,718,718_25,I have a great relationship with my family,550.6,553.8,D:\NCKH_DATATEAM\dataset\E-DAIC\718_P\718_AUDIO.wav,Participant
718_P,718,718_26,I,555.9,556.3,D:\NCKH_DATATEAM\dataset\E-DAIC\718_P\718_AUDIO.wav,Ellie
718_P,718,718_27,have a wife and kids I also have a family is back in Alabama and Georgia and for my immediate family we we know I have to divide my time between that my only interest in my family but we do a lot of great things that are centered around the kids my wife is moral as an East coaster so she's from New York area so we do things that are,557.7,586.7,D:\NCKH_DATATEAM\dataset\E-DAIC\718_P\718_AUDIO.wav,Participant
718_P,718,718_28,turn around her and him do things for the kids cuz the kids have interest so we I just tried to balance it and I have my stuff do some kind of last but we do have a lot of diverse interests which is great,588.1,605.2,D:\NCKH_DATATEAM\dataset\E-DAIC\718_P\718_AUDIO.wav,Ellie
718_P,718,718_29,what do I do to relax,622.2,624.4,D:\NCKH_DATATEAM\dataset\E-DAIC\718_P\718_AUDIO.wav,Participant
718_P,718,718_30,I,625.9,626.2,D:\NCKH_DATATEAM\dataset\E-DAIC\718_P\718_AUDIO.wav,Ellie
718_P,718,718_31,I would my I'd like to go,629.3,630.7,D:\NCKH_DATATEAM\dataset\E-DAIC\718_P\718_AUDIO.wav,Participant
718_P,718,718_32,I I like I think I'm pretty good at controlling my temper I'm more of a laid-back kind of guy I mean I'm that kind of guy you know I'm a little bit you know you just you know at some point you know it enough is enough but I I'm pretty I'm pretty polished and how I have done you know you know being an army been an army officer when I was in the military and going through all the cadet training and stuff you really do a lot and how they interact with management and so forth so I'm okay with track with my temper and everybody has their breaking point and what I do to relax I like to go for a walk mostly I like to be outside,632.6,676.0,D:\NCKH_DATATEAM\dataset\E-DAIC\718_P\718_AUDIO.wav,Ellie
718_P,718,718_33,I probably shan't argue with ya sure I could say I argue with my wife and it probably was about something related to the kids are the kids in money or something like that we have kid at for kids and integrate kids but but kids are a little expensive at times and then so I don't remember what it was but it was a ballet class or something like that and it wasn't necessarily free I'll put it that way and you know so we can if we had an argument about it because she was just one of those things where you know my wife you know you know you know if she if the kids has an interest and anything related to anything you say let's let's invest all of this in it and it's see what happens after while you like okay fine,689.4,746.2,D:\NCKH_DATATEAM\dataset\E-DAIC\718_P\718_AUDIO.wav,Participant
718_P,718,718_34,a situation I wish I would have handled differently,766.4,769.4,D:\NCKH_DATATEAM\dataset\E-DAIC\718_P\718_AUDIO.wav,Ellie
718_P,718,718_35,I would probably,780.2,781.1,D:\NCKH_DATATEAM\dataset\E-DAIC\718_P\718_AUDIO.wav,Participant
718_P,718,718_36,okay that's even the hardest decision I've ever had to make was when I was in the Army and I had to fire someone who has been in the service for 15 years that was pretty tough because this person went out and he had I guess made a bad decision you had a DUI and he had the family and he had people that depended on him and we had to remove them from this position and I was a junior officer at the time and I wasn't charged with with doing the firing so it's kind of weird size you know if someone you go out you have beer with there a drink with than and actually you know you got as far as first so that was hard because you know it's one of those things where are you,786.3,837.7,D:\NCKH_DATATEAM\dataset\E-DAIC\718_P\718_AUDIO.wav,Ellie
718_P,718,718_37,you really wanted things about the military at you you always hear the stories of where you shouldn't I guess been an officer you shouldn't be so involved with your peers are your subordinates and that's what the thing and it's it was true for me because I I was a cool laid-back kind of guy and and when it's time to make decisions like that their tot interpersonal because you you realize that you're affecting someone to livelihood and and that stuff,838.9,873.8,D:\NCKH_DATATEAM\dataset\E-DAIC\718_P\718_AUDIO.wav,Participant
718_P,718,718_38,tell me about,880.6,881.1,D:\NCKH_DATATEAM\dataset\E-DAIC\718_P\718_AUDIO.wav,Ellie
718_P,718,718_39,yes that's her name of her,897.8,899.7,D:\NCKH_DATATEAM\dataset\E-DAIC\718_P\718_AUDIO.wav,Participant
718_P,718,718_40,and in general I've been okay you know,910.5,913.5,D:\NCKH_DATATEAM\dataset\E-DAIC\718_P\718_AUDIO.wav,Ellie
718_P,718,718_41,not like,915.2,916.2,D:\NCKH_DATATEAM\dataset\E-DAIC\718_P\718_AUDIO.wav,Participant
718_P,718,718_42,I've been okay some days are great some days are a crappy but on average there okay now it's not so what I call swing it away,920.5,932.4,D:\NCKH_DATATEAM\dataset\E-DAIC\718_P\718_AUDIO.wav,Ellie
718_P,718,718_43,not lately I do feel,942.0,945.4,D:\NCKH_DATATEAM\dataset\E-DAIC\718_P\718_AUDIO.wav,Participant
718_P,718,718_44,that,946.7,947.4,D:\NCKH_DATATEAM\dataset\E-DAIC\718_P\718_AUDIO.wav,Ellie
718_P,718,718_45,I do feel that,949.9,950.9,D:\NCKH_DATATEAM\dataset\E-DAIC\718_P\718_AUDIO.wav,Participant
718_P,718,718_46,the older I get the older I get I'm just more like you know inpatient about certain things you know just get you know you're you know you think that when you're younger or more,953.8,965.7,D:\NCKH_DATATEAM\dataset\E-DAIC\718_P\718_AUDIO.wav,Ellie
718_P,718,718_47,impatient,968.8,970.2,D:\NCKH_DATATEAM\dataset\E-DAIC\718_P\718_AUDIO.wav,Participant
718_P,718,718_48,it's okay like I can easily is there something I said I better not as I guess I I find that,971.9,980.3,D:\NCKH_DATATEAM\dataset\E-DAIC\718_P\718_AUDIO.wav,Ellie
718_P,718,718_49,I can get a good night's sleep when,982.3,984.1,D:\NCKH_DATATEAM\dataset\E-DAIC\718_P\718_AUDIO.wav,Participant
718_P,718,718_50,when I go to bed at a certain time if I go to bed too early it's it's not good,985.9,990.0,D:\NCKH_DATATEAM\dataset\E-DAIC\718_P\718_AUDIO.wav,Ellie
718_P,718,718_51,my falculty these are not old all their I need more to become engaged throughout my day and I'm easily distracted,997.9,1007.2,D:\NCKH_DATATEAM\dataset\E-DAIC\718_P\718_AUDIO.wav,Participant
718_P,718,718_52,I have not,1017.3,1018.1,D:\NCKH_DATATEAM\dataset\E-DAIC\718_P\718_AUDIO.wav,Ellie
718_P,718,718_53,I have not,1027.5,1028.5,D:\NCKH_DATATEAM\dataset\E-DAIC\718_P\718_AUDIO.wav,Participant
718_P,718,718_54,I felt really happy I can say last weekend although I did have some down on me but I took my is my wedding anniversary and I took the wife and kids went to Disneyland and I guess it is a happiest place on Earth whatever but really young age where everything is you know you know everything is fun for them so that that makes me happy,1042.5,1072.9,D:\NCKH_DATATEAM\dataset\E-DAIC\718_P\718_AUDIO.wav,Ellie
718_P,718,718_55,my mom is been a positive influence in my life I did mention a group in Alabama group in a single-family household and she's always been encouraging and I think when they're so much discouragement around in many different package,1083.1,1101.5,D:\NCKH_DATATEAM\dataset\E-DAIC\718_P\718_AUDIO.wav,Participant
718_P,718,718_56,they have someone that supportive it's always great you know it's always good to have that in your corner because you you going to get it you going to get rejection enough so but to have someone support you and your decisions is always good,1102.5,1116.3,D:\NCKH_DATATEAM\dataset\E-DAIC\718_P\718_AUDIO.wav,Ellie
718_P,718,718_57,I think my best friend would probably say that,1123.5,1127.9,D:\NCKH_DATATEAM\dataset\E-DAIC\718_P\718_AUDIO.wav,Participant
718_P,718,718_58,I'm a hard worker have a strong work ethic that I'm generally someone who is responsible and easy-going kind of guy well-liked guy,1132.2,1148.4,D:\NCKH_DATATEAM\dataset\E-DAIC\718_P\718_AUDIO.wav,Ellie
718_P,718,718_59,something you did,1152.7,1153.5,D:\NCKH_DATATEAM\dataset\E-DAIC\718_P\718_AUDIO.wav,Participant
718_P,718,718_60,what I'm most proud of I can say that that that makes me happy you know because it's something I think that you're under appreciated sometimes but the,1171.6,1185.3,D:\NCKH_DATATEAM\dataset\E-DAIC\718_P\718_AUDIO.wav,Ellie
718_P,718,718_61,I like when my kids now my oldest kid you know wants to show me something you worked on it's cool I mean I think that's great and he's eight and then it's just great and it's good because one day he's going to grow up and he's going to have a kid of his owner of a family of his own and so you know I I think the best thing I can do is give him that example of what it's like to be a dad and to be responsible that's something I never I never had I never saw so I'm kind of it's not like I have a textbook to go back in reference or anything but I think you know it makes me proud because you have little Minds that you're shaping you know a little people that that see what you're doing and and and that kind of want to be like you so that's kind of cool,1186.6,1238.6,D:\NCKH_DATATEAM\dataset\E-DAIC\718_P\718_AUDIO.wav,Participant
718_P,718,718_62,you're welcome,1248.2,1248.9,D:\NCKH_DATATEAM\dataset\E-DAIC\718_P\718_AUDIO.wav,Ellie
718_P,718,718_63,goodbye,1252.8,1253.3,D:\NCKH_DATATEAM\dataset\E-DAIC\718_P\718_AUDIO.wav,Participant
718_P,718,718_64,okay,1273.2,1273.7,D:\NCKH_DATATEAM\dataset\E-DAIC\718_P\718_AUDIO.wav,Ellie
